NO_LAPORAN,TGL_LAPORAN,MO,MO_clean,MO_casefold,MO_normalized,MO_tokens,MO_stopwords,MO_tokens_stemmed,MO_final_text
LP/B/01/I/2021/Kalbar/Res Mpw/Sek Sui Pinyuh,1 Januari 2021,"Pelaku merasa tersinggung dengan tatapan korban saat berpapasan di jalan, lalu memukul wajah korban dengan tangan kosong.",Pelaku merasa tersinggung dengan tatapan korban saat berpapasan di jalan lalu memukul wajah korban dengan tangan kosong,pelaku merasa tersinggung dengan tatapan korban saat berpapasan di jalan lalu memukul wajah korban dengan tangan kosong,pelaku merasa tersinggung dengan tatapan korban saat berpapasan di jalan lalu memukul wajah korban dengan tangan kosong,"['pelaku', 'merasa', 'tersinggung', 'dengan', 'tatapan', 'korban', 'saat', 'berpapasan', 'di', 'jalan', 'lalu', 'memukul', 'wajah', 'korban', 'dengan', 'tangan', 'kosong']","['pelaku', 'tersinggung', 'tatapan', 'korban', 'berpapasan', 'jalan', 'memukul', 'wajah', 'korban', 'tangan', 'kosong']","['pelaku', 'singgung', 'tatap', 'korban', 'papas', 'jalan', 'pukul', 'wajah', 'korban', 'tangan', 'kosong']",pelaku singgung tatap korban papas jalan pukul wajah korban tangan kosong
LP/B/02/I/2021/Kalbar/Res Mpw/Sek Sui Pinyuh,1 Januari 2021,"Pelaku berpura-pura menjadi tamu/pembeli, saat korban lengah pelaku membawa lari motor korban.",Pelaku berpura pura menjadi tamu pembeli saat korban lengah pelaku membawa lari motor korban,pelaku berpura pura menjadi tamu pembeli saat korban lengah pelaku membawa lari motor korban,pelaku berpura pura menjadi tamu pembeli saat korban lengah pelaku membawa lari motor korban,"['pelaku', 'berpura', 'pura', 'menjadi', 'tamu', 'pembeli', 'saat', 'korban', 'lengah', 'pelaku', 'membawa', 'lari', 'motor', 'korban']","['pelaku', 'berpura', 'pura', 'tamu', 'pembeli', 'korban', 'lengah', 'pelaku', 'membawa', 'lari', 'motor', 'korban']","['pelaku', 'pura', 'pura', 'tamu', 'pembeli', 'korban', 'lengah', 'pelaku', 'bawa', 'lari', 'motor', 'korban']",pelaku pura pura tamu pembeli korban lengah pelaku bawa lari motor korban
LP/B/03/I/2021/Kalbar/Res Mpw/Sek Sui Pinyuh,4 Januari 2021,"Pelaku berpura-pura menjadi tamu/pembeli, saat korban lengah pelaku menguras isi laci kasir.",Pelaku berpura pura menjadi tamu pembeli saat korban lengah pelaku menguras isi laci kasir,pelaku berpura pura menjadi tamu pembeli saat korban lengah pelaku menguras isi laci kasir,pelaku berpura pura menjadi tamu pembeli saat korban lengah pelaku menguras isi laci kasir,"['pelaku', 'berpura', 'pura', 'menjadi', 'tamu', 'pembeli', 'saat', 'korban', 'lengah', 'pelaku', 'menguras', 'isi', 'laci', 'kasir']","['pelaku', 'berpura', 'pura', 'tamu', 'pembeli', 'korban', 'lengah', 'pelaku', 'menguras', 'isi', 'laci', 'kasir']","['pelaku', 'pura', 'pura', 'tamu', 'pembeli', 'korban', 'lengah', 'pelaku', 'menguras', 'isi', 'laci', 'kasir']",pelaku pura pura tamu pembeli korban lengah pelaku menguras isi laci kasir
LP/B/04/I/2021/Kalbar/Res Mpw/Sek Sui Pinyuh,5 Januari 2021,"Petugas mencurigai gerak-gerik pelaku di pinggir jalan, saat digeledah ditemukan 2 paket ganja kering siap edar yang disembunyikan di dalam bungkus rokok.",Petugas mencurigai gerak gerik pelaku di pinggir jalan saat digeledah ditemukan paket ganja kering siap edar yang disembunyikan di dalam bungkus rokok,petugas mencurigai gerak gerik pelaku di pinggir jalan saat digeledah ditemukan paket ganja kering siap edar yang disembunyikan di dalam bungkus rokok,petugas mencurigai gerak gerik pelaku di pinggir jalan saat digeledah ditemukan paket ganja kering siap edar yang disembunyikan di dalam bungkus rokok,"['petugas', 'mencurigai', 'gerak', 'gerik', 'pelaku', 'di', 'pinggir', 'jalan', 'saat', 'digeledah', 'ditemukan', 'paket', 'ganja', 'kering', 'siap', 'edar', 'yang', 'disembunyikan', 'di', 'dalam', 'bungkus', 'rokok']","['petugas', 'mencurigai', 'gerak', 'gerik', 'pelaku', 'pinggir', 'jalan', 'digeledah', 'ditemukan', 'paket', 'ganja', 'kering', 'edar', 'disembunyikan', 'bungkus', 'rokok']","['petugas', 'curiga', 'gerak', 'gerik', 'pelaku', 'pinggir', 'jalan', 'geledah', 'temu', 'paket', 'ganja', 'kering', 'edar', 'sembunyi', 'bungkus', 'rokok']",petugas curiga gerak gerik pelaku pinggir jalan geledah temu paket ganja kering edar sembunyi bungkus rokok
LP/B/05/I/2021/Kalbar/Res Mpw/Sek Sui Pinyuh,5 Januari 2021,"Petugas mencurigai gerak-gerik pelaku di pinggir jalan, saat digeledah ditemukan 2 paket ganja kering siap edar yang disembunyikan di bawah jok motor.",Petugas mencurigai gerak gerik pelaku di pinggir jalan saat digeledah ditemukan paket ganja kering siap edar yang disembunyikan di bawah jok motor,petugas mencurigai gerak gerik pelaku di pinggir jalan saat digeledah ditemukan paket ganja kering siap edar yang disembunyikan di bawah jok motor,petugas mencurigai gerak gerik pelaku di pinggir jalan saat digeledah ditemukan paket ganja kering siap edar yang disembunyikan di bawah jok motor,"['petugas', 'mencurigai', 'gerak', 'gerik', 'pelaku', 'di', 'pinggir', 'jalan', 'saat', 'digeledah', 'ditemukan', 'paket', 'ganja', 'kering', 'siap', 'edar', 'yang', 'disembunyikan', 'di', 'bawah', 'jok', 'motor']","['petugas', 'mencurigai', 'gerak', 'gerik', 'pelaku', 'pinggir', 'jalan', 'digeledah', 'ditemukan', 'paket', 'ganja', 'kering', 'edar', 'disembunyikan', 'jok', 'motor']","['petugas', 'curiga', 'gerak', 'gerik', 'pelaku', 'pinggir', 'jalan', 'geledah', 'temu', 'paket', 'ganja', 'kering', 'edar', 'sembunyi', 'jok', 'motor']",petugas curiga gerak gerik pelaku pinggir jalan geledah temu paket ganja kering edar sembunyi jok motor
LP/B/06/I/2021/Kalbar/Res Mpw/Sek Sui Pinyuh,5 Januari 2021,"Pelaku merusak kunci stang motor menggunakan kunci T saat motor diparkir di Gg. Damai RT 20/RW 05, Galang, Kec. Sungai Pinyuh, Kab. Mempawah, lalu membawanya kabur.",Pelaku merusak kunci stang motor menggunakan kunci T saat motor diparkir di Gg Damai RT RW Galang Kec Sungai Pinyuh Kab Mempawah lalu membawanya kabur,pelaku merusak kunci stang motor menggunakan kunci t saat motor diparkir di gg damai rt rw galang kec sungai pinyuh kab mempawah lalu membawanya kabur,pelaku merusak kunci stang motor menggunakan kunci t saat motor diparkir di gang damai rukun tetangga rukun warga galang kecamatan sungai pinyuh kabupaten mempawah lalu membawanya kabur,"['pelaku', 'merusak', 'kunci', 'stang', 'motor', 'menggunakan', 'kunci', 't', 'saat', 'motor', 'diparkir', 'di', 'gang', 'damai', 'rukun', 'tetangga', 'rukun', 'warga', 'galang', 'kecamatan', 'sungai', 'pinyuh', 'kabupaten', 'mempawah', 'lalu', 'membawanya', 'kabur']","['pelaku', 'merusak', 'kunci', 'stang', 'motor', 'kunci', 'motor', 'diparkir', 'gang', 'damai', 'rukun', 'tetangga', 'rukun', 'warga', 'galang', 'kecamatan', 'sungai', 'pinyuh', 'kabupaten', 'mempawah', 'membawanya', 'kabur']","['pelaku', 'rusak', 'kunci', 'stang', 'motor', 'kunci', 'motor', 'parkir', 'gang', 'damai', 'rukun', 'tetangga', 'rukun', 'warga', 'galang', 'camat', 'sungai', 'pinyuh', 'kabupaten', 'mempawah', 'bawa', 'kabur']",pelaku rusak kunci stang motor kunci motor parkir gang damai rukun tetangga rukun warga galang camat sungai pinyuh kabupaten mempawah bawa kabur
LP/B/08/I/2021/Kalbar/Res Mpw/Sek Sui Pinyuh,9 Januari 2021,Pelaku merusak halaman korban akibat sengketa tanah,Pelaku merusak halaman korban akibat sengketa tanah,pelaku merusak halaman korban akibat sengketa tanah,pelaku merusak halaman korban akibat sengketa tanah,"['pelaku', 'merusak', 'halaman', 'korban', 'akibat', 'sengketa', 'tanah']","['pelaku', 'merusak', 'halaman', 'korban', 'akibat', 'sengketa', 'tanah']","['pelaku', 'rusak', 'halaman', 'korban', 'akibat', 'sengketa', 'tanah']",pelaku rusak halaman korban akibat sengketa tanah
LP/B/09/I/2021/Kalbar/Res Mpw/Sek Sui Pinyuh,13 Januari 2021,"Pelaku menawarkan sepeda motor lelang kepada korban dengan harga murah, korban mentransfer uang namun barang tidak pernah dikirim.",Pelaku menawarkan sepeda motor lelang kepada korban dengan harga murah korban mentransfer uang namun barang tidak pernah dikirim,pelaku menawarkan sepeda motor lelang kepada korban dengan harga murah korban mentransfer uang namun barang tidak pernah dikirim,pelaku menawarkan sepeda motor lelang kepada korban dengan harga murah korban mentransfer uang namun barang tidak pernah dikirim,"['pelaku', 'menawarkan', 'sepeda', 'motor', 'lelang', 'kepada', 'korban', 'dengan', 'harga', 'murah', 'korban', 'mentransfer', 'uang', 'namun', 'barang', 'tidak', 'pernah', 'dikirim']","['pelaku', 'menawarkan', 'sepeda', 'motor', 'lelang', 'korban', 'harga', 'murah', 'korban', 'mentransfer', 'uang', 'barang', 'dikirim']","['pelaku', 'tawar', 'sepeda', 'motor', 'lelang', 'korban', 'harga', 'murah', 'korban', 'transfer', 'uang', 'barang', 'kirim']",pelaku tawar sepeda motor lelang korban harga murah korban transfer uang barang kirim
LP/B/11/I/2021/Kalbar/Res Mpw/Sek Sui Pinyuh,16 Januari 2021,"Berdasarkan informasi warga, petugas melakukan penggerebekan di Jl. Raya Sungai Pinyuh RT 06/RW 08, Galang, Kec. Sungai Pinyuh, Kab. Mempawah dan mendapati pelaku sedang menimbang sabu ke dalam paket kecil.",Berdasarkan informasi warga petugas melakukan penggerebekan di Jl Raya Sungai Pinyuh RT RW Galang Kec Sungai Pinyuh Kab Mempawah dan mendapati pelaku sedang menimbang sabu ke dalam paket kecil,berdasarkan informasi warga petugas melakukan penggerebekan di jl raya sungai pinyuh rt rw galang kec sungai pinyuh kab mempawah dan mendapati pelaku sedang menimbang sabu ke dalam paket kecil,berdasarkan informasi warga petugas melakukan penggerebekan di jalan raya sungai pinyuh rukun tetangga rukun warga galang kecamatan sungai pinyuh kabupaten mempawah dan mendapati pelaku sedang menimbang sabu ke dalam paket kecil,"['berdasarkan', 'informasi', 'warga', 'petugas', 'melakukan', 'penggerebekan', 'di', 'jalan', 'raya', 'sungai', 'pinyuh', 'rukun', 'tetangga', 'rukun', 'warga', 'galang', 'kecamatan', 'sungai', 'pinyuh', 'kabupaten', 'mempawah', 'dan', 'mendapati', 'pelaku', 'sedang', 'menimbang', 'sabu', 'ke', 'dalam', 'paket', 'kecil']","['berdasarkan', 'informasi', 'warga', 'petugas', 'penggerebekan', 'jalan', 'raya', 'sungai', 'pinyuh', 'rukun', 'tetangga', 'rukun', 'warga', 'galang', 'kecamatan', 'sungai', 'pinyuh', 'kabupaten', 'mempawah', 'mendapati', 'pelaku', 'menimbang', 'sabu', 'paket']","['dasar', 'informasi', 'warga', 'petugas', 'gerebek', 'jalan', 'raya', 'sungai', 'pinyuh', 'rukun', 'tetangga', 'rukun', 'warga', 'galang', 'camat', 'sungai', 'pinyuh', 'kabupaten', 'mempawah', 'dapat', 'pelaku', 'timbang', 'sabu', 'paket']",dasar informasi warga petugas gerebek jalan raya sungai pinyuh rukun tetangga rukun warga galang camat sungai pinyuh kabupaten mempawah dapat pelaku timbang sabu paket
LP/B/12/I/2021/Kalbar/Res Mpw/Sek Sui Pinyuh,20 Januari 2021,Pelaku tertangkap tangan saat hendak melakukan transaksi narkoba jenis sabu dengan petugas yang menyamar.,Pelaku tertangkap tangan saat hendak melakukan transaksi narkoba jenis sabu dengan petugas yang menyamar,pelaku tertangkap tangan saat hendak melakukan transaksi narkoba jenis sabu dengan petugas yang menyamar,pelaku tertangkap tangan saat hendak melakukan transaksi narkoba jenis sabu dengan petugas yang menyamar,"['pelaku', 'tertangkap', 'tangan', 'saat', 'hendak', 'melakukan', 'transaksi', 'narkoba', 'jenis', 'sabu', 'dengan', 'petugas', 'yang', 'menyamar']","['pelaku', 'tertangkap', 'tangan', 'transaksi', 'narkoba', 'jenis', 'sabu', 'petugas', 'menyamar']","['pelaku', 'tangkap', 'tangan', 'transaksi', 'narkoba', 'jenis', 'sabu', 'petugas', 'samar']",pelaku tangkap tangan transaksi narkoba jenis sabu petugas samar
LP/B/13/I/2021/Kalbar/Res Mpw/Sek Sui Pinyuh,20 Januari 2021,"Pelaku melihat 1 unit HP Samsung Galaxy yang diletakkan korban di Dusun Melati, Sungai Bakau Besar Darat, Kec. Sungai Pinyuh, kemudian dengan cepat mengambil barang berharga tersebut.",Pelaku melihat unit HP Samsung Galaxy yang diletakkan korban di Dusun Melati Sungai Bakau Besar Darat Kec Sungai Pinyuh kemudian dengan cepat mengambil barang berharga tersebut,pelaku melihat unit hp samsung galaxy yang diletakkan korban di dusun melati sungai bakau besar darat kec sungai pinyuh kemudian dengan cepat mengambil barang berharga tersebut,pelaku melihat unit handphone samsung galaxy yang diletakkan korban di dusun melati sungai bakau besar darat kecamatan sungai pinyuh kemudian dengan cepat mengambil barang berharga tersebut,"['pelaku', 'melihat', 'unit', 'handphone', 'samsung', 'galaxy', 'yang', 'diletakkan', 'korban', 'di', 'dusun', 'melati', 'sungai', 'bakau', 'besar', 'darat', 'kecamatan', 'sungai', 'pinyuh', 'kemudian', 'dengan', 'cepat', 'mengambil', 'barang', 'berharga', 'tersebut']","['pelaku', 'unit', 'handphone', 'samsung', 'galaxy', 'diletakkan', 'korban', 'dusun', 'melati', 'sungai', 'bakau', 'darat', 'kecamatan', 'sungai', 'pinyuh', 'cepat', 'mengambil', 'barang', 'berharga']","['pelaku', 'unit', 'handphone', 'samsung', 'galaxy', 'letak', 'korban', 'dusun', 'melati', 'sungai', 'bakau', 'darat', 'camat', 'sungai', 'pinyuh', 'cepat', 'ambil', 'barang', 'harga']",pelaku unit handphone samsung galaxy letak korban dusun melati sungai bakau darat camat sungai pinyuh cepat ambil barang harga
LP/B/14/I/2021/Kalbar/Res Mpw/Sek Sui Pinyuh,20 Januari 2021,"Terjadi perselisihan di jalan raya, pelaku turun dari motor dan melempar kaca jendela hingga pecah mobil korban.",Terjadi perselisihan di jalan raya pelaku turun dari motor dan melempar kaca jendela hingga pecah mobil korban,terjadi perselisihan di jalan raya pelaku turun dari motor dan melempar kaca jendela hingga pecah mobil korban,terjadi perselisihan di jalan raya pelaku turun dari motor dan melempar kaca jendela hingga pecah mobil korban,"['terjadi', 'perselisihan', 'di', 'jalan', 'raya', 'pelaku', 'turun', 'dari', 'motor', 'dan', 'melempar', 'kaca', 'jendela', 'hingga', 'pecah', 'mobil', 'korban']","['perselisihan', 'jalan', 'raya', 'pelaku', 'turun', 'motor', 'melempar', 'kaca', 'jendela', 'pecah', 'mobil', 'korban']","['selisih', 'jalan', 'raya', 'pelaku', 'turun', 'motor', 'lempar', 'kaca', 'jendela', 'pecah', 'mobil', 'korban']",selisih jalan raya pelaku turun motor lempar kaca jendela pecah mobil korban
LP/B/16/I/2021/Kalbar/Res Mpw/Sek Sui Pinyuh,23 Januari 2021,"Pelaku meminjam uang kepada korban sebesar Rp 50.000.000 dengan alasan biaya pengobatan orang tua, namun setelah jatuh tempo pelaku menghilang.",Pelaku meminjam uang kepada korban sebesar Rp dengan alasan biaya pengobatan orang tua namun setelah jatuh tempo pelaku menghilang,pelaku meminjam uang kepada korban sebesar rp dengan alasan biaya pengobatan orang tua namun setelah jatuh tempo pelaku menghilang,pelaku meminjam uang kepada korban sebesar rupiah dengan alasan biaya pengobatan orang tua namun setelah jatuh tempo pelaku menghilang,"['pelaku', 'meminjam', 'uang', 'kepada', 'korban', 'sebesar', 'rupiah', 'dengan', 'alasan', 'biaya', 'pengobatan', 'orang', 'tua', 'namun', 'setelah', 'jatuh', 'tempo', 'pelaku', 'menghilang']","['pelaku', 'meminjam', 'uang', 'korban', 'rupiah', 'alasan', 'biaya', 'pengobatan', 'orang', 'tua', 'jatuh', 'tempo', 'pelaku', 'menghilang']","['pelaku', 'pinjam', 'uang', 'korban', 'rupiah', 'alas', 'biaya', 'obat', 'orang', 'tua', 'jatuh', 'tempo', 'pelaku', 'hilang']",pelaku pinjam uang korban rupiah alas biaya obat orang tua jatuh tempo pelaku hilang
LP/B/17/I/2021/Kalbar/Res Mpw/Sek Sui Pinyuh,24 Januari 2021,"Pelaku menagih hutang kepada korban namun korban belum bisa membayar, sehingga pelaku marah dan memukul punggung korban menggunakan kayu.",Pelaku menagih hutang kepada korban namun korban belum bisa membayar sehingga pelaku marah dan memukul punggung korban menggunakan kayu,pelaku menagih hutang kepada korban namun korban belum bisa membayar sehingga pelaku marah dan memukul punggung korban menggunakan kayu,pelaku menagih hutang kepada korban namun korban belum bisa membayar sehingga pelaku marah dan memukul punggung korban menggunakan kayu,"['pelaku', 'menagih', 'hutang', 'kepada', 'korban', 'namun', 'korban', 'belum', 'bisa', 'membayar', 'sehingga', 'pelaku', 'marah', 'dan', 'memukul', 'punggung', 'korban', 'menggunakan', 'kayu']","['pelaku', 'menagih', 'hutang', 'korban', 'korban', 'membayar', 'pelaku', 'marah', 'memukul', 'punggung', 'korban', 'kayu']","['pelaku', 'tagih', 'hutang', 'korban', 'korban', 'bayar', 'pelaku', 'marah', 'pukul', 'punggung', 'korban', 'kayu']",pelaku tagih hutang korban korban bayar pelaku marah pukul punggung korban kayu
LP/B/18/I/2021/Kalbar/Res Mpw/Sek Sui Pinyuh,27 Januari 2021,Terlapor melemparkan HP pelapor dan merusaknya akibat cemburu,Terlapor melemparkan HP pelapor dan merusaknya akibat cemburu,terlapor melemparkan hp pelapor dan merusaknya akibat cemburu,terlapor melemparkan handphone pelapor dan merusaknya akibat cemburu,"['terlapor', 'melemparkan', 'handphone', 'pelapor', 'dan', 'merusaknya', 'akibat', 'cemburu']","['terlapor', 'melemparkan', 'handphone', 'pelapor', 'merusaknya', 'akibat', 'cemburu']","['terlapor', 'lempar', 'handphone', 'lapor', 'rusak', 'akibat', 'cemburu']",terlapor lempar handphone lapor rusak akibat cemburu
LP/B/19/I/2021/Kalbar/Res Mpw/Sek Sui Pinyuh,27 Januari 2021,"Pelaku merusak kunci stang motor menggunakan kunci T saat motor diparkir di Dusun Melati, Sungai Rasau, Kec. Sungai Pinyuh, lalu membawanya kabur.",Pelaku merusak kunci stang motor menggunakan kunci T saat motor diparkir di Dusun Melati Sungai Rasau Kec Sungai Pinyuh lalu membawanya kabur,pelaku merusak kunci stang motor menggunakan kunci t saat motor diparkir di dusun melati sungai rasau kec sungai pinyuh lalu membawanya kabur,pelaku merusak kunci stang motor menggunakan kunci t saat motor diparkir di dusun melati sungai rasau kecamatan sungai pinyuh lalu membawanya kabur,"['pelaku', 'merusak', 'kunci', 'stang', 'motor', 'menggunakan', 'kunci', 't', 'saat', 'motor', 'diparkir', 'di', 'dusun', 'melati', 'sungai', 'rasau', 'kecamatan', 'sungai', 'pinyuh', 'lalu', 'membawanya', 'kabur']","['pelaku', 'merusak', 'kunci', 'stang', 'motor', 'kunci', 'motor', 'diparkir', 'dusun', 'melati', 'sungai', 'rasau', 'kecamatan', 'sungai', 'pinyuh', 'membawanya', 'kabur']","['pelaku', 'rusak', 'kunci', 'stang', 'motor', 'kunci', 'motor', 'parkir', 'dusun', 'melati', 'sungai', 'rasau', 'camat', 'sungai', 'pinyuh', 'bawa', 'kabur']",pelaku rusak kunci stang motor kunci motor parkir dusun melati sungai rasau camat sungai pinyuh bawa kabur
LP/B/20/I/2021/Kalbar/Res Mpw/Sek Sui Pinyuh,29 Januari 2021,"Pelaku meminjam uang kepada korban sebesar Rp 15.000.000 dengan alasan menebus motor di pegadaian, namun setelah jatuh tempo pelaku menghilang.",Pelaku meminjam uang kepada korban sebesar Rp dengan alasan menebus motor di pegadaian namun setelah jatuh tempo pelaku menghilang,pelaku meminjam uang kepada korban sebesar rp dengan alasan menebus motor di pegadaian namun setelah jatuh tempo pelaku menghilang,pelaku meminjam uang kepada korban sebesar rupiah dengan alasan menebus motor di pegadaian namun setelah jatuh tempo pelaku menghilang,"['pelaku', 'meminjam', 'uang', 'kepada', 'korban', 'sebesar', 'rupiah', 'dengan', 'alasan', 'menebus', 'motor', 'di', 'pegadaian', 'namun', 'setelah', 'jatuh', 'tempo', 'pelaku', 'menghilang']","['pelaku', 'meminjam', 'uang', 'korban', 'rupiah', 'alasan', 'menebus', 'motor', 'pegadaian', 'jatuh', 'tempo', 'pelaku', 'menghilang']","['pelaku', 'pinjam', 'uang', 'korban', 'rupiah', 'alas', 'tebus', 'motor', 'gadai', 'jatuh', 'tempo', 'pelaku', 'hilang']",pelaku pinjam uang korban rupiah alas tebus motor gadai jatuh tempo pelaku hilang
LP/B/21/I/2021/Kalbar/Res Mpw/Sek Sui Pinyuh,29 Januari 2021,"Pelaku menagih hutang kepada korban namun korban belum bisa membayar, sehingga pelaku marah dan memukul wajah korban dengan tangan kosong.",Pelaku menagih hutang kepada korban namun korban belum bisa membayar sehingga pelaku marah dan memukul wajah korban dengan tangan kosong,pelaku menagih hutang kepada korban namun korban belum bisa membayar sehingga pelaku marah dan memukul wajah korban dengan tangan kosong,pelaku menagih hutang kepada korban namun korban belum bisa membayar sehingga pelaku marah dan memukul wajah korban dengan tangan kosong,"['pelaku', 'menagih', 'hutang', 'kepada', 'korban', 'namun', 'korban', 'belum', 'bisa', 'membayar', 'sehingga', 'pelaku', 'marah', 'dan', 'memukul', 'wajah', 'korban', 'dengan', 'tangan', 'kosong']","['pelaku', 'menagih', 'hutang', 'korban', 'korban', 'membayar', 'pelaku', 'marah', 'memukul', 'wajah', 'korban', 'tangan', 'kosong']","['pelaku', 'tagih', 'hutang', 'korban', 'korban', 'bayar', 'pelaku', 'marah', 'pukul', 'wajah', 'korban', 'tangan', 'kosong']",pelaku tagih hutang korban korban bayar pelaku marah pukul wajah korban tangan kosong
LP/B/23/II/2021/Kalbar/Res Mpw/Sek Sui Pinyuh,2 Februari 2021,Pelaku pergi ke warung dalam keadaan mabuk berat dankemudian merusak barang yang ada di warung tersebut.,Pelaku pergi ke warung dalam keadaan mabuk berat dankemudian merusak barang yang ada di warung tersebut,pelaku pergi ke warung dalam keadaan mabuk berat dankemudian merusak barang yang ada di warung tersebut,pelaku pergi ke warung dalam keadaan mabuk berat dankemudian merusak barang yang ada di warung tersebut,"['pelaku', 'pergi', 'ke', 'warung', 'dalam', 'keadaan', 'mabuk', 'berat', 'dankemudian', 'merusak', 'barang', 'yang', 'ada', 'di', 'warung', 'tersebut']","['pelaku', 'pergi', 'warung', 'mabuk', 'berat', 'dankemudian', 'merusak', 'barang', 'warung']","['pelaku', 'pergi', 'warung', 'mabuk', 'berat', 'dankemudian', 'rusak', 'barang', 'warung']",pelaku pergi warung mabuk berat dankemudian rusak barang warung
LP/B/25/II/2021/Kalbar/Res Mpw/Sek Sui Pinyuh,10 Februari 2021,Pelaku masuk melalui pintu belakang yang tidak terkunci dan mengambil perhiasan emas seberat 10 gram.,Pelaku masuk melalui pintu belakang yang tidak terkunci dan mengambil perhiasan emas seberat gram,pelaku masuk melalui pintu belakang yang tidak terkunci dan mengambil perhiasan emas seberat gram,pelaku masuk melalui pintu belakang yang tidak terkunci dan mengambil perhiasan emas seberat gram,"['pelaku', 'masuk', 'melalui', 'pintu', 'belakang', 'yang', 'tidak', 'terkunci', 'dan', 'mengambil', 'perhiasan', 'emas', 'seberat', 'gram']","['pelaku', 'masuk', 'pintu', 'terkunci', 'mengambil', 'perhiasan', 'emas', 'seberat', 'gram']","['pelaku', 'masuk', 'pintu', 'kunci', 'ambil', 'hias', 'emas', 'berat', 'gram']",pelaku masuk pintu kunci ambil hias emas berat gram
LP/B/26/II/2021/Kalbar/Res Mpw/Sek Sui Pinyuh,11 Februari 2021,"Pelaku mengambil 1 (satu) unit motor ketika pelapor sedang melaksanakan sholat subuh. Kerugian : Rp. 7.500.000,-",Pelaku mengambil satu unit motor ketika pelapor sedang melaksanakan sholat subuh Kerugian Rp,pelaku mengambil satu unit motor ketika pelapor sedang melaksanakan sholat subuh kerugian rp,pelaku mengambil satu unit motor ketika pelapor sedang melaksanakan sholat subuh kerugian rupiah,"['pelaku', 'mengambil', 'satu', 'unit', 'motor', 'ketika', 'pelapor', 'sedang', 'melaksanakan', 'sholat', 'subuh', 'kerugian', 'rupiah']","['pelaku', 'mengambil', 'unit', 'motor', 'pelapor', 'melaksanakan', 'sholat', 'subuh', 'kerugian', 'rupiah']","['pelaku', 'ambil', 'unit', 'motor', 'lapor', 'laksana', 'sholat', 'subuh', 'rugi', 'rupiah']",pelaku ambil unit motor lapor laksana sholat subuh rugi rupiah
LP/B/27/II/2021/Kalbar/Res Mpw/Sek Sui Pinyuh,12 Februari 2021,"Anak pelapor a.n. Syifa datang sambil menangis menanyakan HP pelapor yang ada di toko milik pelapor dan setelah dicek HP tersebut sudah tidak ada lagi/hilang. Kerugian : Rp. 2.000.000,-",Anak pelapor a n Syifa datang sambil menangis menanyakan HP pelapor yang ada di toko milik pelapor dan setelah dicek HP tersebut sudah tidak ada lagi hilang Kerugian Rp,anak pelapor a n syifa datang sambil menangis menanyakan hp pelapor yang ada di toko milik pelapor dan setelah dicek hp tersebut sudah tidak ada lagi hilang kerugian rp,anak pelapor a n syifa datang sambil menangis menanyakan handphone pelapor yang ada di toko milik pelapor dan setelah dicek handphone tersebut sudah tidak ada lagi hilang kerugian rupiah,"['anak', 'pelapor', 'a', 'n', 'syifa', 'datang', 'sambil', 'menangis', 'menanyakan', 'handphone', 'pelapor', 'yang', 'ada', 'di', 'toko', 'milik', 'pelapor', 'dan', 'setelah', 'dicek', 'handphone', 'tersebut', 'sudah', 'tidak', 'ada', 'lagi', 'hilang', 'kerugian', 'rupiah']","['anak', 'pelapor', 'syifa', 'menangis', 'handphone', 'pelapor', 'toko', 'milik', 'pelapor', 'dicek', 'handphone', 'hilang', 'kerugian', 'rupiah']","['anak', 'lapor', 'syifa', 'menang', 'handphone', 'lapor', 'toko', 'milik', 'lapor', 'cek', 'handphone', 'hilang', 'rugi', 'rupiah']",anak lapor syifa menang handphone lapor toko milik lapor cek handphone hilang rugi rupiah
LP/B/28/II/2021/Kalbar/Res Mpw/Sek Sui Pinyuh,12 Februari 2021,"Terlapor diketahui oleh pelapor telah mengambil HP merk Oppo milik pelapor yang ada dikocek sepmot milik pelapor. Kerugian : Rp. 5.000.000,-",Terlapor diketahui oleh pelapor telah mengambil HP merk Oppo milik pelapor yang ada dikocek sepmot milik pelapor Kerugian Rp,terlapor diketahui oleh pelapor telah mengambil hp merk oppo milik pelapor yang ada dikocek sepmot milik pelapor kerugian rp,terlapor diketahui oleh pelapor telah mengambil handphone merk oppo milik pelapor yang ada dikocek sepmot milik pelapor kerugian rupiah,"['terlapor', 'diketahui', 'oleh', 'pelapor', 'telah', 'mengambil', 'handphone', 'merk', 'oppo', 'milik', 'pelapor', 'yang', 'ada', 'dikocek', 'sepmot', 'milik', 'pelapor', 'kerugian', 'rupiah']","['terlapor', 'pelapor', 'mengambil', 'handphone', 'merk', 'oppo', 'milik', 'pelapor', 'dikocek', 'sepmot', 'milik', 'pelapor', 'kerugian', 'rupiah']","['terlapor', 'lapor', 'ambil', 'handphone', 'merk', 'oppo', 'milik', 'lapor', 'kocek', 'sepmot', 'milik', 'lapor', 'rugi', 'rupiah']",terlapor lapor ambil handphone merk oppo milik lapor kocek sepmot milik lapor rugi rupiah
LP/B/33/II/2021/Kalbar/Res/Mpw/Sek/Sui Pinyuh,19 Februari 2021,"Pelaku berpura-pura menjadi tamu/pembeli, saat korban lengah pelaku mengambil tabung gas dan sembako.",Pelaku berpura pura menjadi tamu pembeli saat korban lengah pelaku mengambil tabung gas dan sembako,pelaku berpura pura menjadi tamu pembeli saat korban lengah pelaku mengambil tabung gas dan sembako,pelaku berpura pura menjadi tamu pembeli saat korban lengah pelaku mengambil tabung gas dan sembako,"['pelaku', 'berpura', 'pura', 'menjadi', 'tamu', 'pembeli', 'saat', 'korban', 'lengah', 'pelaku', 'mengambil', 'tabung', 'gas', 'dan', 'sembako']","['pelaku', 'berpura', 'pura', 'tamu', 'pembeli', 'korban', 'lengah', 'pelaku', 'mengambil', 'tabung', 'gas', 'sembako']","['pelaku', 'pura', 'pura', 'tamu', 'pembeli', 'korban', 'lengah', 'pelaku', 'ambil', 'tabung', 'gas', 'sembako']",pelaku pura pura tamu pembeli korban lengah pelaku ambil tabung gas sembako
LP/B/4/II/2021/Kalbar/Res/Mpw/Sek/Sui Pinyuh,19 Februari 2021,"Pelaku merusak kunci stang motor menggunakan kunci T saat motor diparkir di Jl. Raya Galang RT 10/RW 07, Peniraman, Kec. Sungai Pinyuh, Kab. Mempawah, lalu membawanya kabur.",Pelaku merusak kunci stang motor menggunakan kunci T saat motor diparkir di Jl Raya Galang RT RW Peniraman Kec Sungai Pinyuh Kab Mempawah lalu membawanya kabur,pelaku merusak kunci stang motor menggunakan kunci t saat motor diparkir di jl raya galang rt rw peniraman kec sungai pinyuh kab mempawah lalu membawanya kabur,pelaku merusak kunci stang motor menggunakan kunci t saat motor diparkir di jalan raya galang rukun tetangga rukun warga peniraman kecamatan sungai pinyuh kabupaten mempawah lalu membawanya kabur,"['pelaku', 'merusak', 'kunci', 'stang', 'motor', 'menggunakan', 'kunci', 't', 'saat', 'motor', 'diparkir', 'di', 'jalan', 'raya', 'galang', 'rukun', 'tetangga', 'rukun', 'warga', 'peniraman', 'kecamatan', 'sungai', 'pinyuh', 'kabupaten', 'mempawah', 'lalu', 'membawanya', 'kabur']","['pelaku', 'merusak', 'kunci', 'stang', 'motor', 'kunci', 'motor', 'diparkir', 'jalan', 'raya', 'galang', 'rukun', 'tetangga', 'rukun', 'warga', 'peniraman', 'kecamatan', 'sungai', 'pinyuh', 'kabupaten', 'mempawah', 'membawanya', 'kabur']","['pelaku', 'rusak', 'kunci', 'stang', 'motor', 'kunci', 'motor', 'parkir', 'jalan', 'raya', 'galang', 'rukun', 'tetangga', 'rukun', 'warga', 'tiram', 'camat', 'sungai', 'pinyuh', 'kabupaten', 'mempawah', 'bawa', 'kabur']",pelaku rusak kunci stang motor kunci motor parkir jalan raya galang rukun tetangga rukun warga tiram camat sungai pinyuh kabupaten mempawah bawa kabur
LP/B/35/II/2021/Kalbar/Res/Mpw/Sek/Sui Pinyuh,23 Februari 2021,"Pelaku mengamati rumah korban yang sedang kosong, kemudian memanjat pagar belakang dan menguras isi laci kasir.",Pelaku mengamati rumah korban yang sedang kosong kemudian memanjat pagar belakang dan menguras isi laci kasir,pelaku mengamati rumah korban yang sedang kosong kemudian memanjat pagar belakang dan menguras isi laci kasir,pelaku mengamati rumah korban yang sedang kosong kemudian memanjat pagar belakang dan menguras isi laci kasir,"['pelaku', 'mengamati', 'rumah', 'korban', 'yang', 'sedang', 'kosong', 'kemudian', 'memanjat', 'pagar', 'belakang', 'dan', 'menguras', 'isi', 'laci', 'kasir']","['pelaku', 'mengamati', 'rumah', 'korban', 'kosong', 'memanjat', 'pagar', 'menguras', 'isi', 'laci', 'kasir']","['pelaku', 'amat', 'rumah', 'korban', 'kosong', 'panjat', 'pagar', 'menguras', 'isi', 'laci', 'kasir']",pelaku amat rumah korban kosong panjat pagar menguras isi laci kasir
LP/B/36/II/2021/Kalbar/Res/Mpw/Sek/Sui Pinyuh,24 Februari 2021,"Pelaku mengamati rumah korban yang sedang kosong, kemudian mencongkel jendela samping dan mengambil barang berharga tersebut.",Pelaku mengamati rumah korban yang sedang kosong kemudian mencongkel jendela samping dan mengambil barang berharga tersebut,pelaku mengamati rumah korban yang sedang kosong kemudian mencongkel jendela samping dan mengambil barang berharga tersebut,pelaku mengamati rumah korban yang sedang kosong kemudian mencongkel jendela samping dan mengambil barang berharga tersebut,"['pelaku', 'mengamati', 'rumah', 'korban', 'yang', 'sedang', 'kosong', 'kemudian', 'mencongkel', 'jendela', 'samping', 'dan', 'mengambil', 'barang', 'berharga', 'tersebut']","['pelaku', 'mengamati', 'rumah', 'korban', 'kosong', 'mencongkel', 'jendela', 'samping', 'mengambil', 'barang', 'berharga']","['pelaku', 'amat', 'rumah', 'korban', 'kosong', 'congkel', 'jendela', 'samping', 'ambil', 'barang', 'harga']",pelaku amat rumah korban kosong congkel jendela samping ambil barang harga
LP/B/37/II/2021/Kalbar/Res/Mpw/Sek/Sui Pinyuh,26 Februari 2021,"Pelaku merusak kunci stang motor menggunakan kunci T saat motor diparkir di Jl. Pendidikan RT 18/RW 09, Sungai Purun Besar, Kec. Sungai Pinyuh, Kab. Mempawah, lalu membawanya kabur.",Pelaku merusak kunci stang motor menggunakan kunci T saat motor diparkir di Jl Pendidikan RT RW Sungai Purun Besar Kec Sungai Pinyuh Kab Mempawah lalu membawanya kabur,pelaku merusak kunci stang motor menggunakan kunci t saat motor diparkir di jl pendidikan rt rw sungai purun besar kec sungai pinyuh kab mempawah lalu membawanya kabur,pelaku merusak kunci stang motor menggunakan kunci t saat motor diparkir di jalan pendidikan rukun tetangga rukun warga sungai purun besar kecamatan sungai pinyuh kabupaten mempawah lalu membawanya kabur,"['pelaku', 'merusak', 'kunci', 'stang', 'motor', 'menggunakan', 'kunci', 't', 'saat', 'motor', 'diparkir', 'di', 'jalan', 'pendidikan', 'rukun', 'tetangga', 'rukun', 'warga', 'sungai', 'purun', 'besar', 'kecamatan', 'sungai', 'pinyuh', 'kabupaten', 'mempawah', 'lalu', 'membawanya', 'kabur']","['pelaku', 'merusak', 'kunci', 'stang', 'motor', 'kunci', 'motor', 'diparkir', 'jalan', 'pendidikan', 'rukun', 'tetangga', 'rukun', 'warga', 'sungai', 'purun', 'kecamatan', 'sungai', 'pinyuh', 'kabupaten', 'mempawah', 'membawanya', 'kabur']","['pelaku', 'rusak', 'kunci', 'stang', 'motor', 'kunci', 'motor', 'parkir', 'jalan', 'didik', 'rukun', 'tetangga', 'rukun', 'warga', 'sungai', 'purun', 'camat', 'sungai', 'pinyuh', 'kabupaten', 'mempawah', 'bawa', 'kabur']",pelaku rusak kunci stang motor kunci motor parkir jalan didik rukun tetangga rukun warga sungai purun camat sungai pinyuh kabupaten mempawah bawa kabur
LP/B/38/II/2021/Kalbar/Res/Mpw/Sek/Sui Pinyuh,28 Februari 2021,"Pelaku mengajak korban kerjasama bisnis jual beli sawit dengan janji keuntungan 20%, namun ternyata bisnis tersebut fiktif.",Pelaku mengajak korban kerjasama bisnis jual beli sawit dengan janji keuntungan namun ternyata bisnis tersebut fiktif,pelaku mengajak korban kerjasama bisnis jual beli sawit dengan janji keuntungan namun ternyata bisnis tersebut fiktif,pelaku mengajak korban kerjasama bisnis jual beli sawit dengan janji keuntungan namun ternyata bisnis tersebut fiktif,"['pelaku', 'mengajak', 'korban', 'kerjasama', 'bisnis', 'jual', 'beli', 'sawit', 'dengan', 'janji', 'keuntungan', 'namun', 'ternyata', 'bisnis', 'tersebut', 'fiktif']","['pelaku', 'mengajak', 'korban', 'kerjasama', 'bisnis', 'jual', 'beli', 'sawit', 'janji', 'keuntungan', 'bisnis', 'fiktif']","['pelaku', 'ajak', 'korban', 'kerjasama', 'bisnis', 'jual', 'beli', 'sawit', 'janji', 'untung', 'bisnis', 'fiktif']",pelaku ajak korban kerjasama bisnis jual beli sawit janji untung bisnis fiktif
LP/B/41/III/2021/Kalbar/Res/Mpw/Sek/Sui Pinyuh,2 Maret 2021,Pelaku melakukan penganiayaan karena tidak terima dituduh melakukan kesalahan.,Pelaku melakukan penganiayaan karena tidak terima dituduh melakukan kesalahan,pelaku melakukan penganiayaan karena tidak terima dituduh melakukan kesalahan,pelaku melakukan penganiayaan karena tidak terima dituduh melakukan kesalahan,"['pelaku', 'melakukan', 'penganiayaan', 'karena', 'tidak', 'terima', 'dituduh', 'melakukan', 'kesalahan']","['pelaku', 'penganiayaan', 'terima', 'dituduh', 'kesalahan']","['pelaku', 'aniaya', 'terima', 'tuduh', 'salah']",pelaku aniaya terima tuduh salah
LP/B/42/III/2021/Kalbar/Res/Mpw/Sek/Sui Pinyuh,5 Maret 2021,"Pelaku melihat 1 unit HP Samsung Galaxy yang diletakkan korban di Jl. Jurusan Pontianak, Desa/Kel. Nusapati, Kec. Sungai Pinyuh, kemudian dengan cepat menguras isi laci kasir.",Pelaku melihat unit HP Samsung Galaxy yang diletakkan korban di Jl Jurusan Pontianak Desa Kel Nusapati Kec Sungai Pinyuh kemudian dengan cepat menguras isi laci kasir,pelaku melihat unit hp samsung galaxy yang diletakkan korban di jl jurusan pontianak desa kel nusapati kec sungai pinyuh kemudian dengan cepat menguras isi laci kasir,pelaku melihat unit handphone samsung galaxy yang diletakkan korban di jalan jurusan pontianak desa keluarga nusapati kecamatan sungai pinyuh kemudian dengan cepat menguras isi laci kasir,"['pelaku', 'melihat', 'unit', 'handphone', 'samsung', 'galaxy', 'yang', 'diletakkan', 'korban', 'di', 'jalan', 'jurusan', 'pontianak', 'desa', 'keluarga', 'nusapati', 'kecamatan', 'sungai', 'pinyuh', 'kemudian', 'dengan', 'cepat', 'menguras', 'isi', 'laci', 'kasir']","['pelaku', 'unit', 'handphone', 'samsung', 'galaxy', 'diletakkan', 'korban', 'jalan', 'jurusan', 'pontianak', 'desa', 'keluarga', 'nusapati', 'kecamatan', 'sungai', 'pinyuh', 'cepat', 'menguras', 'isi', 'laci', 'kasir']","['pelaku', 'unit', 'handphone', 'samsung', 'galaxy', 'letak', 'korban', 'jalan', 'jurus', 'pontianak', 'desa', 'keluarga', 'nusapati', 'camat', 'sungai', 'pinyuh', 'cepat', 'menguras', 'isi', 'laci', 'kasir']",pelaku unit handphone samsung galaxy letak korban jalan jurus pontianak desa keluarga nusapati camat sungai pinyuh cepat menguras isi laci kasir
LP/B/43/III/2021/Kalbar/Res/Mpw/Sek/Sui Pinyuh,7 Maret 2021,"Pelaku menawarkan barang elektronik black market kepada korban dengan harga murah, korban mentransfer uang namun barang tidak pernah dikirim.",Pelaku menawarkan barang elektronik black market kepada korban dengan harga murah korban mentransfer uang namun barang tidak pernah dikirim,pelaku menawarkan barang elektronik black market kepada korban dengan harga murah korban mentransfer uang namun barang tidak pernah dikirim,pelaku menawarkan barang elektronik black market kepada korban dengan harga murah korban mentransfer uang namun barang tidak pernah dikirim,"['pelaku', 'menawarkan', 'barang', 'elektronik', 'black', 'market', 'kepada', 'korban', 'dengan', 'harga', 'murah', 'korban', 'mentransfer', 'uang', 'namun', 'barang', 'tidak', 'pernah', 'dikirim']","['pelaku', 'menawarkan', 'barang', 'elektronik', 'black', 'market', 'korban', 'harga', 'murah', 'korban', 'mentransfer', 'uang', 'barang', 'dikirim']","['pelaku', 'tawar', 'barang', 'elektronik', 'black', 'market', 'korban', 'harga', 'murah', 'korban', 'transfer', 'uang', 'barang', 'kirim']",pelaku tawar barang elektronik black market korban harga murah korban transfer uang barang kirim
LP/B/44/III/2021/Kalbar/Res/Mpw/Sek/Sui Pinyuh,7 Maret 2021,"Pelaku melihat 1 unit Laptop ASUS yang diletakkan korban di Dusun Kenanga, Sungai Purun Besar, Kec. Sungai Pinyuh, kemudian dengan cepat menguras isi laci kasir.",Pelaku melihat unit Laptop ASUS yang diletakkan korban di Dusun Kenanga Sungai Purun Besar Kec Sungai Pinyuh kemudian dengan cepat menguras isi laci kasir,pelaku melihat unit laptop asus yang diletakkan korban di dusun kenanga sungai purun besar kec sungai pinyuh kemudian dengan cepat menguras isi laci kasir,pelaku melihat unit laptop asus yang diletakkan korban di dusun kenanga sungai purun besar kecamatan sungai pinyuh kemudian dengan cepat menguras isi laci kasir,"['pelaku', 'melihat', 'unit', 'laptop', 'asus', 'yang', 'diletakkan', 'korban', 'di', 'dusun', 'kenanga', 'sungai', 'purun', 'besar', 'kecamatan', 'sungai', 'pinyuh', 'kemudian', 'dengan', 'cepat', 'menguras', 'isi', 'laci', 'kasir']","['pelaku', 'unit', 'laptop', 'asus', 'diletakkan', 'korban', 'dusun', 'kenanga', 'sungai', 'purun', 'kecamatan', 'sungai', 'pinyuh', 'cepat', 'menguras', 'isi', 'laci', 'kasir']","['pelaku', 'unit', 'laptop', 'asus', 'letak', 'korban', 'dusun', 'kenanga', 'sungai', 'purun', 'camat', 'sungai', 'pinyuh', 'cepat', 'menguras', 'isi', 'laci', 'kasir']",pelaku unit laptop asus letak korban dusun kenanga sungai purun camat sungai pinyuh cepat menguras isi laci kasir
LP/B/45/III/2021/Kalbar/Res/Mpw/Sek/Sui Pinyuh,9 Maret 2021,Pelaku melakukan pemukulan karena kesalahpahaman transaksi jual beli.,Pelaku melakukan pemukulan karena kesalahpahaman transaksi jual beli,pelaku melakukan pemukulan karena kesalahpahaman transaksi jual beli,pelaku melakukan pemukulan karena kesalahpahaman transaksi jual beli,"['pelaku', 'melakukan', 'pemukulan', 'karena', 'kesalahpahaman', 'transaksi', 'jual', 'beli']","['pelaku', 'pemukulan', 'kesalahpahaman', 'transaksi', 'jual', 'beli']","['pelaku', 'pukul', 'kesalahpahaman', 'transaksi', 'jual', 'beli']",pelaku pukul kesalahpahaman transaksi jual beli
LP/B/47/III/2021/Kalbar/Res/Mpw/Sek/Sui Pinyuh,15 Maret 2021,"Pelaku dalam keadaan mabuk mendatangi rumah korban dan berteriak-teriak, kemudian melempar kaca jendela hingga pecah.",Pelaku dalam keadaan mabuk mendatangi rumah korban dan berteriak teriak kemudian melempar kaca jendela hingga pecah,pelaku dalam keadaan mabuk mendatangi rumah korban dan berteriak teriak kemudian melempar kaca jendela hingga pecah,pelaku dalam keadaan mabuk mendatangi rumah korban dan berteriak teriak kemudian melempar kaca jendela hingga pecah,"['pelaku', 'dalam', 'keadaan', 'mabuk', 'mendatangi', 'rumah', 'korban', 'dan', 'berteriak', 'teriak', 'kemudian', 'melempar', 'kaca', 'jendela', 'hingga', 'pecah']","['pelaku', 'mabuk', 'rumah', 'korban', 'berteriak', 'teriak', 'melempar', 'kaca', 'jendela', 'pecah']","['pelaku', 'mabuk', 'rumah', 'korban', 'teriak', 'teriak', 'lempar', 'kaca', 'jendela', 'pecah']",pelaku mabuk rumah korban teriak teriak lempar kaca jendela pecah
LP/B/48/III/2021/Kalbar/Res/Mpw/Sek/Sui Pinyuh,17 Maret 2021,"Karena marah tidak diberi uang keamanan, pelaku merusak pintu pagar hingga roboh milik korban.",Karena marah tidak diberi uang keamanan pelaku merusak pintu pagar hingga roboh milik korban,karena marah tidak diberi uang keamanan pelaku merusak pintu pagar hingga roboh milik korban,karena marah tidak diberi uang keamanan pelaku merusak pintu pagar hingga roboh milik korban,"['karena', 'marah', 'tidak', 'diberi', 'uang', 'keamanan', 'pelaku', 'merusak', 'pintu', 'pagar', 'hingga', 'roboh', 'milik', 'korban']","['marah', 'uang', 'keamanan', 'pelaku', 'merusak', 'pintu', 'pagar', 'roboh', 'milik', 'korban']","['marah', 'uang', 'aman', 'pelaku', 'rusak', 'pintu', 'pagar', 'roboh', 'milik', 'korban']",marah uang aman pelaku rusak pintu pagar roboh milik korban
LP/B/52/III/2021/Kalbar/Res/Mpw/Sek/Sui Pinyuh,24 Maret 2021,"Pelaku melihat uang tunai Rp 10.000.000 yang diletakkan korban di Gg. Cempaka, Desa/Kel. Nusapati, Kec. Sungai Pinyuh, kemudian dengan cepat mengambil tabung gas dan sembako.",Pelaku melihat uang tunai Rp yang diletakkan korban di Gg Cempaka Desa Kel Nusapati Kec Sungai Pinyuh kemudian dengan cepat mengambil tabung gas dan sembako,pelaku melihat uang tunai rp yang diletakkan korban di gg cempaka desa kel nusapati kec sungai pinyuh kemudian dengan cepat mengambil tabung gas dan sembako,pelaku melihat uang tunai rupiah yang diletakkan korban di gang cempaka desa keluarga nusapati kecamatan sungai pinyuh kemudian dengan cepat mengambil tabung gas dan sembako,"['pelaku', 'melihat', 'uang', 'tunai', 'rupiah', 'yang', 'diletakkan', 'korban', 'di', 'gang', 'cempaka', 'desa', 'keluarga', 'nusapati', 'kecamatan', 'sungai', 'pinyuh', 'kemudian', 'dengan', 'cepat', 'mengambil', 'tabung', 'gas', 'dan', 'sembako']","['pelaku', 'uang', 'tunai', 'rupiah', 'diletakkan', 'korban', 'gang', 'cempaka', 'desa', 'keluarga', 'nusapati', 'kecamatan', 'sungai', 'pinyuh', 'cepat', 'mengambil', 'tabung', 'gas', 'sembako']","['pelaku', 'uang', 'tunai', 'rupiah', 'letak', 'korban', 'gang', 'cempaka', 'desa', 'keluarga', 'nusapati', 'camat', 'sungai', 'pinyuh', 'cepat', 'ambil', 'tabung', 'gas', 'sembako']",pelaku uang tunai rupiah letak korban gang cempaka desa keluarga nusapati camat sungai pinyuh cepat ambil tabung gas sembako
LP/B/53/III/2021/Kalbar/Res/Mpw/Sek/Sui Pinyuh,27 Maret 2021,"Pelaku masuk ke dalam gudang dengan cara merusak gembok, kemudian mengambil uang tunai Rp 10.000.000.",Pelaku masuk ke dalam gudang dengan cara merusak gembok kemudian mengambil uang tunai Rp,pelaku masuk ke dalam gudang dengan cara merusak gembok kemudian mengambil uang tunai rp,pelaku masuk ke dalam gudang dengan cara merusak gembok kemudian mengambil uang tunai rupiah,"['pelaku', 'masuk', 'ke', 'dalam', 'gudang', 'dengan', 'cara', 'merusak', 'gembok', 'kemudian', 'mengambil', 'uang', 'tunai', 'rupiah']","['pelaku', 'masuk', 'gudang', 'merusak', 'gembok', 'mengambil', 'uang', 'tunai', 'rupiah']","['pelaku', 'masuk', 'gudang', 'rusak', 'gembok', 'ambil', 'uang', 'tunai', 'rupiah']",pelaku masuk gudang rusak gembok ambil uang tunai rupiah
LP/B/54/III/2021/Kalbar/Res/Mpw/Sek/Sui Pinyuh,27 Maret 2021,Pelaku memukul korban menggunakan papan kayu karena sengketa tanah.,Pelaku memukul korban menggunakan papan kayu karena sengketa tanah,pelaku memukul korban menggunakan papan kayu karena sengketa tanah,pelaku memukul korban menggunakan papan kayu karena sengketa tanah,"['pelaku', 'memukul', 'korban', 'menggunakan', 'papan', 'kayu', 'karena', 'sengketa', 'tanah']","['pelaku', 'memukul', 'korban', 'papan', 'kayu', 'sengketa', 'tanah']","['pelaku', 'pukul', 'korban', 'papan', 'kayu', 'sengketa', 'tanah']",pelaku pukul korban papan kayu sengketa tanah
LP/B/56/IV/2021/Kalbar/Res/Mpw/Sek/Sui Pinyuh,1 April 2021,"Pelaku dalam keadaan mabuk mendatangi rumah korban dan berteriak-teriak, kemudian merusak pintu pagar hingga roboh.",Pelaku dalam keadaan mabuk mendatangi rumah korban dan berteriak teriak kemudian merusak pintu pagar hingga roboh,pelaku dalam keadaan mabuk mendatangi rumah korban dan berteriak teriak kemudian merusak pintu pagar hingga roboh,pelaku dalam keadaan mabuk mendatangi rumah korban dan berteriak teriak kemudian merusak pintu pagar hingga roboh,"['pelaku', 'dalam', 'keadaan', 'mabuk', 'mendatangi', 'rumah', 'korban', 'dan', 'berteriak', 'teriak', 'kemudian', 'merusak', 'pintu', 'pagar', 'hingga', 'roboh']","['pelaku', 'mabuk', 'rumah', 'korban', 'berteriak', 'teriak', 'merusak', 'pintu', 'pagar', 'roboh']","['pelaku', 'mabuk', 'rumah', 'korban', 'teriak', 'teriak', 'rusak', 'pintu', 'pagar', 'roboh']",pelaku mabuk rumah korban teriak teriak rusak pintu pagar roboh
LP/B/57/IV/2021/Kalbar/Res/Mpw/Sek/Sui Pinyuh,5 April 2021,Pelaku meninju korban akibat tersinggung oleh komentar korban.,Pelaku meninju korban akibat tersinggung oleh komentar korban,pelaku meninju korban akibat tersinggung oleh komentar korban,pelaku meninju korban akibat tersinggung oleh komentar korban,"['pelaku', 'meninju', 'korban', 'akibat', 'tersinggung', 'oleh', 'komentar', 'korban']","['pelaku', 'meninju', 'korban', 'akibat', 'tersinggung', 'komentar', 'korban']","['pelaku', 'tinju', 'korban', 'akibat', 'singgung', 'komentar', 'korban']",pelaku tinju korban akibat singgung komentar korban
LP/B/58/IV/2021/Kalbar/Res/Mpw/Sek/Sui Pinyuh,10 April 2021,"Berdasarkan informasi warga, petugas melakukan penggerebekan di Gg. Cempaka, Desa/Kel. Sungai Bakau Besar Laut, Kec. Sungai Pinyuh dan mendapati pelaku sedang menimbang sabu ke dalam paket kecil.",Berdasarkan informasi warga petugas melakukan penggerebekan di Gg Cempaka Desa Kel Sungai Bakau Besar Laut Kec Sungai Pinyuh dan mendapati pelaku sedang menimbang sabu ke dalam paket kecil,berdasarkan informasi warga petugas melakukan penggerebekan di gg cempaka desa kel sungai bakau besar laut kec sungai pinyuh dan mendapati pelaku sedang menimbang sabu ke dalam paket kecil,berdasarkan informasi warga petugas melakukan penggerebekan di gang cempaka desa keluarga sungai bakau besar laut kecamatan sungai pinyuh dan mendapati pelaku sedang menimbang sabu ke dalam paket kecil,"['berdasarkan', 'informasi', 'warga', 'petugas', 'melakukan', 'penggerebekan', 'di', 'gang', 'cempaka', 'desa', 'keluarga', 'sungai', 'bakau', 'besar', 'laut', 'kecamatan', 'sungai', 'pinyuh', 'dan', 'mendapati', 'pelaku', 'sedang', 'menimbang', 'sabu', 'ke', 'dalam', 'paket', 'kecil']","['berdasarkan', 'informasi', 'warga', 'petugas', 'penggerebekan', 'gang', 'cempaka', 'desa', 'keluarga', 'sungai', 'bakau', 'laut', 'kecamatan', 'sungai', 'pinyuh', 'mendapati', 'pelaku', 'menimbang', 'sabu', 'paket']","['dasar', 'informasi', 'warga', 'petugas', 'gerebek', 'gang', 'cempaka', 'desa', 'keluarga', 'sungai', 'bakau', 'laut', 'camat', 'sungai', 'pinyuh', 'dapat', 'pelaku', 'timbang', 'sabu', 'paket']",dasar informasi warga petugas gerebek gang cempaka desa keluarga sungai bakau laut camat sungai pinyuh dapat pelaku timbang sabu paket
LP/B/60/IV/2021/Kalbar/Res/Mpw/Sek/Sui Pinyuh,16 April 2021,"Karena marah tidak diberi uang keamanan, pelaku melempar kaca jendela hingga pecah milik korban.",Karena marah tidak diberi uang keamanan pelaku melempar kaca jendela hingga pecah milik korban,karena marah tidak diberi uang keamanan pelaku melempar kaca jendela hingga pecah milik korban,karena marah tidak diberi uang keamanan pelaku melempar kaca jendela hingga pecah milik korban,"['karena', 'marah', 'tidak', 'diberi', 'uang', 'keamanan', 'pelaku', 'melempar', 'kaca', 'jendela', 'hingga', 'pecah', 'milik', 'korban']","['marah', 'uang', 'keamanan', 'pelaku', 'melempar', 'kaca', 'jendela', 'pecah', 'milik', 'korban']","['marah', 'uang', 'aman', 'pelaku', 'lempar', 'kaca', 'jendela', 'pecah', 'milik', 'korban']",marah uang aman pelaku lempar kaca jendela pecah milik korban
LP/B/61/IV/2021/Kalbar/Res/Mpw/Sek/Sui Pinyuh,17 April 2021,"Pelaku merusak kunci stang motor menggunakan kunci T saat motor diparkir di Gg. Baru RT 09/RW 08, Sungai Bakau Besar Laut, Kec. Sungai Pinyuh, Kab. Mempawah, lalu membawanya kabur.",Pelaku merusak kunci stang motor menggunakan kunci T saat motor diparkir di Gg Baru RT RW Sungai Bakau Besar Laut Kec Sungai Pinyuh Kab Mempawah lalu membawanya kabur,pelaku merusak kunci stang motor menggunakan kunci t saat motor diparkir di gg baru rt rw sungai bakau besar laut kec sungai pinyuh kab mempawah lalu membawanya kabur,pelaku merusak kunci stang motor menggunakan kunci t saat motor diparkir di gang baru rukun tetangga rukun warga sungai bakau besar laut kecamatan sungai pinyuh kabupaten mempawah lalu membawanya kabur,"['pelaku', 'merusak', 'kunci', 'stang', 'motor', 'menggunakan', 'kunci', 't', 'saat', 'motor', 'diparkir', 'di', 'gang', 'baru', 'rukun', 'tetangga', 'rukun', 'warga', 'sungai', 'bakau', 'besar', 'laut', 'kecamatan', 'sungai', 'pinyuh', 'kabupaten', 'mempawah', 'lalu', 'membawanya', 'kabur']","['pelaku', 'merusak', 'kunci', 'stang', 'motor', 'kunci', 'motor', 'diparkir', 'gang', 'rukun', 'tetangga', 'rukun', 'warga', 'sungai', 'bakau', 'laut', 'kecamatan', 'sungai', 'pinyuh', 'kabupaten', 'mempawah', 'membawanya', 'kabur']","['pelaku', 'rusak', 'kunci', 'stang', 'motor', 'kunci', 'motor', 'parkir', 'gang', 'rukun', 'tetangga', 'rukun', 'warga', 'sungai', 'bakau', 'laut', 'camat', 'sungai', 'pinyuh', 'kabupaten', 'mempawah', 'bawa', 'kabur']",pelaku rusak kunci stang motor kunci motor parkir gang rukun tetangga rukun warga sungai bakau laut camat sungai pinyuh kabupaten mempawah bawa kabur
LP/B/62/IV/2021/Kalbar/Res/Mpw/Sek/Sui Pinyuh,18 April 2021,"Pelaku berpura-pura menjadi tamu/pembeli, saat korban lengah pelaku mengambil barang berharga tersebut.",Pelaku berpura pura menjadi tamu pembeli saat korban lengah pelaku mengambil barang berharga tersebut,pelaku berpura pura menjadi tamu pembeli saat korban lengah pelaku mengambil barang berharga tersebut,pelaku berpura pura menjadi tamu pembeli saat korban lengah pelaku mengambil barang berharga tersebut,"['pelaku', 'berpura', 'pura', 'menjadi', 'tamu', 'pembeli', 'saat', 'korban', 'lengah', 'pelaku', 'mengambil', 'barang', 'berharga', 'tersebut']","['pelaku', 'berpura', 'pura', 'tamu', 'pembeli', 'korban', 'lengah', 'pelaku', 'mengambil', 'barang', 'berharga']","['pelaku', 'pura', 'pura', 'tamu', 'pembeli', 'korban', 'lengah', 'pelaku', 'ambil', 'barang', 'harga']",pelaku pura pura tamu pembeli korban lengah pelaku ambil barang harga
LP/B/63/IV/2021/Kalbar/Res/Mpw/Sek/Sui Pinyuh,18 April 2021,"Pelaku mengajak korban kerjasama bisnis konveksi dengan janji keuntungan 20%, namun ternyata bisnis tersebut fiktif.",Pelaku mengajak korban kerjasama bisnis konveksi dengan janji keuntungan namun ternyata bisnis tersebut fiktif,pelaku mengajak korban kerjasama bisnis konveksi dengan janji keuntungan namun ternyata bisnis tersebut fiktif,pelaku mengajak korban kerjasama bisnis konveksi dengan janji keuntungan namun ternyata bisnis tersebut fiktif,"['pelaku', 'mengajak', 'korban', 'kerjasama', 'bisnis', 'konveksi', 'dengan', 'janji', 'keuntungan', 'namun', 'ternyata', 'bisnis', 'tersebut', 'fiktif']","['pelaku', 'mengajak', 'korban', 'kerjasama', 'bisnis', 'konveksi', 'janji', 'keuntungan', 'bisnis', 'fiktif']","['pelaku', 'ajak', 'korban', 'kerjasama', 'bisnis', 'konveksi', 'janji', 'untung', 'bisnis', 'fiktif']",pelaku ajak korban kerjasama bisnis konveksi janji untung bisnis fiktif
LP/B/64/IV/2021/Kalbar/Res/Mpw/Sek/Sui Pinyuh,21 April 2021,Pelaku memecahkan kaca spion mobil mewah menggunakan tangan kosong karena merasa mobil tersebut hampir menyerempetnya.,Pelaku memecahkan kaca spion mobil mewah menggunakan tangan kosong karena merasa mobil tersebut hampir menyerempetnya,pelaku memecahkan kaca spion mobil mewah menggunakan tangan kosong karena merasa mobil tersebut hampir menyerempetnya,pelaku memecahkan kaca spion mobil mewah menggunakan tangan kosong karena merasa mobil tersebut hampir menyerempetnya,"['pelaku', 'memecahkan', 'kaca', 'spion', 'mobil', 'mewah', 'menggunakan', 'tangan', 'kosong', 'karena', 'merasa', 'mobil', 'tersebut', 'hampir', 'menyerempetnya']","['pelaku', 'memecahkan', 'kaca', 'spion', 'mobil', 'mewah', 'tangan', 'kosong', 'mobil', 'menyerempetnya']","['pelaku', 'pecah', 'kaca', 'spion', 'mobil', 'mewah', 'tangan', 'kosong', 'mobil', 'serempet']",pelaku pecah kaca spion mobil mewah tangan kosong mobil serempet
LP/B/65/IV/2021/Kalbar/Res/Mpw/Sek/Sui Pinyuh,22 April 2021,"Pelaku merusak kunci stang motor menggunakan kunci T saat motor diparkir di Dusun Kenanga, Sungai Rasau, Kec. Sungai Pinyuh, lalu membawanya kabur.",Pelaku merusak kunci stang motor menggunakan kunci T saat motor diparkir di Dusun Kenanga Sungai Rasau Kec Sungai Pinyuh lalu membawanya kabur,pelaku merusak kunci stang motor menggunakan kunci t saat motor diparkir di dusun kenanga sungai rasau kec sungai pinyuh lalu membawanya kabur,pelaku merusak kunci stang motor menggunakan kunci t saat motor diparkir di dusun kenanga sungai rasau kecamatan sungai pinyuh lalu membawanya kabur,"['pelaku', 'merusak', 'kunci', 'stang', 'motor', 'menggunakan', 'kunci', 't', 'saat', 'motor', 'diparkir', 'di', 'dusun', 'kenanga', 'sungai', 'rasau', 'kecamatan', 'sungai', 'pinyuh', 'lalu', 'membawanya', 'kabur']","['pelaku', 'merusak', 'kunci', 'stang', 'motor', 'kunci', 'motor', 'diparkir', 'dusun', 'kenanga', 'sungai', 'rasau', 'kecamatan', 'sungai', 'pinyuh', 'membawanya', 'kabur']","['pelaku', 'rusak', 'kunci', 'stang', 'motor', 'kunci', 'motor', 'parkir', 'dusun', 'kenanga', 'sungai', 'rasau', 'camat', 'sungai', 'pinyuh', 'bawa', 'kabur']",pelaku rusak kunci stang motor kunci motor parkir dusun kenanga sungai rasau camat sungai pinyuh bawa kabur
LP/B/66/IV/2021/Kalbar/Res Mpw/Sek Sui Pinyuh,23 April 2021,"Pelaku berpura-pura menjadi tamu/pembeli, saat korban lengah pelaku mengambil dompet dan HP.",Pelaku berpura pura menjadi tamu pembeli saat korban lengah pelaku mengambil dompet dan HP,pelaku berpura pura menjadi tamu pembeli saat korban lengah pelaku mengambil dompet dan hp,pelaku berpura pura menjadi tamu pembeli saat korban lengah pelaku mengambil dompet dan handphone,"['pelaku', 'berpura', 'pura', 'menjadi', 'tamu', 'pembeli', 'saat', 'korban', 'lengah', 'pelaku', 'mengambil', 'dompet', 'dan', 'handphone']","['pelaku', 'berpura', 'pura', 'tamu', 'pembeli', 'korban', 'lengah', 'pelaku', 'mengambil', 'dompet', 'handphone']","['pelaku', 'pura', 'pura', 'tamu', 'pembeli', 'korban', 'lengah', 'pelaku', 'ambil', 'dompet', 'handphone']",pelaku pura pura tamu pembeli korban lengah pelaku ambil dompet handphone
LP/B/67/IV/2021/Kalbar/Res Mpw/Sek Sui Pinyuh,26 April 2021,Pelaku menyerang korban menggunakan kursi plastik saat terjadi keributan.,Pelaku menyerang korban menggunakan kursi plastik saat terjadi keributan,pelaku menyerang korban menggunakan kursi plastik saat terjadi keributan,pelaku menyerang korban menggunakan kursi plastik saat terjadi keributan,"['pelaku', 'menyerang', 'korban', 'menggunakan', 'kursi', 'plastik', 'saat', 'terjadi', 'keributan']","['pelaku', 'menyerang', 'korban', 'kursi', 'plastik', 'keributan']","['pelaku', 'serang', 'korban', 'kursi', 'plastik', 'ribut']",pelaku serang korban kursi plastik ribut
LP/B/68/IV/2021/Kalbar/Res Mpw/Sek Sui Pinyuh,27 April 2021,Pelaku merusak pagar tanaman milik korban dengan cara menebasnya menggunakan parang karena sengketa batas tanah.,Pelaku merusak pagar tanaman milik korban dengan cara menebasnya menggunakan parang karena sengketa batas tanah,pelaku merusak pagar tanaman milik korban dengan cara menebasnya menggunakan parang karena sengketa batas tanah,pelaku merusak pagar tanaman milik korban dengan cara menebasnya menggunakan parang karena sengketa batas tanah,"['pelaku', 'merusak', 'pagar', 'tanaman', 'milik', 'korban', 'dengan', 'cara', 'menebasnya', 'menggunakan', 'parang', 'karena', 'sengketa', 'batas', 'tanah']","['pelaku', 'merusak', 'pagar', 'tanaman', 'milik', 'korban', 'menebasnya', 'parang', 'sengketa', 'batas', 'tanah']","['pelaku', 'rusak', 'pagar', 'tanam', 'milik', 'korban', 'tebas', 'parang', 'sengketa', 'batas', 'tanah']",pelaku rusak pagar tanam milik korban tebas parang sengketa batas tanah
LP/B/69/IV/2021/Kalbar/Res Mpw/Sek Sui Pinyuh,28 April 2021,"Pelapor memarkirkan ran motor Honda Beat warna biru putih tahun 2012  a.n. Indah Pertiwi di Depan teras Losmen Bulan Bintang dlam keadaan stang ran sepmotnya tidak terkunci kemudian pelapor kembali ke parkiran namun sepmot sudah tidak ada di tempat/hilang. Kerudian : Rp. 8.000.000,- ",Pelapor memarkirkan ran motor Honda Beat warna biru putih tahun a n Indah Pertiwi di Depan teras Losmen Bulan Bintang dlam keadaan stang ran sepmotnya tidak terkunci kemudian pelapor kembali ke parkiran namun sepmot sudah tidak ada di tempat hilang Kerudian Rp,pelapor memarkirkan ran motor honda beat warna biru putih tahun a n indah pertiwi di depan teras losmen bulan bintang dlam keadaan stang ran sepmotnya tidak terkunci kemudian pelapor kembali ke parkiran namun sepmot sudah tidak ada di tempat hilang kerudian rp,pelapor memarkirkan ran motor honda beat warna biru putih tahun a n indah pertiwi di depan teras losmen bulan bintang dalam keadaan stang ran sepmotnya tidak terkunci kemudian pelapor kembali ke parkiran namun sepmot sudah tidak ada di tempat hilang kerudian rupiah,"['pelapor', 'memarkirkan', 'ran', 'motor', 'honda', 'beat', 'warna', 'biru', 'putih', 'tahun', 'a', 'n', 'indah', 'pertiwi', 'di', 'depan', 'teras', 'losmen', 'bulan', 'bintang', 'dalam', 'keadaan', 'stang', 'ran', 'sepmotnya', 'tidak', 'terkunci', 'kemudian', 'pelapor', 'kembali', 'ke', 'parkiran', 'namun', 'sepmot', 'sudah', 'tidak', 'ada', 'di', 'tempat', 'hilang', 'kerudian', 'rupiah']","['pelapor', 'memarkirkan', 'ran', 'motor', 'honda', 'beat', 'warna', 'biru', 'putih', 'indah', 'pertiwi', 'teras', 'losmen', 'bintang', 'stang', 'ran', 'sepmotnya', 'terkunci', 'pelapor', 'parkiran', 'sepmot', 'hilang', 'kerudian', 'rupiah']","['lapor', 'parkir', 'ran', 'motor', 'honda', 'beat', 'warna', 'biru', 'putih', 'indah', 'pertiwi', 'teras', 'losmen', 'bintang', 'stang', 'ran', 'sepmotnya', 'kunci', 'lapor', 'parkir', 'sepmot', 'hilang', 'rudi', 'rupiah']",lapor parkir ran motor honda beat warna biru putih indah pertiwi teras losmen bintang stang ran sepmotnya kunci lapor parkir sepmot hilang rudi rupiah
LP/B/70/IV/2021/Kalbar/Res Mpw/Sek Sui Pinyuh,30 April 2021,Pelaku membanting tablet milik temannya karena kesal tidak dipinjami untuk bermain media sosial.,Pelaku membanting tablet milik temannya karena kesal tidak dipinjami untuk bermain media sosial,pelaku membanting tablet milik temannya karena kesal tidak dipinjami untuk bermain media sosial,pelaku membanting tablet milik temannya karena kesal tidak dipinjami untuk bermain media sosial,"['pelaku', 'membanting', 'tablet', 'milik', 'temannya', 'karena', 'kesal', 'tidak', 'dipinjami', 'untuk', 'bermain', 'media', 'sosial']","['pelaku', 'membanting', 'tablet', 'milik', 'temannya', 'kesal', 'dipinjami', 'bermain', 'media', 'sosial']","['pelaku', 'banting', 'tablet', 'milik', 'teman', 'kesal', 'pinjam', 'main', 'media', 'sosial']",pelaku banting tablet milik teman kesal pinjam main media sosial
LP/B/71/IV/2021/Kalbar/Res Mpw/Sek Sui Pinyuh,31 April 2021,"Pelaku mengamati rumah korban yang sedang kosong, kemudian masuk melalui pintu dapur yang tidak terkunci dan mengambil dompet dan HP.",Pelaku mengamati rumah korban yang sedang kosong kemudian masuk melalui pintu dapur yang tidak terkunci dan mengambil dompet dan HP,pelaku mengamati rumah korban yang sedang kosong kemudian masuk melalui pintu dapur yang tidak terkunci dan mengambil dompet dan hp,pelaku mengamati rumah korban yang sedang kosong kemudian masuk melalui pintu dapur yang tidak terkunci dan mengambil dompet dan handphone,"['pelaku', 'mengamati', 'rumah', 'korban', 'yang', 'sedang', 'kosong', 'kemudian', 'masuk', 'melalui', 'pintu', 'dapur', 'yang', 'tidak', 'terkunci', 'dan', 'mengambil', 'dompet', 'dan', 'handphone']","['pelaku', 'mengamati', 'rumah', 'korban', 'kosong', 'masuk', 'pintu', 'dapur', 'terkunci', 'mengambil', 'dompet', 'handphone']","['pelaku', 'amat', 'rumah', 'korban', 'kosong', 'masuk', 'pintu', 'dapur', 'kunci', 'ambil', 'dompet', 'handphone']",pelaku amat rumah korban kosong masuk pintu dapur kunci ambil dompet handphone
LP/B/72/V/2021/Kalbar/Res Mpw/Sek Sui Pinyuh,1 Mei 2021,"Pelaku mengajak korban kerjasama bisnis jual beli mobil dengan janji keuntungan 20%, namun ternyata bisnis tersebut fiktif.",Pelaku mengajak korban kerjasama bisnis jual beli mobil dengan janji keuntungan namun ternyata bisnis tersebut fiktif,pelaku mengajak korban kerjasama bisnis jual beli mobil dengan janji keuntungan namun ternyata bisnis tersebut fiktif,pelaku mengajak korban kerjasama bisnis jual beli mobil dengan janji keuntungan namun ternyata bisnis tersebut fiktif,"['pelaku', 'mengajak', 'korban', 'kerjasama', 'bisnis', 'jual', 'beli', 'mobil', 'dengan', 'janji', 'keuntungan', 'namun', 'ternyata', 'bisnis', 'tersebut', 'fiktif']","['pelaku', 'mengajak', 'korban', 'kerjasama', 'bisnis', 'jual', 'beli', 'mobil', 'janji', 'keuntungan', 'bisnis', 'fiktif']","['pelaku', 'ajak', 'korban', 'kerjasama', 'bisnis', 'jual', 'beli', 'mobil', 'janji', 'untung', 'bisnis', 'fiktif']",pelaku ajak korban kerjasama bisnis jual beli mobil janji untung bisnis fiktif
LP/B/73/V/2021/Kalbar/Res Mpw/Sek Sui Pinyuh,2 Mei 2021,Pelaku diduga menendang pintu pagar korban hingga engselnya lepas .,Pelaku diduga menendang pintu pagar korban hingga engselnya lepas,pelaku diduga menendang pintu pagar korban hingga engselnya lepas,pelaku diduga menendang pintu pagar korban hingga engselnya lepas,"['pelaku', 'diduga', 'menendang', 'pintu', 'pagar', 'korban', 'hingga', 'engselnya', 'lepas']","['pelaku', 'diduga', 'menendang', 'pintu', 'pagar', 'korban', 'engselnya', 'lepas']","['pelaku', 'duga', 'tendang', 'pintu', 'pagar', 'korban', 'engsel', 'lepas']",pelaku duga tendang pintu pagar korban engsel lepas
LP/B/74/V/2021/Kalbar/Res Mpw/Sek Sui Pinyuh,04 Mei 2021,"Pelaku masuk ke dalam rumah dengan cara mencungkil/merusak jendela kemudian membuka pintu dapur dan langsung mengambil 2 (dua) buah motor dan uang tunai Rp. 1.500.000,-",Pelaku masuk ke dalam rumah dengan cara mencungkil merusak jendela kemudian membuka pintu dapur dan langsung mengambil dua buah motor dan uang tunai Rp,pelaku masuk ke dalam rumah dengan cara mencungkil merusak jendela kemudian membuka pintu dapur dan langsung mengambil dua buah motor dan uang tunai rp,pelaku masuk ke dalam rumah dengan cara mencungkil merusak jendela kemudian membuka pintu dapur dan langsung mengambil dua buah motor dan uang tunai rupiah,"['pelaku', 'masuk', 'ke', 'dalam', 'rumah', 'dengan', 'cara', 'mencungkil', 'merusak', 'jendela', 'kemudian', 'membuka', 'pintu', 'dapur', 'dan', 'langsung', 'mengambil', 'dua', 'buah', 'motor', 'dan', 'uang', 'tunai', 'rupiah']","['pelaku', 'masuk', 'rumah', 'mencungkil', 'merusak', 'jendela', 'membuka', 'pintu', 'dapur', 'langsung', 'mengambil', 'buah', 'motor', 'uang', 'tunai', 'rupiah']","['pelaku', 'masuk', 'rumah', 'cungkil', 'rusak', 'jendela', 'buka', 'pintu', 'dapur', 'langsung', 'ambil', 'buah', 'motor', 'uang', 'tunai', 'rupiah']",pelaku masuk rumah cungkil rusak jendela buka pintu dapur langsung ambil buah motor uang tunai rupiah
LP/B/75/V/2021/Kalbar/Res Mpw/Sek Sui Pinyuh,5 Mei 2021,Pelaku menampar korban karena cemburu dalam hubungan asmara.,Pelaku menampar korban karena cemburu dalam hubungan asmara,pelaku menampar korban karena cemburu dalam hubungan asmara,pelaku menampar korban karena cemburu dalam hubungan asmara,"['pelaku', 'menampar', 'korban', 'karena', 'cemburu', 'dalam', 'hubungan', 'asmara']","['pelaku', 'menampar', 'korban', 'cemburu', 'hubungan', 'asmara']","['pelaku', 'tampar', 'korban', 'cemburu', 'hubung', 'asmara']",pelaku tampar korban cemburu hubung asmara
LP/B/76/V/2021/Kalbar/Res Mpw/Sek Sui Pinyuh,6 Mei 2021,Pelaku memiliki dendam sehingga menyiramkan oli bekas ke teras dan tembok rumah korban hingga meninggalkan noda permanen.,Pelaku memiliki dendam sehingga menyiramkan oli bekas ke teras dan tembok rumah korban hingga meninggalkan noda permanen,pelaku memiliki dendam sehingga menyiramkan oli bekas ke teras dan tembok rumah korban hingga meninggalkan noda permanen,pelaku memiliki dendam sehingga menyiramkan oli bekas ke teras dan tembok rumah korban hingga meninggalkan noda permanen,"['pelaku', 'memiliki', 'dendam', 'sehingga', 'menyiramkan', 'oli', 'bekas', 'ke', 'teras', 'dan', 'tembok', 'rumah', 'korban', 'hingga', 'meninggalkan', 'noda', 'permanen']","['pelaku', 'memiliki', 'dendam', 'menyiramkan', 'oli', 'bekas', 'teras', 'tembok', 'rumah', 'korban', 'meninggalkan', 'noda', 'permanen']","['pelaku', 'milik', 'dendam', 'siram', 'oli', 'bekas', 'teras', 'tembok', 'rumah', 'korban', 'tinggal', 'noda', 'permanen']",pelaku milik dendam siram oli bekas teras tembok rumah korban tinggal noda permanen
LP/B/77/V/2021/Kalbar/Res Mpw/Sek Sui Pinyuh,08 Mei 2021,"Pelaku masuk ke rumah dengan cara merusak jendela kemudian mengambil 1 (satu) unit handphone (HP) merk Samsung J7 No. IMEI 352806090280136 dan 1 (satu) unit motor merk Honda Vario KB 2095 BY warna hitam tahun 2018, Noka : MH1JFU122JK205023, Nosin : JFU1E224796. Kerugian : Rp. 20.000.000,-",Pelaku masuk ke rumah dengan cara merusak jendela kemudian mengambil satu unit handphone HP merk Samsung J No IMEI dan satu unit motor merk Honda Vario KB BY warna hitam tahun Noka MH JFU JK Nosin JFU E Kerugian Rp,pelaku masuk ke rumah dengan cara merusak jendela kemudian mengambil satu unit handphone hp merk samsung j no imei dan satu unit motor merk honda vario kb by warna hitam tahun noka mh jfu jk nosin jfu e kerugian rp,pelaku masuk ke rumah dengan cara merusak jendela kemudian mengambil satu unit handphone handphone merk samsung saja no imei dan satu unit motor merk honda vario kb by warna hitam tahun noka mah jfu jika nosin jfu e kerugian rupiah,"['pelaku', 'masuk', 'ke', 'rumah', 'dengan', 'cara', 'merusak', 'jendela', 'kemudian', 'mengambil', 'satu', 'unit', 'handphone', 'handphone', 'merk', 'samsung', 'saja', 'no', 'imei', 'dan', 'satu', 'unit', 'motor', 'merk', 'honda', 'vario', 'kb', 'by', 'warna', 'hitam', 'tahun', 'noka', 'mah', 'jfu', 'jika', 'nosin', 'jfu', 'e', 'kerugian', 'rupiah']","['pelaku', 'masuk', 'rumah', 'merusak', 'jendela', 'mengambil', 'unit', 'handphone', 'handphone', 'merk', 'samsung', 'imei', 'unit', 'motor', 'merk', 'honda', 'vario', 'warna', 'hitam', 'noka', 'mah', 'jfu', 'nosin', 'jfu', 'kerugian', 'rupiah']","['pelaku', 'masuk', 'rumah', 'rusak', 'jendela', 'ambil', 'unit', 'handphone', 'handphone', 'merk', 'samsung', 'imei', 'unit', 'motor', 'merk', 'honda', 'vario', 'warna', 'hitam', 'noka', 'mah', 'jfu', 'nosin', 'jfu', 'rugi', 'rupiah']",pelaku masuk rumah rusak jendela ambil unit handphone handphone merk samsung imei unit motor merk honda vario warna hitam noka mah jfu nosin jfu rugi rupiah
LP/B/78/V/2021/Kalbar/Res Mpw/Sek Sui Pinyuh,08 Mei 2021,"Pelapor mendapatkan informasi dari Moc pusat via telepon bahwa sinyal tower PT.H3I/Try di Peniraman down/mati, pelapor langsung mengecek ke lokasi dan melihat gembok pagar sudah hilang dan material tower sudah dirusak dan hilang, adapun alat-alat yang hillang berupa 6 (enam) pcs Feeder Cable, 6 (enam) pcs Jumper Cable, 2 (dua) meter kabel Reoti TO bateri, 2 (dua) meter kabel DODU APM 30 TO DODU TMC, 1 (satu) pcs Aki Genset, 4 (empat) pcs baterai BTS merk Ritar, 50 )lima puluh) meter kabel Coex, 6 (enam) pcs Konektor Feeder. Kerugian : Rp. 13.000.000,-",Pelapor mendapatkan informasi dari Moc pusat via telepon bahwa sinyal tower PT H I Try di Peniraman down mati pelapor langsung mengecek ke lokasi dan melihat gembok pagar sudah hilang dan material tower sudah dirusak dan hilang adapun alat alat yang hillang berupa enam pcs Feeder Cable enam pcs Jumper Cable dua meter kabel Reoti TO bateri dua meter kabel DODU APM TO DODU TMC satu pcs Aki Genset empat pcs baterai BTS merk Ritar lima puluh meter kabel Coex enam pcs Konektor Feeder Kerugian Rp,pelapor mendapatkan informasi dari moc pusat via telepon bahwa sinyal tower pt h i try di peniraman down mati pelapor langsung mengecek ke lokasi dan melihat gembok pagar sudah hilang dan material tower sudah dirusak dan hilang adapun alat alat yang hillang berupa enam pcs feeder cable enam pcs jumper cable dua meter kabel reoti to bateri dua meter kabel dodu apm to dodu tmc satu pcs aki genset empat pcs baterai bts merk ritar lima puluh meter kabel coex enam pcs konektor feeder kerugian rp,pelapor mendapatkan informasi dari moc pusat via telepon bahwa sinyal tower pt h i try di peniraman down mati pelapor langsung mengecek ke lokasi dan melihat gembok pagar sudah hilang dan material tower sudah dirusak dan hilang adapun alat alat yang hillang berupa enam pcs feeder cable enam pcs jumper cable dua meter kabel reoti tapi bateri dua meter kabel dodu apm tapi dodu tmc satu pcs aki genset empat pcs baterai bts merk ritar lima puluh meter kabel coex enam pcs konektor feeder kerugian rupiah,"['pelapor', 'mendapatkan', 'informasi', 'dari', 'moc', 'pusat', 'via', 'telepon', 'bahwa', 'sinyal', 'tower', 'pt', 'h', 'i', 'try', 'di', 'peniraman', 'down', 'mati', 'pelapor', 'langsung', 'mengecek', 'ke', 'lokasi', 'dan', 'melihat', 'gembok', 'pagar', 'sudah', 'hilang', 'dan', 'material', 'tower', 'sudah', 'dirusak', 'dan', 'hilang', 'adapun', 'alat', 'alat', 'yang', 'hillang', 'berupa', 'enam', 'pcs', 'feeder', 'cable', 'enam', 'pcs', 'jumper', 'cable', 'dua', 'meter', 'kabel', 'reoti', 'tapi', 'bateri', 'dua', 'meter', 'kabel', 'dodu', 'apm', 'tapi', 'dodu', 'tmc', 'satu', 'pcs', 'aki', 'genset', 'empat', 'pcs', 'baterai', 'bts', 'merk', 'ritar', 'lima', 'puluh', 'meter', 'kabel', 'coex', 'enam', 'pcs', 'konektor', 'feeder', 'kerugian', 'rupiah']","['pelapor', 'informasi', 'moc', 'pusat', 'via', 'telepon', 'sinyal', 'tower', 'try', 'peniraman', 'down', 'mati', 'pelapor', 'langsung', 'mengecek', 'lokasi', 'gembok', 'pagar', 'hilang', 'material', 'tower', 'dirusak', 'hilang', 'alat', 'alat', 'hillang', 'enam', 'pcs', 'feeder', 'cable', 'enam', 'pcs', 'jumper', 'cable', 'meter', 'kabel', 'reoti', 'bateri', 'meter', 'kabel', 'dodu', 'apm', 'dodu', 'tmc', 'pcs', 'aki', 'genset', 'pcs', 'baterai', 'bts', 'merk', 'ritar', 'puluh', 'meter', 'kabel', 'coex', 'enam', 'pcs', 'konektor', 'feeder', 'kerugian', 'rupiah']","['lapor', 'informasi', 'moc', 'pusat', 'via', 'telepon', 'sinyal', 'tower', 'try', 'tiram', 'down', 'mati', 'lapor', 'langsung', 'ecek', 'lokasi', 'gembok', 'pagar', 'hilang', 'material', 'tower', 'rusak', 'hilang', 'alat', 'alat', 'hillang', 'enam', 'pcs', 'feeder', 'cable', 'enam', 'pcs', 'jumper', 'cable', 'meter', 'kabel', 'reot', 'bateri', 'meter', 'kabel', 'dodu', 'apm', 'dodu', 'tmc', 'pcs', 'aki', 'genset', 'pcs', 'baterai', 'bts', 'merk', 'ritar', 'puluh', 'meter', 'kabel', 'coex', 'enam', 'pcs', 'konektor', 'feeder', 'rugi', 'rupiah']",lapor informasi moc pusat via telepon sinyal tower try tiram down mati lapor langsung ecek lokasi gembok pagar hilang material tower rusak hilang alat alat hillang enam pcs feeder cable enam pcs jumper cable meter kabel reot bateri meter kabel dodu apm dodu tmc pcs aki genset pcs baterai bts merk ritar puluh meter kabel coex enam pcs konektor feeder rugi rupiah
LP/B/79/V/2021/Kalbar/Res Mpw/Sek Sui Pinyuh,10 Mei 2021,"Pelapor mengetahui adanya pencurian dari Sdri. Dwi selaku MS. Indosat melalui telepon mengatakan bahwa telah terjadi pencurian di Tower Indosat site ID 2110095, kemudian pelapor mengecek ke lokasi dan melihat rantai dan gembok telah hilang pintu rak perangkat XL dirusak, adapun perangkat yang hilang berupa 2 Bank 8 Cell baterai BTS merk Genesis tipe 12TD100F4 kapasitas 106 AH. Kerugian : Rp. 24.000.000,-",Pelapor mengetahui adanya pencurian dari Sdri Dwi selaku MS Indosat melalui telepon mengatakan bahwa telah terjadi pencurian di Tower Indosat site ID kemudian pelapor mengecek ke lokasi dan melihat rantai dan gembok telah hilang pintu rak perangkat XL dirusak adapun perangkat yang hilang berupa Bank Cell baterai BTS merk Genesis tipe TD F kapasitas AH Kerugian Rp,pelapor mengetahui adanya pencurian dari sdri dwi selaku ms indosat melalui telepon mengatakan bahwa telah terjadi pencurian di tower indosat site id kemudian pelapor mengecek ke lokasi dan melihat rantai dan gembok telah hilang pintu rak perangkat xl dirusak adapun perangkat yang hilang berupa bank cell baterai bts merk genesis tipe td f kapasitas ah kerugian rp,pelapor mengetahui adanya pencurian dari sendiri dwi selaku masih indosat melalui telepon mengatakan bahwa telah terjadi pencurian di tower indosat site id kemudian pelapor mengecek ke lokasi dan melihat rantai dan gembok telah hilang pintu rak perangkat xl dirusak adapun perangkat yang hilang berupa bank cell baterai bts merk genesis tipe tadi f kapasitas ah kerugian rupiah,"['pelapor', 'mengetahui', 'adanya', 'pencurian', 'dari', 'sendiri', 'dwi', 'selaku', 'masih', 'indosat', 'melalui', 'telepon', 'mengatakan', 'bahwa', 'telah', 'terjadi', 'pencurian', 'di', 'tower', 'indosat', 'site', 'id', 'kemudian', 'pelapor', 'mengecek', 'ke', 'lokasi', 'dan', 'melihat', 'rantai', 'dan', 'gembok', 'telah', 'hilang', 'pintu', 'rak', 'perangkat', 'xl', 'dirusak', 'adapun', 'perangkat', 'yang', 'hilang', 'berupa', 'bank', 'cell', 'baterai', 'bts', 'merk', 'genesis', 'tipe', 'tadi', 'f', 'kapasitas', 'ah', 'kerugian', 'rupiah']","['pelapor', 'pencurian', 'dwi', 'indosat', 'telepon', 'pencurian', 'tower', 'indosat', 'site', 'pelapor', 'mengecek', 'lokasi', 'rantai', 'gembok', 'hilang', 'pintu', 'rak', 'perangkat', 'dirusak', 'perangkat', 'hilang', 'bank', 'cell', 'baterai', 'bts', 'merk', 'genesis', 'tipe', 'kapasitas', 'kerugian', 'rupiah']","['lapor', 'curi', 'dwi', 'indosat', 'telepon', 'curi', 'tower', 'indosat', 'site', 'lapor', 'ecek', 'lokasi', 'rantai', 'gembok', 'hilang', 'pintu', 'rak', 'perangkat', 'rusak', 'perangkat', 'hilang', 'bank', 'cell', 'baterai', 'bts', 'merk', 'genesis', 'tipe', 'kapasitas', 'rugi', 'rupiah']",lapor curi dwi indosat telepon curi tower indosat site lapor ecek lokasi rantai gembok hilang pintu rak perangkat rusak perangkat hilang bank cell baterai bts merk genesis tipe kapasitas rugi rupiah
LP/B/80/V/2021/Kalbar/Res/Mpw/Sek/Sui Pinyuh,13 Mei 2021,Pelaku memanjat pagar rumah korban pada malam hari dan mengambil dompet berisi uang dan surat-surat yang berada di teras.,Pelaku memanjat pagar rumah korban pada malam hari dan mengambil dompet berisi uang dan surat surat yang berada di teras,pelaku memanjat pagar rumah korban pada malam hari dan mengambil dompet berisi uang dan surat surat yang berada di teras,pelaku memanjat pagar rumah korban pada malam hari dan mengambil dompet berisi uang dan surat surat yang berada di teras,"['pelaku', 'memanjat', 'pagar', 'rumah', 'korban', 'pada', 'malam', 'hari', 'dan', 'mengambil', 'dompet', 'berisi', 'uang', 'dan', 'surat', 'surat', 'yang', 'berada', 'di', 'teras']","['pelaku', 'memanjat', 'pagar', 'rumah', 'korban', 'malam', 'mengambil', 'dompet', 'berisi', 'uang', 'surat', 'surat', 'teras']","['pelaku', 'panjat', 'pagar', 'rumah', 'korban', 'malam', 'ambil', 'dompet', 'isi', 'uang', 'surat', 'surat', 'teras']",pelaku panjat pagar rumah korban malam ambil dompet isi uang surat surat teras
LP/B/81/V/2021/Kalbar/Res/Mpw/Sek/Sui Pinyuh,15 Mei 2021,Pelaku menendang korban di bagian perut karena masalah hutang piutang.,Pelaku menendang korban di bagian perut karena masalah hutang piutang,pelaku menendang korban di bagian perut karena masalah hutang piutang,pelaku menendang korban di bagian perut karena masalah hutang piutang,"['pelaku', 'menendang', 'korban', 'di', 'bagian', 'perut', 'karena', 'masalah', 'hutang', 'piutang']","['pelaku', 'menendang', 'korban', 'perut', 'hutang', 'piutang']","['pelaku', 'tendang', 'korban', 'perut', 'hutang', 'piutang']",pelaku tendang korban perut hutang piutang
LP/B/82/V/2021/Kalbar/Res/Mpw/Sek/Sui Pinyuh,16 Mei 2021,"Pelaku melakukan pencurian dengan pemberatan, merusak pintu ruko dan mengambil 2 buah tabung gas 3kg.",Pelaku melakukan pencurian dengan pemberatan merusak pintu ruko dan mengambil buah tabung gas kg,pelaku melakukan pencurian dengan pemberatan merusak pintu ruko dan mengambil buah tabung gas kg,pelaku melakukan pencurian dengan pemberatan merusak pintu ruko dan mengambil buah tabung gas kilo,"['pelaku', 'melakukan', 'pencurian', 'dengan', 'pemberatan', 'merusak', 'pintu', 'ruko', 'dan', 'mengambil', 'buah', 'tabung', 'gas', 'kilo']","['pelaku', 'pencurian', 'pemberatan', 'merusak', 'pintu', 'ruko', 'mengambil', 'buah', 'tabung', 'gas', 'kilo']","['pelaku', 'curi', 'berat', 'rusak', 'pintu', 'ruko', 'ambil', 'buah', 'tabung', 'gas', 'kilo']",pelaku curi berat rusak pintu ruko ambil buah tabung gas kilo
LP/B/83/V/2021/Kalbar/Res/Mpw/Sek/Sui Pinyuh,17 Mei 2021,Pelaku melempar korban menggunakan asbak rokok mengenai pelipis korban hingga luka robek.,Pelaku melempar korban menggunakan asbak rokok mengenai pelipis korban hingga luka robek,pelaku melempar korban menggunakan asbak rokok mengenai pelipis korban hingga luka robek,pelaku melempar korban menggunakan asbak rokok mengenai pelipis korban hingga luka robek,"['pelaku', 'melempar', 'korban', 'menggunakan', 'asbak', 'rokok', 'mengenai', 'pelipis', 'korban', 'hingga', 'luka', 'robek']","['pelaku', 'melempar', 'korban', 'asbak', 'rokok', 'pelipis', 'korban', 'luka', 'robek']","['pelaku', 'lempar', 'korban', 'asbak', 'rokok', 'pelipis', 'korban', 'luka', 'robek']",pelaku lempar korban asbak rokok pelipis korban luka robek
LP/B/84/V/2021/Kalbar/Res/Mpw/Sek/Sui Pinyuh,18 Mei 2021,Pelaku memotong kabel internet (wifi) tetangganya menggunakan gunting besar karena iri tidak punya internet.,Pelaku memotong kabel internet wifi tetangganya menggunakan gunting besar karena iri tidak punya internet,pelaku memotong kabel internet wifi tetangganya menggunakan gunting besar karena iri tidak punya internet,pelaku memotong kabel internet wifi tetangganya menggunakan gunting besar karena iri tidak punya internet,"['pelaku', 'memotong', 'kabel', 'internet', 'wifi', 'tetangganya', 'menggunakan', 'gunting', 'besar', 'karena', 'iri', 'tidak', 'punya', 'internet']","['pelaku', 'memotong', 'kabel', 'internet', 'wifi', 'tetangganya', 'gunting', 'iri', 'internet']","['pelaku', 'potong', 'kabel', 'internet', 'wifi', 'tetangga', 'gunting', 'iri', 'internet']",pelaku potong kabel internet wifi tetangga gunting iri internet
LP/B/85/V/2021/Kalbar/Res/Mpw/Sek/Sui Pinyuh,19 Mei 2021,"Pelaku meminjam uang kepada korban dengan alasan untuk modal usaha dan menjanjikan keuntungan, namun tidak ditepati.",Pelaku meminjam uang kepada korban dengan alasan untuk modal usaha dan menjanjikan keuntungan namun tidak ditepati,pelaku meminjam uang kepada korban dengan alasan untuk modal usaha dan menjanjikan keuntungan namun tidak ditepati,pelaku meminjam uang kepada korban dengan alasan untuk modal usaha dan menjanjikan keuntungan namun tidak ditepati,"['pelaku', 'meminjam', 'uang', 'kepada', 'korban', 'dengan', 'alasan', 'untuk', 'modal', 'usaha', 'dan', 'menjanjikan', 'keuntungan', 'namun', 'tidak', 'ditepati']","['pelaku', 'meminjam', 'uang', 'korban', 'alasan', 'modal', 'usaha', 'menjanjikan', 'keuntungan', 'ditepati']","['pelaku', 'pinjam', 'uang', 'korban', 'alas', 'modal', 'usaha', 'janji', 'untung', 'tepat']",pelaku pinjam uang korban alas modal usaha janji untung tepat
LP/B/86/V/2021/Kalbar/Res/Mpw/Sek/Sui Pinyuh,21 Mei 2021,Pelaku melakukan pemukulan menggunakan kayu balok ke arah punggung korban saat terjadi cekcok mulut.,Pelaku melakukan pemukulan menggunakan kayu balok ke arah punggung korban saat terjadi cekcok mulut,pelaku melakukan pemukulan menggunakan kayu balok ke arah punggung korban saat terjadi cekcok mulut,pelaku melakukan pemukulan menggunakan kayu balok ke arah punggung korban saat terjadi cekcok mulut,"['pelaku', 'melakukan', 'pemukulan', 'menggunakan', 'kayu', 'balok', 'ke', 'arah', 'punggung', 'korban', 'saat', 'terjadi', 'cekcok', 'mulut']","['pelaku', 'pemukulan', 'kayu', 'balok', 'arah', 'punggung', 'korban', 'cekcok', 'mulut']","['pelaku', 'pukul', 'kayu', 'balok', 'arah', 'punggung', 'korban', 'cekcok', 'mulut']",pelaku pukul kayu balok arah punggung korban cekcok mulut
LP/B/88/V/2021/Kalbar/Res/Mpw/Sek/Sui Pinyuh,21 Mei 2021,Pelaku dalam keadaan mabuk merusak pintu warung milik korban hingga jebol.,Pelaku dalam keadaan mabuk merusak pintu warung milik korban hingga jebol,pelaku dalam keadaan mabuk merusak pintu warung milik korban hingga jebol,pelaku dalam keadaan mabuk merusak pintu warung milik korban hingga jebol,"['pelaku', 'dalam', 'keadaan', 'mabuk', 'merusak', 'pintu', 'warung', 'milik', 'korban', 'hingga', 'jebol']","['pelaku', 'mabuk', 'merusak', 'pintu', 'warung', 'milik', 'korban', 'jebol']","['pelaku', 'mabuk', 'rusak', 'pintu', 'warung', 'milik', 'korban', 'jebol']",pelaku mabuk rusak pintu warung milik korban jebol
LP/B/89/V/2021/Kalbar/Res/Mpw/Sek/Sui Pinyuh,21 Mei 2021,"Tertangkap tangan memiliki, menyimpan, dan menguasai narkotika jenis sabu seberat 0.5 gram yang disembunyikan di dalam kotak rokok.",Tertangkap tangan memiliki menyimpan dan menguasai narkotika jenis sabu seberat gram yang disembunyikan di dalam kotak rokok,tertangkap tangan memiliki menyimpan dan menguasai narkotika jenis sabu seberat gram yang disembunyikan di dalam kotak rokok,tertangkap tangan memiliki menyimpan dan menguasai narkotika jenis sabu seberat gram yang disembunyikan di dalam kotak rokok,"['tertangkap', 'tangan', 'memiliki', 'menyimpan', 'dan', 'menguasai', 'narkotika', 'jenis', 'sabu', 'seberat', 'gram', 'yang', 'disembunyikan', 'di', 'dalam', 'kotak', 'rokok']","['tertangkap', 'tangan', 'memiliki', 'menyimpan', 'menguasai', 'narkotika', 'jenis', 'sabu', 'seberat', 'gram', 'disembunyikan', 'kotak', 'rokok']","['tangkap', 'tangan', 'milik', 'simpan', 'kuasa', 'narkotika', 'jenis', 'sabu', 'berat', 'gram', 'sembunyi', 'kotak', 'rokok']",tangkap tangan milik simpan kuasa narkotika jenis sabu berat gram sembunyi kotak rokok
LP/B/91/V/2021/Kalbar/Res/Mpw/Sek/Sui Pinyuh,22 Mei 2021,Pelaku menyobek ban mobil tetangganya menggunakan pisau lipat karena merasa jalannya terhalang.,Pelaku menyobek ban mobil tetangganya menggunakan pisau lipat karena merasa jalannya terhalang,pelaku menyobek ban mobil tetangganya menggunakan pisau lipat karena merasa jalannya terhalang,pelaku menyobek ban mobil tetangganya menggunakan pisau lipat karena merasa jalannya terhalang,"['pelaku', 'menyobek', 'ban', 'mobil', 'tetangganya', 'menggunakan', 'pisau', 'lipat', 'karena', 'merasa', 'jalannya', 'terhalang']","['pelaku', 'menyobek', 'ban', 'mobil', 'tetangganya', 'pisau', 'lipat', 'jalannya', 'terhalang']","['pelaku', 'sobek', 'ban', 'mobil', 'tetangga', 'pisau', 'lipat', 'jalan', 'halang']",pelaku sobek ban mobil tetangga pisau lipat jalan halang
LP/B/92/V/2021/Kalbar/Res/Mpw/Sek/Sui Pinyuh,25 Mei 2021,"Pelaku menjanjikan pekerjaan kepada korban dengan syarat membayar sejumlah uang, namun pekerjaan tersebut fiktif.",Pelaku menjanjikan pekerjaan kepada korban dengan syarat membayar sejumlah uang namun pekerjaan tersebut fiktif,pelaku menjanjikan pekerjaan kepada korban dengan syarat membayar sejumlah uang namun pekerjaan tersebut fiktif,pelaku menjanjikan pekerjaan kepada korban dengan syarat membayar sejumlah uang namun pekerjaan tersebut fiktif,"['pelaku', 'menjanjikan', 'pekerjaan', 'kepada', 'korban', 'dengan', 'syarat', 'membayar', 'sejumlah', 'uang', 'namun', 'pekerjaan', 'tersebut', 'fiktif']","['pelaku', 'menjanjikan', 'pekerjaan', 'korban', 'syarat', 'membayar', 'uang', 'pekerjaan', 'fiktif']","['pelaku', 'janji', 'kerja', 'korban', 'syarat', 'bayar', 'uang', 'kerja', 'fiktif']",pelaku janji kerja korban syarat bayar uang kerja fiktif
LP/B/93/V/2021/Kalbar/Res/Mpw/Sek/Sui Pinyuh,26 Mei 2021,Pelaku merusak tanaman hias dan pot bunga milik korban karena dengki.,Pelaku merusak tanaman hias dan pot bunga milik korban karena dengki,pelaku merusak tanaman hias dan pot bunga milik korban karena dengki,pelaku merusak tanaman hias dan pot bunga milik korban karena dengki,"['pelaku', 'merusak', 'tanaman', 'hias', 'dan', 'pot', 'bunga', 'milik', 'korban', 'karena', 'dengki']","['pelaku', 'merusak', 'tanaman', 'hias', 'pot', 'bunga', 'milik', 'korban', 'dengki']","['pelaku', 'rusak', 'tanam', 'hias', 'pot', 'bunga', 'milik', 'korban', 'dengki']",pelaku rusak tanam hias pot bunga milik korban dengki
LP/B/94/V/2021/Kalbar/Res/Mpw/Sek/Sui Pinyuh,29 Mei 2021,Pelaku mengambil 1 unit sepeda motor Yamaha NMAX yang diletakkan korban di dashboard motor saat korban berbelanja.,Pelaku mengambil unit sepeda motor Yamaha NMAX yang diletakkan korban di dashboard motor saat korban berbelanja,pelaku mengambil unit sepeda motor yamaha nmax yang diletakkan korban di dashboard motor saat korban berbelanja,pelaku mengambil unit sepeda motor yamaha nmax yang diletakkan korban di dashboard motor saat korban berbelanja,"['pelaku', 'mengambil', 'unit', 'sepeda', 'motor', 'yamaha', 'nmax', 'yang', 'diletakkan', 'korban', 'di', 'dashboard', 'motor', 'saat', 'korban', 'berbelanja']","['pelaku', 'mengambil', 'unit', 'sepeda', 'motor', 'yamaha', 'nmax', 'diletakkan', 'korban', 'dashboard', 'motor', 'korban', 'berbelanja']","['pelaku', 'ambil', 'unit', 'sepeda', 'motor', 'yamaha', 'nmax', 'letak', 'korban', 'dashboard', 'motor', 'korban', 'belanja']",pelaku ambil unit sepeda motor yamaha nmax letak korban dashboard motor korban belanja
LP/B/96/VI/2021/Kalbar/Res/Mpw/Sek/Sui Pinyuh,6 Juni 2021,Pelaku memecahkan kaca mobil korban menggunakan helm saat terjadi perselisihan di jalan raya.,Pelaku memecahkan kaca mobil korban menggunakan helm saat terjadi perselisihan di jalan raya,pelaku memecahkan kaca mobil korban menggunakan helm saat terjadi perselisihan di jalan raya,pelaku memecahkan kaca mobil korban menggunakan helm saat terjadi perselisihan di jalan raya,"['pelaku', 'memecahkan', 'kaca', 'mobil', 'korban', 'menggunakan', 'helm', 'saat', 'terjadi', 'perselisihan', 'di', 'jalan', 'raya']","['pelaku', 'memecahkan', 'kaca', 'mobil', 'korban', 'helm', 'perselisihan', 'jalan', 'raya']","['pelaku', 'pecah', 'kaca', 'mobil', 'korban', 'helm', 'selisih', 'jalan', 'raya']",pelaku pecah kaca mobil korban helm selisih jalan raya
LP/B/97/VI/2021/Kalbar/Res/Mpw/Sek/Sui Pinyuh,7 Juni 2021,Pelaku memukul korban akibat perselisihan dalam permainan.,Pelaku memukul korban akibat perselisihan dalam permainan,pelaku memukul korban akibat perselisihan dalam permainan,pelaku memukul korban akibat perselisihan dalam permainan,"['pelaku', 'memukul', 'korban', 'akibat', 'perselisihan', 'dalam', 'permainan']","['pelaku', 'memukul', 'korban', 'akibat', 'perselisihan', 'permainan']","['pelaku', 'pukul', 'korban', 'akibat', 'selisih', 'main']",pelaku pukul korban akibat selisih main
LP/B/98/VI/2021/Kalbar/Res/Mpw/Sek/Sui Pinyuh,12 Juni 2021,"Petugas mengamankan pelaku yang gerak-geriknya mencurigakan di pinggir jalan, saat diperiksa ditemukan 1 paket ganja kering.",Petugas mengamankan pelaku yang gerak geriknya mencurigakan di pinggir jalan saat diperiksa ditemukan paket ganja kering,petugas mengamankan pelaku yang gerak geriknya mencurigakan di pinggir jalan saat diperiksa ditemukan paket ganja kering,petugas mengamankan pelaku yang gerak geriknya mencurigakan di pinggir jalan saat diperiksa ditemukan paket ganja kering,"['petugas', 'mengamankan', 'pelaku', 'yang', 'gerak', 'geriknya', 'mencurigakan', 'di', 'pinggir', 'jalan', 'saat', 'diperiksa', 'ditemukan', 'paket', 'ganja', 'kering']","['petugas', 'mengamankan', 'pelaku', 'gerak', 'geriknya', 'mencurigakan', 'pinggir', 'jalan', 'diperiksa', 'ditemukan', 'paket', 'ganja', 'kering']","['petugas', 'aman', 'pelaku', 'gerak', 'gerik', 'curiga', 'pinggir', 'jalan', 'periksa', 'temu', 'paket', 'ganja', 'kering']",petugas aman pelaku gerak gerik curiga pinggir jalan periksa temu paket ganja kering
LP/B/100/VI/2021/Kalbar/Res/Mpw/Sek/Sui Pinyuh,15 Juni 2021,Pelaku menggores bodi mobil korban menggunakan paku sepanjang sisi kiri kendaraan.,Pelaku menggores bodi mobil korban menggunakan paku sepanjang sisi kiri kendaraan,pelaku menggores bodi mobil korban menggunakan paku sepanjang sisi kiri kendaraan,pelaku menggores bodi mobil korban menggunakan paku sepanjang sisi kiri kendaraan,"['pelaku', 'menggores', 'bodi', 'mobil', 'korban', 'menggunakan', 'paku', 'sepanjang', 'sisi', 'kiri', 'kendaraan']","['pelaku', 'menggores', 'bodi', 'mobil', 'korban', 'paku', 'sisi', 'kiri', 'kendaraan']","['pelaku', 'gores', 'bodi', 'mobil', 'korban', 'paku', 'sisi', 'kiri', 'kendara']",pelaku gores bodi mobil korban paku sisi kiri kendara
LP/B/101/VI/2021/Kalbar/Res/Mpw/Sek/Sui Pinyuh,21 Juni 2021,Pelaku memukul korban menggunakan tangan kosong ke arah wajah sebanyak dua kali karena tersinggung dengan ucapan korban.,Pelaku memukul korban menggunakan tangan kosong ke arah wajah sebanyak dua kali karena tersinggung dengan ucapan korban,pelaku memukul korban menggunakan tangan kosong ke arah wajah sebanyak dua kali karena tersinggung dengan ucapan korban,pelaku memukul korban menggunakan tangan kosong ke arah wajah sebanyak dua kali karena tersinggung dengan ucapan korban,"['pelaku', 'memukul', 'korban', 'menggunakan', 'tangan', 'kosong', 'ke', 'arah', 'wajah', 'sebanyak', 'dua', 'kali', 'karena', 'tersinggung', 'dengan', 'ucapan', 'korban']","['pelaku', 'memukul', 'korban', 'tangan', 'kosong', 'arah', 'wajah', 'kali', 'tersinggung', 'ucapan', 'korban']","['pelaku', 'pukul', 'korban', 'tangan', 'kosong', 'arah', 'wajah', 'kali', 'singgung', 'ucap', 'korban']",pelaku pukul korban tangan kosong arah wajah kali singgung ucap korban
LP/B/102/VI/2021/Kalbar/Res/Mpw/Sek/Sui Pinyuh,25 Juni 2021,"Pelaku melakukan pencurian dengan pemberatan, merusak pintu ruko dan mengambil 1 unit sepeda motor Honda Vario.",Pelaku melakukan pencurian dengan pemberatan merusak pintu ruko dan mengambil unit sepeda motor Honda Vario,pelaku melakukan pencurian dengan pemberatan merusak pintu ruko dan mengambil unit sepeda motor honda vario,pelaku melakukan pencurian dengan pemberatan merusak pintu ruko dan mengambil unit sepeda motor honda vario,"['pelaku', 'melakukan', 'pencurian', 'dengan', 'pemberatan', 'merusak', 'pintu', 'ruko', 'dan', 'mengambil', 'unit', 'sepeda', 'motor', 'honda', 'vario']","['pelaku', 'pencurian', 'pemberatan', 'merusak', 'pintu', 'ruko', 'mengambil', 'unit', 'sepeda', 'motor', 'honda', 'vario']","['pelaku', 'curi', 'berat', 'rusak', 'pintu', 'ruko', 'ambil', 'unit', 'sepeda', 'motor', 'honda', 'vario']",pelaku curi berat rusak pintu ruko ambil unit sepeda motor honda vario
LP/B/103/VI/2021/Kalbar/Res/Mpw/Sek/Sui Pinyuh,27 Juni 2021,Pelaku memanjat pagar rumah korban pada malam hari dan mengambil uang tunai Rp 5.000.000 yang berada di teras.,Pelaku memanjat pagar rumah korban pada malam hari dan mengambil uang tunai Rp yang berada di teras,pelaku memanjat pagar rumah korban pada malam hari dan mengambil uang tunai rp yang berada di teras,pelaku memanjat pagar rumah korban pada malam hari dan mengambil uang tunai rupiah yang berada di teras,"['pelaku', 'memanjat', 'pagar', 'rumah', 'korban', 'pada', 'malam', 'hari', 'dan', 'mengambil', 'uang', 'tunai', 'rupiah', 'yang', 'berada', 'di', 'teras']","['pelaku', 'memanjat', 'pagar', 'rumah', 'korban', 'malam', 'mengambil', 'uang', 'tunai', 'rupiah', 'teras']","['pelaku', 'panjat', 'pagar', 'rumah', 'korban', 'malam', 'ambil', 'uang', 'tunai', 'rupiah', 'teras']",pelaku panjat pagar rumah korban malam ambil uang tunai rupiah teras
LP/B/104/VI/2021/Kalbar/Res/Mpw/Sek/Sui Pinyuh,30 Juni 2021,"Petugas mendapatkan informasi masyarakat bahwa di Jl. Pasar RT 05/RW 05, Peniraman, Kec. Sungai Pinyuh sering terjadi transaksi narkoba, saat digeledah ditemukan 1 paket ganja kering di saku celana pelaku.",Petugas mendapatkan informasi masyarakat bahwa di Jl Pasar RT RW Peniraman Kec Sungai Pinyuh sering terjadi transaksi narkoba saat digeledah ditemukan paket ganja kering di saku celana pelaku,petugas mendapatkan informasi masyarakat bahwa di jl pasar rt rw peniraman kec sungai pinyuh sering terjadi transaksi narkoba saat digeledah ditemukan paket ganja kering di saku celana pelaku,petugas mendapatkan informasi masyarakat bahwa di jalan pasar rukun tetangga rukun warga peniraman kecamatan sungai pinyuh sering terjadi transaksi narkoba saat digeledah ditemukan paket ganja kering di saku celana pelaku,"['petugas', 'mendapatkan', 'informasi', 'masyarakat', 'bahwa', 'di', 'jalan', 'pasar', 'rukun', 'tetangga', 'rukun', 'warga', 'peniraman', 'kecamatan', 'sungai', 'pinyuh', 'sering', 'terjadi', 'transaksi', 'narkoba', 'saat', 'digeledah', 'ditemukan', 'paket', 'ganja', 'kering', 'di', 'saku', 'celana', 'pelaku']","['petugas', 'informasi', 'masyarakat', 'jalan', 'pasar', 'rukun', 'tetangga', 'rukun', 'warga', 'peniraman', 'kecamatan', 'sungai', 'pinyuh', 'transaksi', 'narkoba', 'digeledah', 'ditemukan', 'paket', 'ganja', 'kering', 'saku', 'celana', 'pelaku']","['petugas', 'informasi', 'masyarakat', 'jalan', 'pasar', 'rukun', 'tetangga', 'rukun', 'warga', 'tiram', 'camat', 'sungai', 'pinyuh', 'transaksi', 'narkoba', 'geledah', 'temu', 'paket', 'ganja', 'kering', 'saku', 'celana', 'pelaku']",petugas informasi masyarakat jalan pasar rukun tetangga rukun warga tiram camat sungai pinyuh transaksi narkoba geledah temu paket ganja kering saku celana pelaku
LP/B/105/VI/2021/Kalbar/Res/Mpw/Sek/Sui Pinyuh,30 Juni 2021,Pelaku merusak kandang burung mahal milik tetangga karena merasa terganggu dengan suara kicauan burung di pagi hari.,Pelaku merusak kandang burung mahal milik tetangga karena merasa terganggu dengan suara kicauan burung di pagi hari,pelaku merusak kandang burung mahal milik tetangga karena merasa terganggu dengan suara kicauan burung di pagi hari,pelaku merusak kandang burung mahal milik tetangga karena merasa terganggu dengan suara kicauan burung di pagi hari,"['pelaku', 'merusak', 'kandang', 'burung', 'mahal', 'milik', 'tetangga', 'karena', 'merasa', 'terganggu', 'dengan', 'suara', 'kicauan', 'burung', 'di', 'pagi', 'hari']","['pelaku', 'merusak', 'kandang', 'burung', 'mahal', 'milik', 'tetangga', 'terganggu', 'suara', 'kicauan', 'burung', 'pagi']","['pelaku', 'rusak', 'kandang', 'burung', 'mahal', 'milik', 'tetangga', 'ganggu', 'suara', 'kicau', 'burung', 'pagi']",pelaku rusak kandang burung mahal milik tetangga ganggu suara kicau burung pagi
LP/B/107/VII/2021/Kalbar/Res/Mpw/Sek/Sui Pinyuh,05 Juli 2021,"Motor milik pelapor jenis Yamaha Vega R warna merah marun dengan Nopol KB 2034 BK, Noka : MH34D7203932450896, Nosin : 4D7-1245836 STNK a.n. Retno Yolandari yang diparkirkan di jalan dan ditinggalkan dalam keadaan dikunci gembok dibagian geer ran motornya, saat itu motornya tidak dikunci stang dikarenakan kunci stangnya rusak, tidak lama kemudian pelapor kembali ke tempat parkiran dan melihat motornya sudah hilang. Kerugian : Rp. 5.000.000,-",Motor milik pelapor jenis Yamaha Vega R warna merah marun dengan Nopol KB BK Noka MH D Nosin D STNK a n Retno Yolandari yang diparkirkan di jalan dan ditinggalkan dalam keadaan dikunci gembok dibagian geer ran motornya saat itu motornya tidak dikunci stang dikarenakan kunci stangnya rusak tidak lama kemudian pelapor kembali ke tempat parkiran dan melihat motornya sudah hilang Kerugian Rp,motor milik pelapor jenis yamaha vega r warna merah marun dengan nopol kb bk noka mh d nosin d stnk a n retno yolandari yang diparkirkan di jalan dan ditinggalkan dalam keadaan dikunci gembok dibagian geer ran motornya saat itu motornya tidak dikunci stang dikarenakan kunci stangnya rusak tidak lama kemudian pelapor kembali ke tempat parkiran dan melihat motornya sudah hilang kerugian rp,motor milik pelapor jenis yamaha vega r warna merah marun dengan nopol kb bk noka mah di nosin di stnk a n retno yolandari yang diparkirkan di jalan dan ditinggalkan dalam keadaan dikunci gembok dibagian geer ran motornya saat itu motornya tidak dikunci stang dikarenakan kunci stangnya rusak tidak lama kemudian pelapor kembali ke tempat parkiran dan melihat motornya sudah hilang kerugian rupiah,"['motor', 'milik', 'pelapor', 'jenis', 'yamaha', 'vega', 'r', 'warna', 'merah', 'marun', 'dengan', 'nopol', 'kb', 'bk', 'noka', 'mah', 'di', 'nosin', 'di', 'stnk', 'a', 'n', 'retno', 'yolandari', 'yang', 'diparkirkan', 'di', 'jalan', 'dan', 'ditinggalkan', 'dalam', 'keadaan', 'dikunci', 'gembok', 'dibagian', 'geer', 'ran', 'motornya', 'saat', 'itu', 'motornya', 'tidak', 'dikunci', 'stang', 'dikarenakan', 'kunci', 'stangnya', 'rusak', 'tidak', 'lama', 'kemudian', 'pelapor', 'kembali', 'ke', 'tempat', 'parkiran', 'dan', 'melihat', 'motornya', 'sudah', 'hilang', 'kerugian', 'rupiah']","['motor', 'milik', 'pelapor', 'jenis', 'yamaha', 'vega', 'warna', 'merah', 'marun', 'nopol', 'noka', 'mah', 'nosin', 'stnk', 'retno', 'yolandari', 'diparkirkan', 'jalan', 'ditinggalkan', 'dikunci', 'gembok', 'dibagian', 'geer', 'ran', 'motornya', 'motornya', 'dikunci', 'stang', 'kunci', 'stangnya', 'rusak', 'pelapor', 'parkiran', 'motornya', 'hilang', 'kerugian', 'rupiah']","['motor', 'milik', 'lapor', 'jenis', 'yamaha', 'vega', 'warna', 'merah', 'marun', 'nopol', 'noka', 'mah', 'nosin', 'stnk', 'retno', 'yolandari', 'parkir', 'jalan', 'tinggal', 'kunci', 'gembok', 'bagi', 'geer', 'ran', 'motor', 'motor', 'kunci', 'stang', 'kunci', 'stangnya', 'rusak', 'lapor', 'parkir', 'motor', 'hilang', 'rugi', 'rupiah']",motor milik lapor jenis yamaha vega warna merah marun nopol noka mah nosin stnk retno yolandari parkir jalan tinggal kunci gembok bagi geer ran motor motor kunci stang kunci stangnya rusak lapor parkir motor hilang rugi rupiah
LP/B/108/VII/2021/Kalbar/Res/Mpw/Sek/Sui Pinyuh,6 Juli 2021,"Saat toko sudah tutup, oknum pelaku masuk melalui atap memakai linggis, lalu mengambil paksa laptop merk Asus milik korban.",Saat toko sudah tutup oknum pelaku masuk melalui atap memakai linggis lalu mengambil paksa laptop merk Asus milik korban,saat toko sudah tutup oknum pelaku masuk melalui atap memakai linggis lalu mengambil paksa laptop merk asus milik korban,saat toko sudah tutup oknum pelaku masuk melalui atap memakai linggis lalu mengambil paksa laptop merk asus milik korban,"['saat', 'toko', 'sudah', 'tutup', 'oknum', 'pelaku', 'masuk', 'melalui', 'atap', 'memakai', 'linggis', 'lalu', 'mengambil', 'paksa', 'laptop', 'merk', 'asus', 'milik', 'korban']","['toko', 'tutup', 'oknum', 'pelaku', 'masuk', 'atap', 'memakai', 'linggis', 'mengambil', 'paksa', 'laptop', 'merk', 'asus', 'milik', 'korban']","['toko', 'tutup', 'oknum', 'pelaku', 'masuk', 'atap', 'pakai', 'linggis', 'ambil', 'paksa', 'laptop', 'merk', 'asus', 'milik', 'korban']",toko tutup oknum pelaku masuk atap pakai linggis ambil paksa laptop merk asus milik korban
LP/B/198/VII/2021/Kalbar/Res/Mpw/Sek/Sui Pinyuh,10 Juli 2021,"Pelapor mendapatkan info dari saksi a.n. Maisun (istri pelapor) yang melihat bahwa motor milik pelapor yang terparkir di teras rumah sudah tidak ada. Kerugian : Rp. 24.000.000,-",Pelapor mendapatkan info dari saksi a n Maisun istri pelapor yang melihat bahwa motor milik pelapor yang terparkir di teras rumah sudah tidak ada Kerugian Rp,pelapor mendapatkan info dari saksi a n maisun istri pelapor yang melihat bahwa motor milik pelapor yang terparkir di teras rumah sudah tidak ada kerugian rp,pelapor mendapatkan info dari saksi a n maisun istri pelapor yang melihat bahwa motor milik pelapor yang terparkir di teras rumah sudah tidak ada kerugian rupiah,"['pelapor', 'mendapatkan', 'info', 'dari', 'saksi', 'a', 'n', 'maisun', 'istri', 'pelapor', 'yang', 'melihat', 'bahwa', 'motor', 'milik', 'pelapor', 'yang', 'terparkir', 'di', 'teras', 'rumah', 'sudah', 'tidak', 'ada', 'kerugian', 'rupiah']","['pelapor', 'info', 'saksi', 'maisun', 'istri', 'pelapor', 'motor', 'milik', 'pelapor', 'terparkir', 'teras', 'rumah', 'kerugian', 'rupiah']","['lapor', 'info', 'saksi', 'maisun', 'istri', 'lapor', 'motor', 'milik', 'lapor', 'parkir', 'teras', 'rumah', 'rugi', 'rupiah']",lapor info saksi maisun istri lapor motor milik lapor parkir teras rumah rugi rupiah
LP/B/110/VII/2021/Kalbar/Res/Mpw/Sek/Sui Pinyuh,12 Juli 2021,Pelaku menggores bodi mobil korban karena yang parkir sembarangan di depan rumah pelaku.,Pelaku menggores bodi mobil korban karena yang parkir sembarangan di depan rumah pelaku,pelaku menggores bodi mobil korban karena yang parkir sembarangan di depan rumah pelaku,pelaku menggores bodi mobil korban karena yang parkir sembarangan di depan rumah pelaku,"['pelaku', 'menggores', 'bodi', 'mobil', 'korban', 'karena', 'yang', 'parkir', 'sembarangan', 'di', 'depan', 'rumah', 'pelaku']","['pelaku', 'menggores', 'bodi', 'mobil', 'korban', 'parkir', 'sembarangan', 'rumah', 'pelaku']","['pelaku', 'gores', 'bodi', 'mobil', 'korban', 'parkir', 'sembarang', 'rumah', 'pelaku']",pelaku gores bodi mobil korban parkir sembarang rumah pelaku
LP/B/111/VII/2021/Kalbar/Res/Mpw/Sek/Sui Pinyuh,13 Juli 2021,Pelapor mendapatkan info dari saksi a.n. Melayang melihat bahwa motor milik pelapor yang terparkir di teras rumah sudah tidak ada.,Pelapor mendapatkan info dari saksi a n Melayang melihat bahwa motor milik pelapor yang terparkir di teras rumah sudah tidak ada,pelapor mendapatkan info dari saksi a n melayang melihat bahwa motor milik pelapor yang terparkir di teras rumah sudah tidak ada,pelapor mendapatkan info dari saksi a n melayang melihat bahwa motor milik pelapor yang terparkir di teras rumah sudah tidak ada,"['pelapor', 'mendapatkan', 'info', 'dari', 'saksi', 'a', 'n', 'melayang', 'melihat', 'bahwa', 'motor', 'milik', 'pelapor', 'yang', 'terparkir', 'di', 'teras', 'rumah', 'sudah', 'tidak', 'ada']","['pelapor', 'info', 'saksi', 'melayang', 'motor', 'milik', 'pelapor', 'terparkir', 'teras', 'rumah']","['lapor', 'info', 'saksi', 'layang', 'motor', 'milik', 'lapor', 'parkir', 'teras', 'rumah']",lapor info saksi layang motor milik lapor parkir teras rumah
LP/B/112/VII/2021/Kalbar/Res/Mpw/Sek/Sui Pinyuh,15 Juli 2021,Penagih hutang menendang pintu rumah debitur hingga engselnya lepas karena penghuni rumah tidak mau keluar.,Penagih hutang menendang pintu rumah debitur hingga engselnya lepas karena penghuni rumah tidak mau keluar,penagih hutang menendang pintu rumah debitur hingga engselnya lepas karena penghuni rumah tidak mau keluar,penagih hutang menendang pintu rumah debitur hingga engselnya lepas karena penghuni rumah tidak mau keluar,"['penagih', 'hutang', 'menendang', 'pintu', 'rumah', 'debitur', 'hingga', 'engselnya', 'lepas', 'karena', 'penghuni', 'rumah', 'tidak', 'mau', 'keluar']","['penagih', 'hutang', 'menendang', 'pintu', 'rumah', 'debitur', 'engselnya', 'lepas', 'penghuni', 'rumah']","['tagih', 'hutang', 'tendang', 'pintu', 'rumah', 'debitur', 'engsel', 'lepas', 'penghuni', 'rumah']",tagih hutang tendang pintu rumah debitur engsel lepas penghuni rumah
LP/B/113/VII/2021/Kalbar/Res/Mpw/Sek/Sui Pinyuh,16 Juli 2021,"Pelaku menagih hutang kepada korban namun korban belum bisa membayar, sehingga pelaku marah dan melempar asbak ke arah kepala korban.",Pelaku menagih hutang kepada korban namun korban belum bisa membayar sehingga pelaku marah dan melempar asbak ke arah kepala korban,pelaku menagih hutang kepada korban namun korban belum bisa membayar sehingga pelaku marah dan melempar asbak ke arah kepala korban,pelaku menagih hutang kepada korban namun korban belum bisa membayar sehingga pelaku marah dan melempar asbak ke arah kepala korban,"['pelaku', 'menagih', 'hutang', 'kepada', 'korban', 'namun', 'korban', 'belum', 'bisa', 'membayar', 'sehingga', 'pelaku', 'marah', 'dan', 'melempar', 'asbak', 'ke', 'arah', 'kepala', 'korban']","['pelaku', 'menagih', 'hutang', 'korban', 'korban', 'membayar', 'pelaku', 'marah', 'melempar', 'asbak', 'arah', 'kepala', 'korban']","['pelaku', 'tagih', 'hutang', 'korban', 'korban', 'bayar', 'pelaku', 'marah', 'lempar', 'asbak', 'arah', 'kepala', 'korban']",pelaku tagih hutang korban korban bayar pelaku marah lempar asbak arah kepala korban
LP/B/114/VII/2021/Kalbar/Res/Mpw/Sek/Sui Pinyuh,16 Juli 2021,"Pelaku menawarkan tanah kavling kepada korban dengan harga murah, korban mentransfer uang namun akun media sosial pelaku menghilang.",Pelaku menawarkan tanah kavling kepada korban dengan harga murah korban mentransfer uang namun akun media sosial pelaku menghilang,pelaku menawarkan tanah kavling kepada korban dengan harga murah korban mentransfer uang namun akun media sosial pelaku menghilang,pelaku menawarkan tanah kavling kepada korban dengan harga murah korban mentransfer uang namun akun media sosial pelaku menghilang,"['pelaku', 'menawarkan', 'tanah', 'kavling', 'kepada', 'korban', 'dengan', 'harga', 'murah', 'korban', 'mentransfer', 'uang', 'namun', 'akun', 'media', 'sosial', 'pelaku', 'menghilang']","['pelaku', 'menawarkan', 'tanah', 'kavling', 'korban', 'harga', 'murah', 'korban', 'mentransfer', 'uang', 'akun', 'media', 'sosial', 'pelaku', 'menghilang']","['pelaku', 'tawar', 'tanah', 'kavling', 'korban', 'harga', 'murah', 'korban', 'transfer', 'uang', 'akun', 'media', 'sosial', 'pelaku', 'hilang']",pelaku tawar tanah kavling korban harga murah korban transfer uang akun media sosial pelaku hilang
LP/B/116/VII/2021/Kalbar/Res/Mpw/Sek/Sui Pinyuh,18 Juli 2021,"Pelaku menawarkan mobil bekas kepada korban dengan harga murah, korban mentransfer uang namun barang tidak pernah dikirim.",Pelaku menawarkan mobil bekas kepada korban dengan harga murah korban mentransfer uang namun barang tidak pernah dikirim,pelaku menawarkan mobil bekas kepada korban dengan harga murah korban mentransfer uang namun barang tidak pernah dikirim,pelaku menawarkan mobil bekas kepada korban dengan harga murah korban mentransfer uang namun barang tidak pernah dikirim,"['pelaku', 'menawarkan', 'mobil', 'bekas', 'kepada', 'korban', 'dengan', 'harga', 'murah', 'korban', 'mentransfer', 'uang', 'namun', 'barang', 'tidak', 'pernah', 'dikirim']","['pelaku', 'menawarkan', 'mobil', 'bekas', 'korban', 'harga', 'murah', 'korban', 'mentransfer', 'uang', 'barang', 'dikirim']","['pelaku', 'tawar', 'mobil', 'bekas', 'korban', 'harga', 'murah', 'korban', 'transfer', 'uang', 'barang', 'kirim']",pelaku tawar mobil bekas korban harga murah korban transfer uang barang kirim
LP/B/117/VII/2021/Kalbar/Res/Mpw/Sek/Sui Pinyuh,20 Juli 2021,"Pelaku masuk ke dalam rumah melalui jendela samping dengan mencungkil jendela dan mengambil 1 (satu) unti motor yang terparkir di ruang tamu, kemudian pelaku keluar melalui pintu utama dan membawa motor milik pelapor beserta kunci motor yang tersimpan di saku motor",Pelaku masuk ke dalam rumah melalui jendela samping dengan mencungkil jendela dan mengambil satu unti motor yang terparkir di ruang tamu kemudian pelaku keluar melalui pintu utama dan membawa motor milik pelapor beserta kunci motor yang tersimpan di saku motor,pelaku masuk ke dalam rumah melalui jendela samping dengan mencungkil jendela dan mengambil satu unti motor yang terparkir di ruang tamu kemudian pelaku keluar melalui pintu utama dan membawa motor milik pelapor beserta kunci motor yang tersimpan di saku motor,pelaku masuk ke dalam rumah melalui jendela samping dengan mencungkil jendela dan mengambil satu unti motor yang terparkir di ruang tamu kemudian pelaku keluar melalui pintu utama dan membawa motor milik pelapor beserta kunci motor yang tersimpan di saku motor,"['pelaku', 'masuk', 'ke', 'dalam', 'rumah', 'melalui', 'jendela', 'samping', 'dengan', 'mencungkil', 'jendela', 'dan', 'mengambil', 'satu', 'unti', 'motor', 'yang', 'terparkir', 'di', 'ruang', 'tamu', 'kemudian', 'pelaku', 'keluar', 'melalui', 'pintu', 'utama', 'dan', 'membawa', 'motor', 'milik', 'pelapor', 'beserta', 'kunci', 'motor', 'yang', 'tersimpan', 'di', 'saku', 'motor']","['pelaku', 'masuk', 'rumah', 'jendela', 'samping', 'mencungkil', 'jendela', 'mengambil', 'unti', 'motor', 'terparkir', 'ruang', 'tamu', 'pelaku', 'pintu', 'utama', 'membawa', 'motor', 'milik', 'pelapor', 'beserta', 'kunci', 'motor', 'tersimpan', 'saku', 'motor']","['pelaku', 'masuk', 'rumah', 'jendela', 'samping', 'cungkil', 'jendela', 'ambil', 'unti', 'motor', 'parkir', 'ruang', 'tamu', 'pelaku', 'pintu', 'utama', 'bawa', 'motor', 'milik', 'lapor', 'serta', 'kunci', 'motor', 'simpan', 'saku', 'motor']",pelaku masuk rumah jendela samping cungkil jendela ambil unti motor parkir ruang tamu pelaku pintu utama bawa motor milik lapor serta kunci motor simpan saku motor
LP/B/122/VII/2021/Kalbar/Res/Mpw/Sek/Sui Pinyuh,26 Juli 2021,"Petugas mencurigai gerak-gerik pelaku di pinggir jalan, saat digeledah ditemukan 5 butir pil ekstasi yang disembunyikan di saku celana sebelah kanan.",Petugas mencurigai gerak gerik pelaku di pinggir jalan saat digeledah ditemukan butir pil ekstasi yang disembunyikan di saku celana sebelah kanan,petugas mencurigai gerak gerik pelaku di pinggir jalan saat digeledah ditemukan butir pil ekstasi yang disembunyikan di saku celana sebelah kanan,petugas mencurigai gerak gerik pelaku di pinggir jalan saat digeledah ditemukan butir pil ekstasi yang disembunyikan di saku celana sebelah kanan,"['petugas', 'mencurigai', 'gerak', 'gerik', 'pelaku', 'di', 'pinggir', 'jalan', 'saat', 'digeledah', 'ditemukan', 'butir', 'pil', 'ekstasi', 'yang', 'disembunyikan', 'di', 'saku', 'celana', 'sebelah', 'kanan']","['petugas', 'mencurigai', 'gerak', 'gerik', 'pelaku', 'pinggir', 'jalan', 'digeledah', 'ditemukan', 'butir', 'pil', 'ekstasi', 'disembunyikan', 'saku', 'celana', 'sebelah', 'kanan']","['petugas', 'curiga', 'gerak', 'gerik', 'pelaku', 'pinggir', 'jalan', 'geledah', 'temu', 'butir', 'pil', 'ekstasi', 'sembunyi', 'saku', 'celana', 'belah', 'kanan']",petugas curiga gerak gerik pelaku pinggir jalan geledah temu butir pil ekstasi sembunyi saku celana belah kanan
LP/B/123/VII/2021/Kalbar/Res/Mpw/Sek/Sui Pinyuh,28 Juli 2021,Pelaku masek kedalam rumah lewat jendela dan megambil 1(satu) HP merk oppo,Pelaku masek kedalam rumah lewat jendela dan megambil satu HP merk oppo,pelaku masek kedalam rumah lewat jendela dan megambil satu hp merk oppo,pelaku masek kedalam rumah lewat jendela dan megambil satu handphone merk oppo,"['pelaku', 'masek', 'kedalam', 'rumah', 'lewat', 'jendela', 'dan', 'megambil', 'satu', 'handphone', 'merk', 'oppo']","['pelaku', 'masek', 'kedalam', 'rumah', 'jendela', 'megambil', 'handphone', 'merk', 'oppo']","['pelaku', 'masek', 'dalam', 'rumah', 'jendela', 'megambil', 'handphone', 'merk', 'oppo']",pelaku masek dalam rumah jendela megambil handphone merk oppo
LP/B/124/VII/2021/Kalbar/Res/Mpw/Sek/Sui Pinyuh,30 Juli 2021,Pelaku melempar kaca jendela rumah korban dengan Sapu hingga pecah.,Pelaku melempar kaca jendela rumah korban dengan Sapu hingga pecah,pelaku melempar kaca jendela rumah korban dengan sapu hingga pecah,pelaku melempar kaca jendela rumah korban dengan sapu hingga pecah,"['pelaku', 'melempar', 'kaca', 'jendela', 'rumah', 'korban', 'dengan', 'sapu', 'hingga', 'pecah']","['pelaku', 'melempar', 'kaca', 'jendela', 'rumah', 'korban', 'sapu', 'pecah']","['pelaku', 'lempar', 'kaca', 'jendela', 'rumah', 'korban', 'sapu', 'pecah']",pelaku lempar kaca jendela rumah korban sapu pecah
LP/B/125/VIII/2021/Kalbar/Res/Mpw/Sek/Sui Pinyuh,1 Agustus 2021,"Pelaku merasa tersinggung dengan tatapan korban saat berpapasan di jalan, lalu memukul punggung korban menggunakan kayu.",Pelaku merasa tersinggung dengan tatapan korban saat berpapasan di jalan lalu memukul punggung korban menggunakan kayu,pelaku merasa tersinggung dengan tatapan korban saat berpapasan di jalan lalu memukul punggung korban menggunakan kayu,pelaku merasa tersinggung dengan tatapan korban saat berpapasan di jalan lalu memukul punggung korban menggunakan kayu,"['pelaku', 'merasa', 'tersinggung', 'dengan', 'tatapan', 'korban', 'saat', 'berpapasan', 'di', 'jalan', 'lalu', 'memukul', 'punggung', 'korban', 'menggunakan', 'kayu']","['pelaku', 'tersinggung', 'tatapan', 'korban', 'berpapasan', 'jalan', 'memukul', 'punggung', 'korban', 'kayu']","['pelaku', 'singgung', 'tatap', 'korban', 'papas', 'jalan', 'pukul', 'punggung', 'korban', 'kayu']",pelaku singgung tatap korban papas jalan pukul punggung korban kayu
LP/B/126/VIII/2021/Kalbar/Res/Mpw/Sek/Sui Pinyuh,1 Agustus 2021,"Pelaku melihat 1 unit Laptop ASUS yang diletakkan korban di Gg. Famili RT 04/RW 09, Nusapati, Kec. Sungai Pinyuh, Kab. Mempawah, kemudian dengan cepat menguras isi laci kasir.",Pelaku melihat unit Laptop ASUS yang diletakkan korban di Gg Famili RT RW Nusapati Kec Sungai Pinyuh Kab Mempawah kemudian dengan cepat menguras isi laci kasir,pelaku melihat unit laptop asus yang diletakkan korban di gg famili rt rw nusapati kec sungai pinyuh kab mempawah kemudian dengan cepat menguras isi laci kasir,pelaku melihat unit laptop asus yang diletakkan korban di gang famili rukun tetangga rukun warga nusapati kecamatan sungai pinyuh kabupaten mempawah kemudian dengan cepat menguras isi laci kasir,"['pelaku', 'melihat', 'unit', 'laptop', 'asus', 'yang', 'diletakkan', 'korban', 'di', 'gang', 'famili', 'rukun', 'tetangga', 'rukun', 'warga', 'nusapati', 'kecamatan', 'sungai', 'pinyuh', 'kabupaten', 'mempawah', 'kemudian', 'dengan', 'cepat', 'menguras', 'isi', 'laci', 'kasir']","['pelaku', 'unit', 'laptop', 'asus', 'diletakkan', 'korban', 'gang', 'famili', 'rukun', 'tetangga', 'rukun', 'warga', 'nusapati', 'kecamatan', 'sungai', 'pinyuh', 'kabupaten', 'mempawah', 'cepat', 'menguras', 'isi', 'laci', 'kasir']","['pelaku', 'unit', 'laptop', 'asus', 'letak', 'korban', 'gang', 'famili', 'rukun', 'tetangga', 'rukun', 'warga', 'nusapati', 'camat', 'sungai', 'pinyuh', 'kabupaten', 'mempawah', 'cepat', 'menguras', 'isi', 'laci', 'kasir']",pelaku unit laptop asus letak korban gang famili rukun tetangga rukun warga nusapati camat sungai pinyuh kabupaten mempawah cepat menguras isi laci kasir
LP/B/127/VIII/2021/Kalbar/Res/Mpw/Sek/Sui Pinyuh,3 Agustus 2021,"Petugas mencurigai gerak-gerik pelaku di pinggir jalan, saat digeledah ditemukan 5 butir pil ekstasi yang disembunyikan di dalam bungkus rokok.",Petugas mencurigai gerak gerik pelaku di pinggir jalan saat digeledah ditemukan butir pil ekstasi yang disembunyikan di dalam bungkus rokok,petugas mencurigai gerak gerik pelaku di pinggir jalan saat digeledah ditemukan butir pil ekstasi yang disembunyikan di dalam bungkus rokok,petugas mencurigai gerak gerik pelaku di pinggir jalan saat digeledah ditemukan butir pil ekstasi yang disembunyikan di dalam bungkus rokok,"['petugas', 'mencurigai', 'gerak', 'gerik', 'pelaku', 'di', 'pinggir', 'jalan', 'saat', 'digeledah', 'ditemukan', 'butir', 'pil', 'ekstasi', 'yang', 'disembunyikan', 'di', 'dalam', 'bungkus', 'rokok']","['petugas', 'mencurigai', 'gerak', 'gerik', 'pelaku', 'pinggir', 'jalan', 'digeledah', 'ditemukan', 'butir', 'pil', 'ekstasi', 'disembunyikan', 'bungkus', 'rokok']","['petugas', 'curiga', 'gerak', 'gerik', 'pelaku', 'pinggir', 'jalan', 'geledah', 'temu', 'butir', 'pil', 'ekstasi', 'sembunyi', 'bungkus', 'rokok']",petugas curiga gerak gerik pelaku pinggir jalan geledah temu butir pil ekstasi sembunyi bungkus rokok
LP/B/128/VIII/2021/Kalbar/Res/Mpw/Sek/Sui Pinyuh,3 Agustus 2021,Pelaku menebang 5 pohon mangga milik tetangganya yang dianggap tumbuh melewati batas tanah miliknya.,Pelaku menebang pohon mangga milik tetangganya yang dianggap tumbuh melewati batas tanah miliknya,pelaku menebang pohon mangga milik tetangganya yang dianggap tumbuh melewati batas tanah miliknya,pelaku menebang pohon mangga milik tetangganya yang dianggap tumbuh melewati batas tanah miliknya,"['pelaku', 'menebang', 'pohon', 'mangga', 'milik', 'tetangganya', 'yang', 'dianggap', 'tumbuh', 'melewati', 'batas', 'tanah', 'miliknya']","['pelaku', 'menebang', 'pohon', 'mangga', 'milik', 'tetangganya', 'dianggap', 'tumbuh', 'melewati', 'batas', 'tanah', 'miliknya']","['pelaku', 'tebang', 'pohon', 'mangga', 'milik', 'tetangga', 'anggap', 'tumbuh', 'lewat', 'batas', 'tanah', 'milik']",pelaku tebang pohon mangga milik tetangga anggap tumbuh lewat batas tanah milik
LP/B/129/VIII/2021/Kalbar/Res/Mpw/Sek/Sui Pinyuh,7 Agustus 2021,"Pelaku mengamati rumah korban yang sedang kosong, kemudian masuk melalui pintu dapur yang tidak terkunci dan membawa lari motor korban.",Pelaku mengamati rumah korban yang sedang kosong kemudian masuk melalui pintu dapur yang tidak terkunci dan membawa lari motor korban,pelaku mengamati rumah korban yang sedang kosong kemudian masuk melalui pintu dapur yang tidak terkunci dan membawa lari motor korban,pelaku mengamati rumah korban yang sedang kosong kemudian masuk melalui pintu dapur yang tidak terkunci dan membawa lari motor korban,"['pelaku', 'mengamati', 'rumah', 'korban', 'yang', 'sedang', 'kosong', 'kemudian', 'masuk', 'melalui', 'pintu', 'dapur', 'yang', 'tidak', 'terkunci', 'dan', 'membawa', 'lari', 'motor', 'korban']","['pelaku', 'mengamati', 'rumah', 'korban', 'kosong', 'masuk', 'pintu', 'dapur', 'terkunci', 'membawa', 'lari', 'motor', 'korban']","['pelaku', 'amat', 'rumah', 'korban', 'kosong', 'masuk', 'pintu', 'dapur', 'kunci', 'bawa', 'lari', 'motor', 'korban']",pelaku amat rumah korban kosong masuk pintu dapur kunci bawa lari motor korban
LP/B/130/VIII/2021/Kalbar/Res/Mpw/Sek/Sui Pinyuh,7 Agustus 2021,"Pelaku merasa tersinggung dengan tatapan korban saat berpapasan di jalan, lalu melempar asbak ke arah kepala korban.",Pelaku merasa tersinggung dengan tatapan korban saat berpapasan di jalan lalu melempar asbak ke arah kepala korban,pelaku merasa tersinggung dengan tatapan korban saat berpapasan di jalan lalu melempar asbak ke arah kepala korban,pelaku merasa tersinggung dengan tatapan korban saat berpapasan di jalan lalu melempar asbak ke arah kepala korban,"['pelaku', 'merasa', 'tersinggung', 'dengan', 'tatapan', 'korban', 'saat', 'berpapasan', 'di', 'jalan', 'lalu', 'melempar', 'asbak', 'ke', 'arah', 'kepala', 'korban']","['pelaku', 'tersinggung', 'tatapan', 'korban', 'berpapasan', 'jalan', 'melempar', 'asbak', 'arah', 'kepala', 'korban']","['pelaku', 'singgung', 'tatap', 'korban', 'papas', 'jalan', 'lempar', 'asbak', 'arah', 'kepala', 'korban']",pelaku singgung tatap korban papas jalan lempar asbak arah kepala korban
LP/B/132/VIII/2021/Kalbar/Res/Mpw/Sek/Sui Pinyuh,16 Agustus 2021,"Pelaku mengamati rumah korban yang sedang kosong, kemudian masuk melalui pintu dapur yang tidak terkunci dan mengambil tabung gas dan sembako.",Pelaku mengamati rumah korban yang sedang kosong kemudian masuk melalui pintu dapur yang tidak terkunci dan mengambil tabung gas dan sembako,pelaku mengamati rumah korban yang sedang kosong kemudian masuk melalui pintu dapur yang tidak terkunci dan mengambil tabung gas dan sembako,pelaku mengamati rumah korban yang sedang kosong kemudian masuk melalui pintu dapur yang tidak terkunci dan mengambil tabung gas dan sembako,"['pelaku', 'mengamati', 'rumah', 'korban', 'yang', 'sedang', 'kosong', 'kemudian', 'masuk', 'melalui', 'pintu', 'dapur', 'yang', 'tidak', 'terkunci', 'dan', 'mengambil', 'tabung', 'gas', 'dan', 'sembako']","['pelaku', 'mengamati', 'rumah', 'korban', 'kosong', 'masuk', 'pintu', 'dapur', 'terkunci', 'mengambil', 'tabung', 'gas', 'sembako']","['pelaku', 'amat', 'rumah', 'korban', 'kosong', 'masuk', 'pintu', 'dapur', 'kunci', 'ambil', 'tabung', 'gas', 'sembako']",pelaku amat rumah korban kosong masuk pintu dapur kunci ambil tabung gas sembako
LP/B/136/VIII/2021/Kalbar/Res/Mpw/Sek/Sui Pinyuh,21 Agustus 2021,"Terjadi cekcok mulut antara pelaku dan korban masalah sengketa batas tanah, kemudian pelaku emosi dan menendang perut korban hingga terjatuh.",Terjadi cekcok mulut antara pelaku dan korban masalah sengketa batas tanah kemudian pelaku emosi dan menendang perut korban hingga terjatuh,terjadi cekcok mulut antara pelaku dan korban masalah sengketa batas tanah kemudian pelaku emosi dan menendang perut korban hingga terjatuh,terjadi cekcok mulut antara pelaku dan korban masalah sengketa batas tanah kemudian pelaku emosi dan menendang perut korban hingga terjatuh,"['terjadi', 'cekcok', 'mulut', 'antara', 'pelaku', 'dan', 'korban', 'masalah', 'sengketa', 'batas', 'tanah', 'kemudian', 'pelaku', 'emosi', 'dan', 'menendang', 'perut', 'korban', 'hingga', 'terjatuh']","['cekcok', 'mulut', 'pelaku', 'korban', 'sengketa', 'batas', 'tanah', 'pelaku', 'emosi', 'menendang', 'perut', 'korban', 'terjatuh']","['cekcok', 'mulut', 'pelaku', 'korban', 'sengketa', 'batas', 'tanah', 'pelaku', 'emosi', 'tendang', 'perut', 'korban', 'jatuh']",cekcok mulut pelaku korban sengketa batas tanah pelaku emosi tendang perut korban jatuh
LP/B/139/VIII/2021/Kalbar/Res/Mpw/Sek/Sui Pinyuh,26 Agustus 2021,"Pelaku menawarkan barang elektronik black market kepada korban dengan harga murah, korban mentransfer uang namun akun media sosial pelaku menghilang.",Pelaku menawarkan barang elektronik black market kepada korban dengan harga murah korban mentransfer uang namun akun media sosial pelaku menghilang,pelaku menawarkan barang elektronik black market kepada korban dengan harga murah korban mentransfer uang namun akun media sosial pelaku menghilang,pelaku menawarkan barang elektronik black market kepada korban dengan harga murah korban mentransfer uang namun akun media sosial pelaku menghilang,"['pelaku', 'menawarkan', 'barang', 'elektronik', 'black', 'market', 'kepada', 'korban', 'dengan', 'harga', 'murah', 'korban', 'mentransfer', 'uang', 'namun', 'akun', 'media', 'sosial', 'pelaku', 'menghilang']","['pelaku', 'menawarkan', 'barang', 'elektronik', 'black', 'market', 'korban', 'harga', 'murah', 'korban', 'mentransfer', 'uang', 'akun', 'media', 'sosial', 'pelaku', 'menghilang']","['pelaku', 'tawar', 'barang', 'elektronik', 'black', 'market', 'korban', 'harga', 'murah', 'korban', 'transfer', 'uang', 'akun', 'media', 'sosial', 'pelaku', 'hilang']",pelaku tawar barang elektronik black market korban harga murah korban transfer uang akun media sosial pelaku hilang
LP/B/140/VIII/2021/Kalbar/Res/Mpw/Sek/Sui Pinyuh,26 Agustus 2021,Pelaku akibat cemburu buta memecahkan kaca jendela rumah mantan kekasihnya menggunakan batu kali setelah melihat mantan memiliki pacar baru.,Pelaku akibat cemburu buta memecahkan kaca jendela rumah mantan kekasihnya menggunakan batu kali setelah melihat mantan memiliki pacar baru,pelaku akibat cemburu buta memecahkan kaca jendela rumah mantan kekasihnya menggunakan batu kali setelah melihat mantan memiliki pacar baru,pelaku akibat cemburu buta memecahkan kaca jendela rumah mantan kekasihnya menggunakan batu kali setelah melihat mantan memiliki pacar baru,"['pelaku', 'akibat', 'cemburu', 'buta', 'memecahkan', 'kaca', 'jendela', 'rumah', 'mantan', 'kekasihnya', 'menggunakan', 'batu', 'kali', 'setelah', 'melihat', 'mantan', 'memiliki', 'pacar', 'baru']","['pelaku', 'akibat', 'cemburu', 'buta', 'memecahkan', 'kaca', 'jendela', 'rumah', 'mantan', 'kekasihnya', 'batu', 'kali', 'mantan', 'memiliki', 'pacar']","['pelaku', 'akibat', 'cemburu', 'buta', 'pecah', 'kaca', 'jendela', 'rumah', 'mantan', 'kasih', 'batu', 'kali', 'mantan', 'milik', 'pacar']",pelaku akibat cemburu buta pecah kaca jendela rumah mantan kasih batu kali mantan milik pacar
LP/B/142/IX/2021/Kalbar/Res/Mpw/Sek/Sui Pinyuh,1 September 2021,Pelaku mendorong dan memukul korban saat terjadi pertengkaran keluarga.,Pelaku mendorong dan memukul korban saat terjadi pertengkaran keluarga,pelaku mendorong dan memukul korban saat terjadi pertengkaran keluarga,pelaku mendorong dan memukul korban saat terjadi pertengkaran keluarga,"['pelaku', 'mendorong', 'dan', 'memukul', 'korban', 'saat', 'terjadi', 'pertengkaran', 'keluarga']","['pelaku', 'mendorong', 'memukul', 'korban', 'pertengkaran', 'keluarga']","['pelaku', 'dorong', 'pukul', 'korban', 'tengkar', 'keluarga']",pelaku dorong pukul korban tengkar keluarga
LP/B/143/IX/2021/Kalbar/Res/Mpw/Sek/Sui Pinyuh,2 September 2021,"Pelaku dalam keadaan mabuk mendatangi rumah korban dan berteriak-teriak, kemudian memukul spion mobil hingga patah.",Pelaku dalam keadaan mabuk mendatangi rumah korban dan berteriak teriak kemudian memukul spion mobil hingga patah,pelaku dalam keadaan mabuk mendatangi rumah korban dan berteriak teriak kemudian memukul spion mobil hingga patah,pelaku dalam keadaan mabuk mendatangi rumah korban dan berteriak teriak kemudian memukul spion mobil hingga patah,"['pelaku', 'dalam', 'keadaan', 'mabuk', 'mendatangi', 'rumah', 'korban', 'dan', 'berteriak', 'teriak', 'kemudian', 'memukul', 'spion', 'mobil', 'hingga', 'patah']","['pelaku', 'mabuk', 'rumah', 'korban', 'berteriak', 'teriak', 'memukul', 'spion', 'mobil', 'patah']","['pelaku', 'mabuk', 'rumah', 'korban', 'teriak', 'teriak', 'pukul', 'spion', 'mobil', 'patah']",pelaku mabuk rumah korban teriak teriak pukul spion mobil patah
LP/B/146/IX/2021/Kalbar/Res/Mpw/Sek/Sui Pinyuh,3 September 2021,"Pelaku meminjam uang kepada korban sebesar Rp 5.000.000 dengan alasan menebus motor di pegadaian, namun setelah jatuh tempo pelaku menghilang.",Pelaku meminjam uang kepada korban sebesar Rp dengan alasan menebus motor di pegadaian namun setelah jatuh tempo pelaku menghilang,pelaku meminjam uang kepada korban sebesar rp dengan alasan menebus motor di pegadaian namun setelah jatuh tempo pelaku menghilang,pelaku meminjam uang kepada korban sebesar rupiah dengan alasan menebus motor di pegadaian namun setelah jatuh tempo pelaku menghilang,"['pelaku', 'meminjam', 'uang', 'kepada', 'korban', 'sebesar', 'rupiah', 'dengan', 'alasan', 'menebus', 'motor', 'di', 'pegadaian', 'namun', 'setelah', 'jatuh', 'tempo', 'pelaku', 'menghilang']","['pelaku', 'meminjam', 'uang', 'korban', 'rupiah', 'alasan', 'menebus', 'motor', 'pegadaian', 'jatuh', 'tempo', 'pelaku', 'menghilang']","['pelaku', 'pinjam', 'uang', 'korban', 'rupiah', 'alas', 'tebus', 'motor', 'gadai', 'jatuh', 'tempo', 'pelaku', 'hilang']",pelaku pinjam uang korban rupiah alas tebus motor gadai jatuh tempo pelaku hilang
LP/B/149/IX/2021/Kalbar/Res/Mpw/Sek/Sui Pinyuh,10 September 2021,"Pelaku melihat 1 unit sepeda motor Honda Vario yang diletakkan korban di Dusun Mawar, Sungai Rasau, Kec. Sungai Pinyuh, kemudian dengan cepat menguras isi laci kasir.",Pelaku melihat unit sepeda motor Honda Vario yang diletakkan korban di Dusun Mawar Sungai Rasau Kec Sungai Pinyuh kemudian dengan cepat menguras isi laci kasir,pelaku melihat unit sepeda motor honda vario yang diletakkan korban di dusun mawar sungai rasau kec sungai pinyuh kemudian dengan cepat menguras isi laci kasir,pelaku melihat unit sepeda motor honda vario yang diletakkan korban di dusun mawar sungai rasau kecamatan sungai pinyuh kemudian dengan cepat menguras isi laci kasir,"['pelaku', 'melihat', 'unit', 'sepeda', 'motor', 'honda', 'vario', 'yang', 'diletakkan', 'korban', 'di', 'dusun', 'mawar', 'sungai', 'rasau', 'kecamatan', 'sungai', 'pinyuh', 'kemudian', 'dengan', 'cepat', 'menguras', 'isi', 'laci', 'kasir']","['pelaku', 'unit', 'sepeda', 'motor', 'honda', 'vario', 'diletakkan', 'korban', 'dusun', 'mawar', 'sungai', 'rasau', 'kecamatan', 'sungai', 'pinyuh', 'cepat', 'menguras', 'isi', 'laci', 'kasir']","['pelaku', 'unit', 'sepeda', 'motor', 'honda', 'vario', 'letak', 'korban', 'dusun', 'mawar', 'sungai', 'rasau', 'camat', 'sungai', 'pinyuh', 'cepat', 'menguras', 'isi', 'laci', 'kasir']",pelaku unit sepeda motor honda vario letak korban dusun mawar sungai rasau camat sungai pinyuh cepat menguras isi laci kasir
LP/B/149/IX/2021/Kalbar/Res/Mpw/Sek/Sui Pinyuh,11 September 2021,"Pelaku salah paham kepada korban, sehingga pelaku merusak motor korban.",Pelaku salah paham kepada korban sehingga pelaku merusak motor korban,pelaku salah paham kepada korban sehingga pelaku merusak motor korban,pelaku salah paham kepada korban sehingga pelaku merusak motor korban,"['pelaku', 'salah', 'paham', 'kepada', 'korban', 'sehingga', 'pelaku', 'merusak', 'motor', 'korban']","['pelaku', 'salah', 'paham', 'korban', 'pelaku', 'merusak', 'motor', 'korban']","['pelaku', 'salah', 'paham', 'korban', 'pelaku', 'rusak', 'motor', 'korban']",pelaku salah paham korban pelaku rusak motor korban
LP/B/151/IX/2021/Kalbar/Res/Mpw/Sek/Sui Pinyuh,15 September 2021,"Pelaku merusak kunci stang motor menggunakan kunci T saat motor diparkir di Gg. Sepakat, Desa/Kel. Sungai Bakau Besar Darat, Kec. Sungai Pinyuh, lalu membawanya kabur.",Pelaku merusak kunci stang motor menggunakan kunci T saat motor diparkir di Gg Sepakat Desa Kel Sungai Bakau Besar Darat Kec Sungai Pinyuh lalu membawanya kabur,pelaku merusak kunci stang motor menggunakan kunci t saat motor diparkir di gg sepakat desa kel sungai bakau besar darat kec sungai pinyuh lalu membawanya kabur,pelaku merusak kunci stang motor menggunakan kunci t saat motor diparkir di gang sepakat desa keluarga sungai bakau besar darat kecamatan sungai pinyuh lalu membawanya kabur,"['pelaku', 'merusak', 'kunci', 'stang', 'motor', 'menggunakan', 'kunci', 't', 'saat', 'motor', 'diparkir', 'di', 'gang', 'sepakat', 'desa', 'keluarga', 'sungai', 'bakau', 'besar', 'darat', 'kecamatan', 'sungai', 'pinyuh', 'lalu', 'membawanya', 'kabur']","['pelaku', 'merusak', 'kunci', 'stang', 'motor', 'kunci', 'motor', 'diparkir', 'gang', 'sepakat', 'desa', 'keluarga', 'sungai', 'bakau', 'darat', 'kecamatan', 'sungai', 'pinyuh', 'membawanya', 'kabur']","['pelaku', 'rusak', 'kunci', 'stang', 'motor', 'kunci', 'motor', 'parkir', 'gang', 'sepakat', 'desa', 'keluarga', 'sungai', 'bakau', 'darat', 'camat', 'sungai', 'pinyuh', 'bawa', 'kabur']",pelaku rusak kunci stang motor kunci motor parkir gang sepakat desa keluarga sungai bakau darat camat sungai pinyuh bawa kabur
LP/B/152/IX/2021/Kalbar/Res/Mpw/Sek/Sui Pinyuh,18 September 2021,"Pelaku merusak kunci stang motor menggunakan kunci T saat motor diparkir di Jl. Raya Purun RT 17/RW 07, Sungai Purun Kecil, Kec. Sungai Pinyuh, Kab. Mempawah, lalu membawanya kabur.",Pelaku merusak kunci stang motor menggunakan kunci T saat motor diparkir di Jl Raya Purun RT RW Sungai Purun Kecil Kec Sungai Pinyuh Kab Mempawah lalu membawanya kabur,pelaku merusak kunci stang motor menggunakan kunci t saat motor diparkir di jl raya purun rt rw sungai purun kecil kec sungai pinyuh kab mempawah lalu membawanya kabur,pelaku merusak kunci stang motor menggunakan kunci t saat motor diparkir di jalan raya purun rukun tetangga rukun warga sungai purun kecil kecamatan sungai pinyuh kabupaten mempawah lalu membawanya kabur,"['pelaku', 'merusak', 'kunci', 'stang', 'motor', 'menggunakan', 'kunci', 't', 'saat', 'motor', 'diparkir', 'di', 'jalan', 'raya', 'purun', 'rukun', 'tetangga', 'rukun', 'warga', 'sungai', 'purun', 'kecil', 'kecamatan', 'sungai', 'pinyuh', 'kabupaten', 'mempawah', 'lalu', 'membawanya', 'kabur']","['pelaku', 'merusak', 'kunci', 'stang', 'motor', 'kunci', 'motor', 'diparkir', 'jalan', 'raya', 'purun', 'rukun', 'tetangga', 'rukun', 'warga', 'sungai', 'purun', 'kecamatan', 'sungai', 'pinyuh', 'kabupaten', 'mempawah', 'membawanya', 'kabur']","['pelaku', 'rusak', 'kunci', 'stang', 'motor', 'kunci', 'motor', 'parkir', 'jalan', 'raya', 'purun', 'rukun', 'tetangga', 'rukun', 'warga', 'sungai', 'purun', 'camat', 'sungai', 'pinyuh', 'kabupaten', 'mempawah', 'bawa', 'kabur']",pelaku rusak kunci stang motor kunci motor parkir jalan raya purun rukun tetangga rukun warga sungai purun camat sungai pinyuh kabupaten mempawah bawa kabur
LP/B/153/IX/2021/Kalbar/Res/Mpw/Sek/Sui Pinyuh,20 September 2021,"Pelaku menagih hutang kepada korban namun korban belum bisa membayar, sehingga pelaku marah dan menendang perut korban hingga terjatuh.",Pelaku menagih hutang kepada korban namun korban belum bisa membayar sehingga pelaku marah dan menendang perut korban hingga terjatuh,pelaku menagih hutang kepada korban namun korban belum bisa membayar sehingga pelaku marah dan menendang perut korban hingga terjatuh,pelaku menagih hutang kepada korban namun korban belum bisa membayar sehingga pelaku marah dan menendang perut korban hingga terjatuh,"['pelaku', 'menagih', 'hutang', 'kepada', 'korban', 'namun', 'korban', 'belum', 'bisa', 'membayar', 'sehingga', 'pelaku', 'marah', 'dan', 'menendang', 'perut', 'korban', 'hingga', 'terjatuh']","['pelaku', 'menagih', 'hutang', 'korban', 'korban', 'membayar', 'pelaku', 'marah', 'menendang', 'perut', 'korban', 'terjatuh']","['pelaku', 'tagih', 'hutang', 'korban', 'korban', 'bayar', 'pelaku', 'marah', 'tendang', 'perut', 'korban', 'jatuh']",pelaku tagih hutang korban korban bayar pelaku marah tendang perut korban jatuh
LP/B/154/IX/2021/Kalbar/Res/Mpw/Sek/Sui Pinyuh,23 September 2021,"Pelaku mengajak korban kerjasama bisnis katering dengan janji keuntungan 20%, namun ternyata bisnis tersebut fiktif.",Pelaku mengajak korban kerjasama bisnis katering dengan janji keuntungan namun ternyata bisnis tersebut fiktif,pelaku mengajak korban kerjasama bisnis katering dengan janji keuntungan namun ternyata bisnis tersebut fiktif,pelaku mengajak korban kerjasama bisnis katering dengan janji keuntungan namun ternyata bisnis tersebut fiktif,"['pelaku', 'mengajak', 'korban', 'kerjasama', 'bisnis', 'katering', 'dengan', 'janji', 'keuntungan', 'namun', 'ternyata', 'bisnis', 'tersebut', 'fiktif']","['pelaku', 'mengajak', 'korban', 'kerjasama', 'bisnis', 'katering', 'janji', 'keuntungan', 'bisnis', 'fiktif']","['pelaku', 'ajak', 'korban', 'kerjasama', 'bisnis', 'katering', 'janji', 'untung', 'bisnis', 'fiktif']",pelaku ajak korban kerjasama bisnis katering janji untung bisnis fiktif
LP/B/155/IX/2021/Kalbar/Res/Mpw/Sek/Sui Pinyuh,24 September 2021,Pelaku menendang korban karena tersinggung saat ditegur.,Pelaku menendang korban karena tersinggung saat ditegur,pelaku menendang korban karena tersinggung saat ditegur,pelaku menendang korban karena tersinggung saat ditegur,"['pelaku', 'menendang', 'korban', 'karena', 'tersinggung', 'saat', 'ditegur']","['pelaku', 'menendang', 'korban', 'tersinggung', 'ditegur']","['pelaku', 'tendang', 'korban', 'singgung', 'tegur']",pelaku tendang korban singgung tegur
LP/B/156/IX/2021/Kalbar/Res/Mpw/Sek/Sui Pinyuh,25 September 2021,"Berdasarkan informasi warga, petugas melakukan penggerebekan di Gg. Berkah RT 07/RW 08, Sungai Purun Besar, Kec. Sungai Pinyuh, Kab. Mempawah dan mendapati pelaku sedang membagi paket ganja.",Berdasarkan informasi warga petugas melakukan penggerebekan di Gg Berkah RT RW Sungai Purun Besar Kec Sungai Pinyuh Kab Mempawah dan mendapati pelaku sedang membagi paket ganja,berdasarkan informasi warga petugas melakukan penggerebekan di gg berkah rt rw sungai purun besar kec sungai pinyuh kab mempawah dan mendapati pelaku sedang membagi paket ganja,berdasarkan informasi warga petugas melakukan penggerebekan di gang berkah rukun tetangga rukun warga sungai purun besar kecamatan sungai pinyuh kabupaten mempawah dan mendapati pelaku sedang membagi paket ganja,"['berdasarkan', 'informasi', 'warga', 'petugas', 'melakukan', 'penggerebekan', 'di', 'gang', 'berkah', 'rukun', 'tetangga', 'rukun', 'warga', 'sungai', 'purun', 'besar', 'kecamatan', 'sungai', 'pinyuh', 'kabupaten', 'mempawah', 'dan', 'mendapati', 'pelaku', 'sedang', 'membagi', 'paket', 'ganja']","['berdasarkan', 'informasi', 'warga', 'petugas', 'penggerebekan', 'gang', 'berkah', 'rukun', 'tetangga', 'rukun', 'warga', 'sungai', 'purun', 'kecamatan', 'sungai', 'pinyuh', 'kabupaten', 'mempawah', 'mendapati', 'pelaku', 'membagi', 'paket', 'ganja']","['dasar', 'informasi', 'warga', 'petugas', 'gerebek', 'gang', 'berkah', 'rukun', 'tetangga', 'rukun', 'warga', 'sungai', 'purun', 'camat', 'sungai', 'pinyuh', 'kabupaten', 'mempawah', 'dapat', 'pelaku', 'bagi', 'paket', 'ganja']",dasar informasi warga petugas gerebek gang berkah rukun tetangga rukun warga sungai purun camat sungai pinyuh kabupaten mempawah dapat pelaku bagi paket ganja
LP/B/157/IX/2021/Kalbar/Res/Mpw/Sek/Sui Pinyuh,25 September 2021,Pelaku melempar TV di warung kopi dengan kursi kayu karena kesal tim jagoannya kalah dalam pertandingan dan karena kalah taruhan bola,Pelaku melempar TV di warung kopi dengan kursi kayu karena kesal tim jagoannya kalah dalam pertandingan dan karena kalah taruhan bola,pelaku melempar tv di warung kopi dengan kursi kayu karena kesal tim jagoannya kalah dalam pertandingan dan karena kalah taruhan bola,pelaku melempar tv di warung kopi dengan kursi kayu karena kesal tim jagoannya kalah dalam pertandingan dan karena kalah taruhan bola,"['pelaku', 'melempar', 'tv', 'di', 'warung', 'kopi', 'dengan', 'kursi', 'kayu', 'karena', 'kesal', 'tim', 'jagoannya', 'kalah', 'dalam', 'pertandingan', 'dan', 'karena', 'kalah', 'taruhan', 'bola']","['pelaku', 'melempar', 'warung', 'kopi', 'kursi', 'kayu', 'kesal', 'tim', 'jagoannya', 'kalah', 'pertandingan', 'kalah', 'taruhan', 'bola']","['pelaku', 'lempar', 'warung', 'kopi', 'kursi', 'kayu', 'kesal', 'tim', 'jago', 'kalah', 'tanding', 'kalah', 'taruh', 'bola']",pelaku lempar warung kopi kursi kayu kesal tim jago kalah tanding kalah taruh bola
LP/B/160/IX/2021/Kalbar/Res/Mpw/Sek/Sui Pinyuh,29 September 2021,"Pelaku merusak kunci stang motor menggunakan kunci T saat motor diparkir di Jl. Raya Sungai Pinyuh, Desa/Kel. Sungai Pinyuh, Kec. Sungai Pinyuh, lalu membawanya kabur.",Pelaku merusak kunci stang motor menggunakan kunci T saat motor diparkir di Jl Raya Sungai Pinyuh Desa Kel Sungai Pinyuh Kec Sungai Pinyuh lalu membawanya kabur,pelaku merusak kunci stang motor menggunakan kunci t saat motor diparkir di jl raya sungai pinyuh desa kel sungai pinyuh kec sungai pinyuh lalu membawanya kabur,pelaku merusak kunci stang motor menggunakan kunci t saat motor diparkir di jalan raya sungai pinyuh desa keluarga sungai pinyuh kecamatan sungai pinyuh lalu membawanya kabur,"['pelaku', 'merusak', 'kunci', 'stang', 'motor', 'menggunakan', 'kunci', 't', 'saat', 'motor', 'diparkir', 'di', 'jalan', 'raya', 'sungai', 'pinyuh', 'desa', 'keluarga', 'sungai', 'pinyuh', 'kecamatan', 'sungai', 'pinyuh', 'lalu', 'membawanya', 'kabur']","['pelaku', 'merusak', 'kunci', 'stang', 'motor', 'kunci', 'motor', 'diparkir', 'jalan', 'raya', 'sungai', 'pinyuh', 'desa', 'keluarga', 'sungai', 'pinyuh', 'kecamatan', 'sungai', 'pinyuh', 'membawanya', 'kabur']","['pelaku', 'rusak', 'kunci', 'stang', 'motor', 'kunci', 'motor', 'parkir', 'jalan', 'raya', 'sungai', 'pinyuh', 'desa', 'keluarga', 'sungai', 'pinyuh', 'camat', 'sungai', 'pinyuh', 'bawa', 'kabur']",pelaku rusak kunci stang motor kunci motor parkir jalan raya sungai pinyuh desa keluarga sungai pinyuh camat sungai pinyuh bawa kabur
LP/B/165/X/2021/Kalbar/Res Mpw/Sek Sui Pinyuh,4 Oktober 2021,"Pelaku menawarkan tanah kavling kepada korban dengan harga murah, korban mentransfer uang namun barang tidak pernah dikirim.",Pelaku menawarkan tanah kavling kepada korban dengan harga murah korban mentransfer uang namun barang tidak pernah dikirim,pelaku menawarkan tanah kavling kepada korban dengan harga murah korban mentransfer uang namun barang tidak pernah dikirim,pelaku menawarkan tanah kavling kepada korban dengan harga murah korban mentransfer uang namun barang tidak pernah dikirim,"['pelaku', 'menawarkan', 'tanah', 'kavling', 'kepada', 'korban', 'dengan', 'harga', 'murah', 'korban', 'mentransfer', 'uang', 'namun', 'barang', 'tidak', 'pernah', 'dikirim']","['pelaku', 'menawarkan', 'tanah', 'kavling', 'korban', 'harga', 'murah', 'korban', 'mentransfer', 'uang', 'barang', 'dikirim']","['pelaku', 'tawar', 'tanah', 'kavling', 'korban', 'harga', 'murah', 'korban', 'transfer', 'uang', 'barang', 'kirim']",pelaku tawar tanah kavling korban harga murah korban transfer uang barang kirim
LP/B/167/X/2021/Kalbar/Res Mpw/Sek Sui Pinyuh,7 Oktober 2021,"Terjadi cekcok mulut antara pelaku dan korban masalah utang piutang, kemudian pelaku emosi dan memukul wajah korban dengan tangan kosong.",Terjadi cekcok mulut antara pelaku dan korban masalah utang piutang kemudian pelaku emosi dan memukul wajah korban dengan tangan kosong,terjadi cekcok mulut antara pelaku dan korban masalah utang piutang kemudian pelaku emosi dan memukul wajah korban dengan tangan kosong,terjadi cekcok mulut antara pelaku dan korban masalah utang piutang kemudian pelaku emosi dan memukul wajah korban dengan tangan kosong,"['terjadi', 'cekcok', 'mulut', 'antara', 'pelaku', 'dan', 'korban', 'masalah', 'utang', 'piutang', 'kemudian', 'pelaku', 'emosi', 'dan', 'memukul', 'wajah', 'korban', 'dengan', 'tangan', 'kosong']","['cekcok', 'mulut', 'pelaku', 'korban', 'utang', 'piutang', 'pelaku', 'emosi', 'memukul', 'wajah', 'korban', 'tangan', 'kosong']","['cekcok', 'mulut', 'pelaku', 'korban', 'utang', 'piutang', 'pelaku', 'emosi', 'pukul', 'wajah', 'korban', 'tangan', 'kosong']",cekcok mulut pelaku korban utang piutang pelaku emosi pukul wajah korban tangan kosong
LP/B/169/X/2021/Kalbar/Res Mpw/Sek Sui Pinyuh,12 Oktober 2021,Pelaku merusak kolam ikan milik korban dengan mengisi racun rumput karena balas dendam.,Pelaku merusak kolam ikan milik korban dengan mengisi racun rumput karena balas dendam,pelaku merusak kolam ikan milik korban dengan mengisi racun rumput karena balas dendam,pelaku merusak kolam ikan milik korban dengan mengisi racun rumput karena balas dendam,"['pelaku', 'merusak', 'kolam', 'ikan', 'milik', 'korban', 'dengan', 'mengisi', 'racun', 'rumput', 'karena', 'balas', 'dendam']","['pelaku', 'merusak', 'kolam', 'ikan', 'milik', 'korban', 'mengisi', 'racun', 'rumput', 'balas', 'dendam']","['pelaku', 'rusak', 'kolam', 'ikan', 'milik', 'korban', 'isi', 'racun', 'rumput', 'balas', 'dendam']",pelaku rusak kolam ikan milik korban isi racun rumput balas dendam
LP/B/170/X/2021/Kalbar/Res Mpw/Sek Sui Pinyuh,12 Oktober 2021,"Pelaku meminjam uang kepada korban sebesar Rp 50.000.000 dengan alasan modal usaha mendadak, namun setelah jatuh tempo pelaku menghilang.",Pelaku meminjam uang kepada korban sebesar Rp dengan alasan modal usaha mendadak namun setelah jatuh tempo pelaku menghilang,pelaku meminjam uang kepada korban sebesar rp dengan alasan modal usaha mendadak namun setelah jatuh tempo pelaku menghilang,pelaku meminjam uang kepada korban sebesar rupiah dengan alasan modal usaha mendadak namun setelah jatuh tempo pelaku menghilang,"['pelaku', 'meminjam', 'uang', 'kepada', 'korban', 'sebesar', 'rupiah', 'dengan', 'alasan', 'modal', 'usaha', 'mendadak', 'namun', 'setelah', 'jatuh', 'tempo', 'pelaku', 'menghilang']","['pelaku', 'meminjam', 'uang', 'korban', 'rupiah', 'alasan', 'modal', 'usaha', 'mendadak', 'jatuh', 'tempo', 'pelaku', 'menghilang']","['pelaku', 'pinjam', 'uang', 'korban', 'rupiah', 'alas', 'modal', 'usaha', 'dadak', 'jatuh', 'tempo', 'pelaku', 'hilang']",pelaku pinjam uang korban rupiah alas modal usaha dadak jatuh tempo pelaku hilang
LP/B/173/X/2021/Kalbar/Res Mpw/Sek Sui Pinyuh,14 Oktober 2021,Terjadi penganiayaan setelah adu mulut terkait masalah hutang piutang.,Terjadi penganiayaan setelah adu mulut terkait masalah hutang piutang,terjadi penganiayaan setelah adu mulut terkait masalah hutang piutang,terjadi penganiayaan setelah adu mulut terkait masalah hutang piutang,"['terjadi', 'penganiayaan', 'setelah', 'adu', 'mulut', 'terkait', 'masalah', 'hutang', 'piutang']","['penganiayaan', 'adu', 'mulut', 'terkait', 'hutang', 'piutang']","['aniaya', 'adu', 'mulut', 'kait', 'hutang', 'piutang']",aniaya adu mulut kait hutang piutang
LP/B/174/X/2021/Kalbar/Res Mpw/Sek Sui Pinyuh,17 Oktober 2021,"Pelaku menawarkan barang elektronik black market kepada korban dengan harga murah, korban mentransfer uang namun nomor pelaku tidak bisa dihubungi.",Pelaku menawarkan barang elektronik black market kepada korban dengan harga murah korban mentransfer uang namun nomor pelaku tidak bisa dihubungi,pelaku menawarkan barang elektronik black market kepada korban dengan harga murah korban mentransfer uang namun nomor pelaku tidak bisa dihubungi,pelaku menawarkan barang elektronik black market kepada korban dengan harga murah korban mentransfer uang namun nomor pelaku tidak bisa dihubungi,"['pelaku', 'menawarkan', 'barang', 'elektronik', 'black', 'market', 'kepada', 'korban', 'dengan', 'harga', 'murah', 'korban', 'mentransfer', 'uang', 'namun', 'nomor', 'pelaku', 'tidak', 'bisa', 'dihubungi']","['pelaku', 'menawarkan', 'barang', 'elektronik', 'black', 'market', 'korban', 'harga', 'murah', 'korban', 'mentransfer', 'uang', 'nomor', 'pelaku', 'dihubungi']","['pelaku', 'tawar', 'barang', 'elektronik', 'black', 'market', 'korban', 'harga', 'murah', 'korban', 'transfer', 'uang', 'nomor', 'pelaku', 'hubung']",pelaku tawar barang elektronik black market korban harga murah korban transfer uang nomor pelaku hubung
LP/B/176/X/2021/Kalbar/Res Mpw/Sek Sui Pinyuh,20 Oktober 2021,Pelaku melakukan pemukulan terhadap korban menggunakan tangan kosong akibat perselisihan pribadi.,Pelaku melakukan pemukulan terhadap korban menggunakan tangan kosong akibat perselisihan pribadi,pelaku melakukan pemukulan terhadap korban menggunakan tangan kosong akibat perselisihan pribadi,pelaku melakukan pemukulan terhadap korban menggunakan tangan kosong akibat perselisihan pribadi,"['pelaku', 'melakukan', 'pemukulan', 'terhadap', 'korban', 'menggunakan', 'tangan', 'kosong', 'akibat', 'perselisihan', 'pribadi']","['pelaku', 'pemukulan', 'korban', 'tangan', 'kosong', 'akibat', 'perselisihan', 'pribadi']","['pelaku', 'pukul', 'korban', 'tangan', 'kosong', 'akibat', 'selisih', 'pribadi']",pelaku pukul korban tangan kosong akibat selisih pribadi
LP/B/182/X/2021/Kalbar/Res Mpw/Sek Sui Pinyuh,23 Oktober 2021,"Terjadi pertengkaran hebat karena masalah pribagi, pelaku tega merusak kaca jendela dengan menggunakan batu.",Terjadi pertengkaran hebat karena masalah pribagi pelaku tega merusak kaca jendela dengan menggunakan batu,terjadi pertengkaran hebat karena masalah pribagi pelaku tega merusak kaca jendela dengan menggunakan batu,terjadi pertengkaran hebat karena masalah pribagi pelaku tega merusak kaca jendela dengan menggunakan batu,"['terjadi', 'pertengkaran', 'hebat', 'karena', 'masalah', 'pribagi', 'pelaku', 'tega', 'merusak', 'kaca', 'jendela', 'dengan', 'menggunakan', 'batu']","['pertengkaran', 'hebat', 'pribagi', 'pelaku', 'tega', 'merusak', 'kaca', 'jendela', 'batu']","['tengkar', 'hebat', 'pribagi', 'pelaku', 'tega', 'rusak', 'kaca', 'jendela', 'batu']",tengkar hebat pribagi pelaku tega rusak kaca jendela batu
LP/B/185/X/2021/Kalbar/Res Mpw/Sek Sui Pinyuh,28 Oktober 2021,Terjadi pemukulan akibat rebutan lahan parkir.,Terjadi pemukulan akibat rebutan lahan parkir,terjadi pemukulan akibat rebutan lahan parkir,terjadi pemukulan akibat rebutan lahan parkir,"['terjadi', 'pemukulan', 'akibat', 'rebutan', 'lahan', 'parkir']","['pemukulan', 'akibat', 'rebutan', 'lahan', 'parkir']","['pukul', 'akibat', 'rebut', 'lahan', 'parkir']",pukul akibat rebut lahan parkir
LP/B/188/XI/2021/Kalbar/Res Mpw/Sek Sui Pinyuh,1 November 2021,"Pelaku menawarkan sepeda motor lelang kepada korban dengan harga murah, korban mentransfer uang namun akun media sosial pelaku menghilang.",Pelaku menawarkan sepeda motor lelang kepada korban dengan harga murah korban mentransfer uang namun akun media sosial pelaku menghilang,pelaku menawarkan sepeda motor lelang kepada korban dengan harga murah korban mentransfer uang namun akun media sosial pelaku menghilang,pelaku menawarkan sepeda motor lelang kepada korban dengan harga murah korban mentransfer uang namun akun media sosial pelaku menghilang,"['pelaku', 'menawarkan', 'sepeda', 'motor', 'lelang', 'kepada', 'korban', 'dengan', 'harga', 'murah', 'korban', 'mentransfer', 'uang', 'namun', 'akun', 'media', 'sosial', 'pelaku', 'menghilang']","['pelaku', 'menawarkan', 'sepeda', 'motor', 'lelang', 'korban', 'harga', 'murah', 'korban', 'mentransfer', 'uang', 'akun', 'media', 'sosial', 'pelaku', 'menghilang']","['pelaku', 'tawar', 'sepeda', 'motor', 'lelang', 'korban', 'harga', 'murah', 'korban', 'transfer', 'uang', 'akun', 'media', 'sosial', 'pelaku', 'hilang']",pelaku tawar sepeda motor lelang korban harga murah korban transfer uang akun media sosial pelaku hilang
LP/B/189/XI/2021/Kalbar/Res Mpw/Sek Sui Pinyuh,1 November 2021,"Pelaku diduga dendam akibat ditegur oleh korban, sehingga pelaku memukul bagian belakang korban menggunakan tangan kosong",Pelaku diduga dendam akibat ditegur oleh korban sehingga pelaku memukul bagian belakang korban menggunakan tangan kosong,pelaku diduga dendam akibat ditegur oleh korban sehingga pelaku memukul bagian belakang korban menggunakan tangan kosong,pelaku diduga dendam akibat ditegur oleh korban sehingga pelaku memukul bagian belakang korban menggunakan tangan kosong,"['pelaku', 'diduga', 'dendam', 'akibat', 'ditegur', 'oleh', 'korban', 'sehingga', 'pelaku', 'memukul', 'bagian', 'belakang', 'korban', 'menggunakan', 'tangan', 'kosong']","['pelaku', 'diduga', 'dendam', 'akibat', 'ditegur', 'korban', 'pelaku', 'memukul', 'korban', 'tangan', 'kosong']","['pelaku', 'duga', 'dendam', 'akibat', 'tegur', 'korban', 'pelaku', 'pukul', 'korban', 'tangan', 'kosong']",pelaku duga dendam akibat tegur korban pelaku pukul korban tangan kosong
LP/B/190/XI/2021/Kalbar/Res Mpw/Sek Sui Pinyuh,4 November 2021,"Pelaku merusak kunci stang motor menggunakan kunci T saat motor diparkir di Gg. Berkah RT 16/RW 08, Sungai Bakau Besar Darat, Kec. Sungai Pinyuh, Kab. Mempawah, lalu membawanya kabur.",Pelaku merusak kunci stang motor menggunakan kunci T saat motor diparkir di Gg Berkah RT RW Sungai Bakau Besar Darat Kec Sungai Pinyuh Kab Mempawah lalu membawanya kabur,pelaku merusak kunci stang motor menggunakan kunci t saat motor diparkir di gg berkah rt rw sungai bakau besar darat kec sungai pinyuh kab mempawah lalu membawanya kabur,pelaku merusak kunci stang motor menggunakan kunci t saat motor diparkir di gang berkah rukun tetangga rukun warga sungai bakau besar darat kecamatan sungai pinyuh kabupaten mempawah lalu membawanya kabur,"['pelaku', 'merusak', 'kunci', 'stang', 'motor', 'menggunakan', 'kunci', 't', 'saat', 'motor', 'diparkir', 'di', 'gang', 'berkah', 'rukun', 'tetangga', 'rukun', 'warga', 'sungai', 'bakau', 'besar', 'darat', 'kecamatan', 'sungai', 'pinyuh', 'kabupaten', 'mempawah', 'lalu', 'membawanya', 'kabur']","['pelaku', 'merusak', 'kunci', 'stang', 'motor', 'kunci', 'motor', 'diparkir', 'gang', 'berkah', 'rukun', 'tetangga', 'rukun', 'warga', 'sungai', 'bakau', 'darat', 'kecamatan', 'sungai', 'pinyuh', 'kabupaten', 'mempawah', 'membawanya', 'kabur']","['pelaku', 'rusak', 'kunci', 'stang', 'motor', 'kunci', 'motor', 'parkir', 'gang', 'berkah', 'rukun', 'tetangga', 'rukun', 'warga', 'sungai', 'bakau', 'darat', 'camat', 'sungai', 'pinyuh', 'kabupaten', 'mempawah', 'bawa', 'kabur']",pelaku rusak kunci stang motor kunci motor parkir gang berkah rukun tetangga rukun warga sungai bakau darat camat sungai pinyuh kabupaten mempawah bawa kabur
LP/B/199/XI/2021/Kalbar/Res Mpw/Sek Sui Pinyuh,22 November 2021,"Salah paham saat berpapasan, pelaku memukul kepala korban dengan Helm.",Salah paham saat berpapasan pelaku memukul kepala korban dengan Helm,salah paham saat berpapasan pelaku memukul kepala korban dengan helm,salah paham saat berpapasan pelaku memukul kepala korban dengan helm,"['salah', 'paham', 'saat', 'berpapasan', 'pelaku', 'memukul', 'kepala', 'korban', 'dengan', 'helm']","['salah', 'paham', 'berpapasan', 'pelaku', 'memukul', 'kepala', 'korban', 'helm']","['salah', 'paham', 'papas', 'pelaku', 'pukul', 'kepala', 'korban', 'helm']",salah paham papas pelaku pukul kepala korban helm
LP/B/200/XI/2021/Kalbar/Res Mpw/Sek Sui Pinyuh,22 November 2021,"Sabu disembunyikan di dalam kompresor kulkas, speaker, atau powerbank yang sudah dimodifikasi isinya.",Sabu disembunyikan di dalam kompresor kulkas speaker atau powerbank yang sudah dimodifikasi isinya,sabu disembunyikan di dalam kompresor kulkas speaker atau powerbank yang sudah dimodifikasi isinya,sabu disembunyikan di dalam kompresor kulkas speaker atau powerbank yang sudah dimodifikasi isinya,"['sabu', 'disembunyikan', 'di', 'dalam', 'kompresor', 'kulkas', 'speaker', 'atau', 'powerbank', 'yang', 'sudah', 'dimodifikasi', 'isinya']","['sabu', 'disembunyikan', 'kompresor', 'kulkas', 'speaker', 'powerbank', 'dimodifikasi', 'isinya']","['sabu', 'sembunyi', 'kompresor', 'kulkas', 'speaker', 'powerbank', 'modifikasi', 'isi']",sabu sembunyi kompresor kulkas speaker powerbank modifikasi isi
LP/B/204/XI/2021/Kalbar/Res Mpw/Sek Sui Pinyuh,26 November 2021,"Terjadi perselisihan di jalan raya, pelaku turun dari motor dan merusak pintu pagar hingga roboh mobil korban.",Terjadi perselisihan di jalan raya pelaku turun dari motor dan merusak pintu pagar hingga roboh mobil korban,terjadi perselisihan di jalan raya pelaku turun dari motor dan merusak pintu pagar hingga roboh mobil korban,terjadi perselisihan di jalan raya pelaku turun dari motor dan merusak pintu pagar hingga roboh mobil korban,"['terjadi', 'perselisihan', 'di', 'jalan', 'raya', 'pelaku', 'turun', 'dari', 'motor', 'dan', 'merusak', 'pintu', 'pagar', 'hingga', 'roboh', 'mobil', 'korban']","['perselisihan', 'jalan', 'raya', 'pelaku', 'turun', 'motor', 'merusak', 'pintu', 'pagar', 'roboh', 'mobil', 'korban']","['selisih', 'jalan', 'raya', 'pelaku', 'turun', 'motor', 'rusak', 'pintu', 'pagar', 'roboh', 'mobil', 'korban']",selisih jalan raya pelaku turun motor rusak pintu pagar roboh mobil korban
LP/B/205/XI/2021/Kalbar/Res Mpw/Sek Sui Pinyuh,27 November 2021,"Pelaku bekerja sebagai sales di toko korban, kemudian melarikan diri dengan mencuri uang sebesar Rp 7.500.000 yang digunakan untuk kepentingan pribadi.",Pelaku bekerja sebagai sales di toko korban kemudian melarikan diri dengan mencuri uang sebesar Rp yang digunakan untuk kepentingan pribadi,pelaku bekerja sebagai sales di toko korban kemudian melarikan diri dengan mencuri uang sebesar rp yang digunakan untuk kepentingan pribadi,pelaku bekerja sebagai sales di toko korban kemudian melarikan diri dengan mencuri uang sebesar rupiah yang digunakan untuk kepentingan pribadi,"['pelaku', 'bekerja', 'sebagai', 'sales', 'di', 'toko', 'korban', 'kemudian', 'melarikan', 'diri', 'dengan', 'mencuri', 'uang', 'sebesar', 'rupiah', 'yang', 'digunakan', 'untuk', 'kepentingan', 'pribadi']","['pelaku', 'sales', 'toko', 'korban', 'melarikan', 'mencuri', 'uang', 'rupiah', 'kepentingan', 'pribadi']","['pelaku', 'sales', 'toko', 'korban', 'lari', 'curi', 'uang', 'rupiah', 'penting', 'pribadi']",pelaku sales toko korban lari curi uang rupiah penting pribadi
LP/B/208/XII/2021/Kalbar/Res Mpw/Sek Sui Pinyuh,5 Desember 2021,"terlapor melakukan penipuan sebesar Rp 500.000 terkait arisan bodong, namun janji tersebut tidak ditepati.",terlapor melakukan penipuan sebesar Rp terkait arisan bodong namun janji tersebut tidak ditepati,terlapor melakukan penipuan sebesar rp terkait arisan bodong namun janji tersebut tidak ditepati,terlapor melakukan penipuan sebesar rupiah terkait arisan bodong namun janji tersebut tidak ditepati,"['terlapor', 'melakukan', 'penipuan', 'sebesar', 'rupiah', 'terkait', 'arisan', 'bodong', 'namun', 'janji', 'tersebut', 'tidak', 'ditepati']","['terlapor', 'penipuan', 'rupiah', 'terkait', 'arisan', 'bodong', 'janji', 'ditepati']","['terlapor', 'tipu', 'rupiah', 'kait', 'arisan', 'bodong', 'janji', 'tepat']",terlapor tipu rupiah kait arisan bodong janji tepat
LP/B/209/XII/2021/Kalbar/Res Mpw/Sek Sui Pinyuh,6 Desember 2021,"terlapor (lidik) membujuk korban dengan modus penggandaan uang, sehingga korban menyerahkan uang Rp 2.000.000 namun ternyata ditipu.",terlapor lidik membujuk korban dengan modus penggandaan uang sehingga korban menyerahkan uang Rp namun ternyata ditipu,terlapor lidik membujuk korban dengan modus penggandaan uang sehingga korban menyerahkan uang rp namun ternyata ditipu,terlapor lidik membujuk korban dengan modus penggandaan uang sehingga korban menyerahkan uang rupiah namun ternyata ditipu,"['terlapor', 'lidik', 'membujuk', 'korban', 'dengan', 'modus', 'penggandaan', 'uang', 'sehingga', 'korban', 'menyerahkan', 'uang', 'rupiah', 'namun', 'ternyata', 'ditipu']","['terlapor', 'lidik', 'membujuk', 'korban', 'modus', 'penggandaan', 'uang', 'korban', 'menyerahkan', 'uang', 'rupiah', 'ditipu']","['terlapor', 'lidik', 'bujuk', 'korban', 'modus', 'ganda', 'uang', 'korban', 'serah', 'uang', 'rupiah', 'tipu']",terlapor lidik bujuk korban modus ganda uang korban serah uang rupiah tipu
LP/B/210/XII/2021/Kalbar/Res Mpw/Sek Sui Pinyuh,6 Desember 2021,"Terjadi cekcok pelalu dan korban, pelaku memukul wajah korban dengan tangan kosong.",Terjadi cekcok pelalu dan korban pelaku memukul wajah korban dengan tangan kosong,terjadi cekcok pelalu dan korban pelaku memukul wajah korban dengan tangan kosong,terjadi cekcok pelalu dan korban pelaku memukul wajah korban dengan tangan kosong,"['terjadi', 'cekcok', 'pelalu', 'dan', 'korban', 'pelaku', 'memukul', 'wajah', 'korban', 'dengan', 'tangan', 'kosong']","['cekcok', 'pelalu', 'korban', 'pelaku', 'memukul', 'wajah', 'korban', 'tangan', 'kosong']","['cekcok', 'lalu', 'korban', 'pelaku', 'pukul', 'wajah', 'korban', 'tangan', 'kosong']",cekcok lalu korban pelaku pukul wajah korban tangan kosong
LP/B/211/XII/2021/Kalbar/Res Mpw/Sek Sui Pinyuh,8 Desember 2021,"pelaku menampar perut korban berkali-kali karena cemburu, menyebabkan korban luka memar.",pelaku menampar perut korban berkali kali karena cemburu menyebabkan korban luka memar,pelaku menampar perut korban berkali kali karena cemburu menyebabkan korban luka memar,pelaku menampar perut korban berkali kali karena cemburu menyebabkan korban luka memar,"['pelaku', 'menampar', 'perut', 'korban', 'berkali', 'kali', 'karena', 'cemburu', 'menyebabkan', 'korban', 'luka', 'memar']","['pelaku', 'menampar', 'perut', 'korban', 'berkali', 'kali', 'cemburu', 'menyebabkan', 'korban', 'luka', 'memar']","['pelaku', 'tampar', 'perut', 'korban', 'kali', 'kali', 'cemburu', 'sebab', 'korban', 'luka', 'memar']",pelaku tampar perut korban kali kali cemburu sebab korban luka memar
LP/B/212/XII/2021/Kalbar/Res Mpw/Sek Sui Pinyuh,9 Desember 2021,"Sewaktu korban sedang beristirahat, orang tak dikenal mendobrak pintu belakang memakai benda tumpul, lalu menggasak perhiasan emas milik korban.",Sewaktu korban sedang beristirahat orang tak dikenal mendobrak pintu belakang memakai benda tumpul lalu menggasak perhiasan emas milik korban,sewaktu korban sedang beristirahat orang tak dikenal mendobrak pintu belakang memakai benda tumpul lalu menggasak perhiasan emas milik korban,sewaktu korban sedang beristirahat orang tak dikenal mendobrak pintu belakang memakai benda tumpul lalu menggasak perhiasan emas milik korban,"['sewaktu', 'korban', 'sedang', 'beristirahat', 'orang', 'tak', 'dikenal', 'mendobrak', 'pintu', 'belakang', 'memakai', 'benda', 'tumpul', 'lalu', 'menggasak', 'perhiasan', 'emas', 'milik', 'korban']","['korban', 'beristirahat', 'orang', 'dikenal', 'mendobrak', 'pintu', 'memakai', 'benda', 'tumpul', 'menggasak', 'perhiasan', 'emas', 'milik', 'korban']","['korban', 'istirahat', 'orang', 'kenal', 'dobrak', 'pintu', 'pakai', 'benda', 'tumpul', 'gasak', 'hias', 'emas', 'milik', 'korban']",korban istirahat orang kenal dobrak pintu pakai benda tumpul gasak hias emas milik korban
LP/B/213/XII/2021/Kalbar/Res Mpw/Sek Sui Pinyuh,10 Desember 2021,"Berawal dari adu mulut, oknum pelaku emosi lalu menonjok perut korban menggunakan tangan kosong karena tersinggung.",Berawal dari adu mulut oknum pelaku emosi lalu menonjok perut korban menggunakan tangan kosong karena tersinggung,berawal dari adu mulut oknum pelaku emosi lalu menonjok perut korban menggunakan tangan kosong karena tersinggung,berawal dari adu mulut oknum pelaku emosi lalu menonjok perut korban menggunakan tangan kosong karena tersinggung,"['berawal', 'dari', 'adu', 'mulut', 'oknum', 'pelaku', 'emosi', 'lalu', 'menonjok', 'perut', 'korban', 'menggunakan', 'tangan', 'kosong', 'karena', 'tersinggung']","['adu', 'mulut', 'oknum', 'pelaku', 'emosi', 'menonjok', 'perut', 'korban', 'tangan', 'kosong', 'tersinggung']","['adu', 'mulut', 'oknum', 'pelaku', 'emosi', 'tonjok', 'perut', 'korban', 'tangan', 'kosong', 'singgung']",adu mulut oknum pelaku emosi tonjok perut korban tangan kosong singgung
LP/B/215/XII/2021/Kalbar/Res Mpw/Sek Sui Pinyuh,11 Desember 2021,Telah terjadi pencurian dimana pelaku membawa lari 1 unit HP merk Vivo dengan cara merusak kunci pintu menggunakan tang besi ketika pelapor meninggalkan rumah.,Telah terjadi pencurian dimana pelaku membawa lari unit HP merk Vivo dengan cara merusak kunci pintu menggunakan tang besi ketika pelapor meninggalkan rumah,telah terjadi pencurian dimana pelaku membawa lari unit hp merk vivo dengan cara merusak kunci pintu menggunakan tang besi ketika pelapor meninggalkan rumah,telah terjadi pencurian dimana pelaku membawa lari unit handphone merk vivo dengan cara merusak kunci pintu menggunakan tang besi ketika pelapor meninggalkan rumah,"['telah', 'terjadi', 'pencurian', 'dimana', 'pelaku', 'membawa', 'lari', 'unit', 'handphone', 'merk', 'vivo', 'dengan', 'cara', 'merusak', 'kunci', 'pintu', 'menggunakan', 'tang', 'besi', 'ketika', 'pelapor', 'meninggalkan', 'rumah']","['pencurian', 'dimana', 'pelaku', 'membawa', 'lari', 'unit', 'handphone', 'merk', 'vivo', 'merusak', 'kunci', 'pintu', 'tang', 'besi', 'pelapor', 'meninggalkan', 'rumah']","['curi', 'mana', 'pelaku', 'bawa', 'lari', 'unit', 'handphone', 'merk', 'vivo', 'rusak', 'kunci', 'pintu', 'tang', 'besi', 'lapor', 'tinggal', 'rumah']",curi mana pelaku bawa lari unit handphone merk vivo rusak kunci pintu tang besi lapor tinggal rumah
LP/B/216/XII/2021/Kalbar/Res Mpw/Sek Sui Pinyuh,12 Desember 2021,"Berdasarkan informasi warga, petugas melakukan penggerebekan di Gg. Baru RT 02/RW 03, Sungai Bakau Besar Darat, Kec. Sungai Pinyuh, Kab. Mempawah dan mendapati pelaku sedang mengkonsumsi narkoba.",Berdasarkan informasi warga petugas melakukan penggerebekan di Gg Baru RT RW Sungai Bakau Besar Darat Kec Sungai Pinyuh Kab Mempawah dan mendapati pelaku sedang mengkonsumsi narkoba,berdasarkan informasi warga petugas melakukan penggerebekan di gg baru rt rw sungai bakau besar darat kec sungai pinyuh kab mempawah dan mendapati pelaku sedang mengkonsumsi narkoba,berdasarkan informasi warga petugas melakukan penggerebekan di gang baru rukun tetangga rukun warga sungai bakau besar darat kecamatan sungai pinyuh kabupaten mempawah dan mendapati pelaku sedang mengkonsumsi narkoba,"['berdasarkan', 'informasi', 'warga', 'petugas', 'melakukan', 'penggerebekan', 'di', 'gang', 'baru', 'rukun', 'tetangga', 'rukun', 'warga', 'sungai', 'bakau', 'besar', 'darat', 'kecamatan', 'sungai', 'pinyuh', 'kabupaten', 'mempawah', 'dan', 'mendapati', 'pelaku', 'sedang', 'mengkonsumsi', 'narkoba']","['berdasarkan', 'informasi', 'warga', 'petugas', 'penggerebekan', 'gang', 'rukun', 'tetangga', 'rukun', 'warga', 'sungai', 'bakau', 'darat', 'kecamatan', 'sungai', 'pinyuh', 'kabupaten', 'mempawah', 'mendapati', 'pelaku', 'mengkonsumsi', 'narkoba']","['dasar', 'informasi', 'warga', 'petugas', 'gerebek', 'gang', 'rukun', 'tetangga', 'rukun', 'warga', 'sungai', 'bakau', 'darat', 'camat', 'sungai', 'pinyuh', 'kabupaten', 'mempawah', 'dapat', 'pelaku', 'konsumsi', 'narkoba']",dasar informasi warga petugas gerebek gang rukun tetangga rukun warga sungai bakau darat camat sungai pinyuh kabupaten mempawah dapat pelaku konsumsi narkoba
LP/B/217/XII/2021/Kalbar/Res Mpw/Sek Sui Pinyuh,12 Desember 2021,"Salah paham saat berpapasan, pelaku memukul kepala korban dengan Batu.",Salah paham saat berpapasan pelaku memukul kepala korban dengan Batu,salah paham saat berpapasan pelaku memukul kepala korban dengan batu,salah paham saat berpapasan pelaku memukul kepala korban dengan batu,"['salah', 'paham', 'saat', 'berpapasan', 'pelaku', 'memukul', 'kepala', 'korban', 'dengan', 'batu']","['salah', 'paham', 'berpapasan', 'pelaku', 'memukul', 'kepala', 'korban', 'batu']","['salah', 'paham', 'papas', 'pelaku', 'pukul', 'kepala', 'korban', 'batu']",salah paham papas pelaku pukul kepala korban batu
LP/B/218/XII/2021/Kalbar/Res Mpw/Sek Sui Pinyuh,19 Desember 2021,"Pelaku melihat 1 unit HP Samsung Galaxy yang diletakkan korban di Gg. Seliung RT 20/RW 03, Sungai Pinyuh, Kec. Sungai Pinyuh, Kab. Mempawah, kemudian dengan cepat mengambil dompet dan HP.",Pelaku melihat unit HP Samsung Galaxy yang diletakkan korban di Gg Seliung RT RW Sungai Pinyuh Kec Sungai Pinyuh Kab Mempawah kemudian dengan cepat mengambil dompet dan HP,pelaku melihat unit hp samsung galaxy yang diletakkan korban di gg seliung rt rw sungai pinyuh kec sungai pinyuh kab mempawah kemudian dengan cepat mengambil dompet dan hp,pelaku melihat unit handphone samsung galaxy yang diletakkan korban di gang seliung rukun tetangga rukun warga sungai pinyuh kecamatan sungai pinyuh kabupaten mempawah kemudian dengan cepat mengambil dompet dan handphone,"['pelaku', 'melihat', 'unit', 'handphone', 'samsung', 'galaxy', 'yang', 'diletakkan', 'korban', 'di', 'gang', 'seliung', 'rukun', 'tetangga', 'rukun', 'warga', 'sungai', 'pinyuh', 'kecamatan', 'sungai', 'pinyuh', 'kabupaten', 'mempawah', 'kemudian', 'dengan', 'cepat', 'mengambil', 'dompet', 'dan', 'handphone']","['pelaku', 'unit', 'handphone', 'samsung', 'galaxy', 'diletakkan', 'korban', 'gang', 'seliung', 'rukun', 'tetangga', 'rukun', 'warga', 'sungai', 'pinyuh', 'kecamatan', 'sungai', 'pinyuh', 'kabupaten', 'mempawah', 'cepat', 'mengambil', 'dompet', 'handphone']","['pelaku', 'unit', 'handphone', 'samsung', 'galaxy', 'letak', 'korban', 'gang', 'seliung', 'rukun', 'tetangga', 'rukun', 'warga', 'sungai', 'pinyuh', 'camat', 'sungai', 'pinyuh', 'kabupaten', 'mempawah', 'cepat', 'ambil', 'dompet', 'handphone']",pelaku unit handphone samsung galaxy letak korban gang seliung rukun tetangga rukun warga sungai pinyuh camat sungai pinyuh kabupaten mempawah cepat ambil dompet handphone
LP/B/222/XII/2021/Kalbar/Res Mpw/Sek Sui Pinyuh,26 Desember 2021,Pelaku emosi ditagih hutang lalu menendang perut korban.,Pelaku emosi ditagih hutang lalu menendang perut korban,pelaku emosi ditagih hutang lalu menendang perut korban,pelaku emosi ditagih hutang lalu menendang perut korban,"['pelaku', 'emosi', 'ditagih', 'hutang', 'lalu', 'menendang', 'perut', 'korban']","['pelaku', 'emosi', 'ditagih', 'hutang', 'menendang', 'perut', 'korban']","['pelaku', 'emosi', 'tagih', 'hutang', 'tendang', 'perut', 'korban']",pelaku emosi tagih hutang tendang perut korban
LP/B/223/XII/2021/Kalbar/Res Mpw/Sek Sui Pinyuh,26 Desember 2021,Seorang pemuda memukul korban tetangganya akibat emosi setelah ditegur karena suara musik yang terlalu keras.,Seorang pemuda memukul korban tetangganya akibat emosi setelah ditegur karena suara musik yang terlalu keras,seorang pemuda memukul korban tetangganya akibat emosi setelah ditegur karena suara musik yang terlalu keras,seorang pemuda memukul korban tetangganya akibat emosi setelah ditegur karena suara musik yang terlalu keras,"['seorang', 'pemuda', 'memukul', 'korban', 'tetangganya', 'akibat', 'emosi', 'setelah', 'ditegur', 'karena', 'suara', 'musik', 'yang', 'terlalu', 'keras']","['pemuda', 'memukul', 'korban', 'tetangganya', 'akibat', 'emosi', 'ditegur', 'suara', 'musik', 'keras']","['pemuda', 'pukul', 'korban', 'tetangga', 'akibat', 'emosi', 'tegur', 'suara', 'musik', 'keras']",pemuda pukul korban tetangga akibat emosi tegur suara musik keras
LP/B/224/XII/2021/Kalbar/Res Mpw/Sek Sui Pinyuh,28 Desember 2021,"Terjadi cekcok mulut antara pelaku dan korban masalah parkir kendaraan, kemudian pelaku emosi dan memukul punggung korban menggunakan kayu.",Terjadi cekcok mulut antara pelaku dan korban masalah parkir kendaraan kemudian pelaku emosi dan memukul punggung korban menggunakan kayu,terjadi cekcok mulut antara pelaku dan korban masalah parkir kendaraan kemudian pelaku emosi dan memukul punggung korban menggunakan kayu,terjadi cekcok mulut antara pelaku dan korban masalah parkir kendaraan kemudian pelaku emosi dan memukul punggung korban menggunakan kayu,"['terjadi', 'cekcok', 'mulut', 'antara', 'pelaku', 'dan', 'korban', 'masalah', 'parkir', 'kendaraan', 'kemudian', 'pelaku', 'emosi', 'dan', 'memukul', 'punggung', 'korban', 'menggunakan', 'kayu']","['cekcok', 'mulut', 'pelaku', 'korban', 'parkir', 'kendaraan', 'pelaku', 'emosi', 'memukul', 'punggung', 'korban', 'kayu']","['cekcok', 'mulut', 'pelaku', 'korban', 'parkir', 'kendara', 'pelaku', 'emosi', 'pukul', 'punggung', 'korban', 'kayu']",cekcok mulut pelaku korban parkir kendara pelaku emosi pukul punggung korban kayu
LP/B/225/XII/2021/Kalbar/Res Mpw/Sek Sui Pinyuh,29 Desember 2021,Menyisipkan paket sabu di dalam daging beku atau ikan asin agar baunya tidak tercium oleh anjing pelacak (K9).,Menyisipkan paket sabu di dalam daging beku atau ikan asin agar baunya tidak tercium oleh anjing pelacak K,menyisipkan paket sabu di dalam daging beku atau ikan asin agar baunya tidak tercium oleh anjing pelacak k,menyisipkan paket sabu di dalam daging beku atau ikan asin agar baunya tidak tercium oleh anjing pelacak ke,"['menyisipkan', 'paket', 'sabu', 'di', 'dalam', 'daging', 'beku', 'atau', 'ikan', 'asin', 'agar', 'baunya', 'tidak', 'tercium', 'oleh', 'anjing', 'pelacak', 'ke']","['menyisipkan', 'paket', 'sabu', 'daging', 'beku', 'ikan', 'asin', 'baunya', 'tercium', 'anjing', 'pelacak']","['sisip', 'paket', 'sabu', 'daging', 'beku', 'ikan', 'asin', 'bau', 'cium', 'anjing', 'lacak']",sisip paket sabu daging beku ikan asin bau cium anjing lacak
LP/B/226/XII/2021/Kalbar/Res Mpw/Sek Sui Pinyuh,29 Desember 2021,"Pelaku meminjam uang kepada korban sebesar Rp 5.000.000 dengan alasan modal usaha mendadak, namun setelah jatuh tempo pelaku menghilang.",Pelaku meminjam uang kepada korban sebesar Rp dengan alasan modal usaha mendadak namun setelah jatuh tempo pelaku menghilang,pelaku meminjam uang kepada korban sebesar rp dengan alasan modal usaha mendadak namun setelah jatuh tempo pelaku menghilang,pelaku meminjam uang kepada korban sebesar rupiah dengan alasan modal usaha mendadak namun setelah jatuh tempo pelaku menghilang,"['pelaku', 'meminjam', 'uang', 'kepada', 'korban', 'sebesar', 'rupiah', 'dengan', 'alasan', 'modal', 'usaha', 'mendadak', 'namun', 'setelah', 'jatuh', 'tempo', 'pelaku', 'menghilang']","['pelaku', 'meminjam', 'uang', 'korban', 'rupiah', 'alasan', 'modal', 'usaha', 'mendadak', 'jatuh', 'tempo', 'pelaku', 'menghilang']","['pelaku', 'pinjam', 'uang', 'korban', 'rupiah', 'alas', 'modal', 'usaha', 'dadak', 'jatuh', 'tempo', 'pelaku', 'hilang']",pelaku pinjam uang korban rupiah alas modal usaha dadak jatuh tempo pelaku hilang
LP/B/228/XII/2021/Kalbar/Res Mpw/Sek Sui Pinyuh,29 Desember 2021,"Terjadi cekcok mulut antara pelaku dan korban masalah parkir kendaraan, kemudian pelaku emosi dan menendang perut korban hingga terjatuh.",Terjadi cekcok mulut antara pelaku dan korban masalah parkir kendaraan kemudian pelaku emosi dan menendang perut korban hingga terjatuh,terjadi cekcok mulut antara pelaku dan korban masalah parkir kendaraan kemudian pelaku emosi dan menendang perut korban hingga terjatuh,terjadi cekcok mulut antara pelaku dan korban masalah parkir kendaraan kemudian pelaku emosi dan menendang perut korban hingga terjatuh,"['terjadi', 'cekcok', 'mulut', 'antara', 'pelaku', 'dan', 'korban', 'masalah', 'parkir', 'kendaraan', 'kemudian', 'pelaku', 'emosi', 'dan', 'menendang', 'perut', 'korban', 'hingga', 'terjatuh']","['cekcok', 'mulut', 'pelaku', 'korban', 'parkir', 'kendaraan', 'pelaku', 'emosi', 'menendang', 'perut', 'korban', 'terjatuh']","['cekcok', 'mulut', 'pelaku', 'korban', 'parkir', 'kendara', 'pelaku', 'emosi', 'tendang', 'perut', 'korban', 'jatuh']",cekcok mulut pelaku korban parkir kendara pelaku emosi tendang perut korban jatuh
LP/B/01/I/2022/Kalbar/Res Mpw/Sek Sui Pinyuh,1 Januari 2022,Pelaku mengambil perhiasan emas seberat 10 gram yang diletakkan korban di dashboard motor saat korban berbelanja.,Pelaku mengambil perhiasan emas seberat gram yang diletakkan korban di dashboard motor saat korban berbelanja,pelaku mengambil perhiasan emas seberat gram yang diletakkan korban di dashboard motor saat korban berbelanja,pelaku mengambil perhiasan emas seberat gram yang diletakkan korban di dashboard motor saat korban berbelanja,"['pelaku', 'mengambil', 'perhiasan', 'emas', 'seberat', 'gram', 'yang', 'diletakkan', 'korban', 'di', 'dashboard', 'motor', 'saat', 'korban', 'berbelanja']","['pelaku', 'mengambil', 'perhiasan', 'emas', 'seberat', 'gram', 'diletakkan', 'korban', 'dashboard', 'motor', 'korban', 'berbelanja']","['pelaku', 'ambil', 'hias', 'emas', 'berat', 'gram', 'letak', 'korban', 'dashboard', 'motor', 'korban', 'belanja']",pelaku ambil hias emas berat gram letak korban dashboard motor korban belanja
LP/B/02/I/2022/Kalbar/Res Mpw/Sek Sui Pinyuh,2 Januari 2022,Kurir membawa sabu yang telah dipress tipis dan dijahit di dalam sol sepatu pantofel atau kets yang digunakan.,Kurir membawa sabu yang telah dipress tipis dan dijahit di dalam sol sepatu pantofel atau kets yang digunakan,kurir membawa sabu yang telah dipress tipis dan dijahit di dalam sol sepatu pantofel atau kets yang digunakan,kurir membawa sabu yang telah dipress tipis dan dijahit di dalam sol sepatu pantofel atau kets yang digunakan,"['kurir', 'membawa', 'sabu', 'yang', 'telah', 'dipress', 'tipis', 'dan', 'dijahit', 'di', 'dalam', 'sol', 'sepatu', 'pantofel', 'atau', 'kets', 'yang', 'digunakan']","['kurir', 'membawa', 'sabu', 'dipress', 'tipis', 'dijahit', 'sol', 'sepatu', 'pantofel', 'kets']","['kurir', 'bawa', 'sabu', 'dipress', 'tipis', 'jahit', 'sol', 'sepatu', 'pantofel', 'kets']",kurir bawa sabu dipress tipis jahit sol sepatu pantofel kets
LP/B/03/I/2022/Kalbar/Res Mpw/Sek Sui Pinyuh,4 Januari 2022,"Pelaku melakukan pencurian dengan pemberatan, merusak pintu ruko dan mengambil 1 unit Laptop ASUS.",Pelaku melakukan pencurian dengan pemberatan merusak pintu ruko dan mengambil unit Laptop ASUS,pelaku melakukan pencurian dengan pemberatan merusak pintu ruko dan mengambil unit laptop asus,pelaku melakukan pencurian dengan pemberatan merusak pintu ruko dan mengambil unit laptop asus,"['pelaku', 'melakukan', 'pencurian', 'dengan', 'pemberatan', 'merusak', 'pintu', 'ruko', 'dan', 'mengambil', 'unit', 'laptop', 'asus']","['pelaku', 'pencurian', 'pemberatan', 'merusak', 'pintu', 'ruko', 'mengambil', 'unit', 'laptop', 'asus']","['pelaku', 'curi', 'berat', 'rusak', 'pintu', 'ruko', 'ambil', 'unit', 'laptop', 'asus']",pelaku curi berat rusak pintu ruko ambil unit laptop asus
LP/B/06/I/2022/Kalbar/Res Mpw/Sek Sui Pinyuh,8 Januari 2022,Pelaku mengambil 1 unit Laptop ASUS yang diletakkan korban di dashboard motor saat korban berbelanja.,Pelaku mengambil unit Laptop ASUS yang diletakkan korban di dashboard motor saat korban berbelanja,pelaku mengambil unit laptop asus yang diletakkan korban di dashboard motor saat korban berbelanja,pelaku mengambil unit laptop asus yang diletakkan korban di dashboard motor saat korban berbelanja,"['pelaku', 'mengambil', 'unit', 'laptop', 'asus', 'yang', 'diletakkan', 'korban', 'di', 'dashboard', 'motor', 'saat', 'korban', 'berbelanja']","['pelaku', 'mengambil', 'unit', 'laptop', 'asus', 'diletakkan', 'korban', 'dashboard', 'motor', 'korban', 'berbelanja']","['pelaku', 'ambil', 'unit', 'laptop', 'asus', 'letak', 'korban', 'dashboard', 'motor', 'korban', 'belanja']",pelaku ambil unit laptop asus letak korban dashboard motor korban belanja
LP/B/09/I/2022/Kalbar/Res Mpw/Sek Sui Pinyuh,16 Januari 2022,Pelaku merusak gembok gudang dan mengambil 2 buah tabung gas 3kg.,Pelaku merusak gembok gudang dan mengambil buah tabung gas kg,pelaku merusak gembok gudang dan mengambil buah tabung gas kg,pelaku merusak gembok gudang dan mengambil buah tabung gas kilo,"['pelaku', 'merusak', 'gembok', 'gudang', 'dan', 'mengambil', 'buah', 'tabung', 'gas', 'kilo']","['pelaku', 'merusak', 'gembok', 'gudang', 'mengambil', 'buah', 'tabung', 'gas', 'kilo']","['pelaku', 'rusak', 'gembok', 'gudang', 'ambil', 'buah', 'tabung', 'gas', 'kilo']",pelaku rusak gembok gudang ambil buah tabung gas kilo
LP/B/11/I/2022/Kalbar/Res Mpw/Sek Sui Pinyuh,24 Januari 2022,Pelaku menipu korban dengan menjanjikan pekerjaan PNS dengan syarat bayar Rp 14.000.000.,Pelaku menipu korban dengan menjanjikan pekerjaan PNS dengan syarat bayar Rp,pelaku menipu korban dengan menjanjikan pekerjaan pns dengan syarat bayar rp,pelaku menipu korban dengan menjanjikan pekerjaan pns dengan syarat bayar rupiah,"['pelaku', 'menipu', 'korban', 'dengan', 'menjanjikan', 'pekerjaan', 'pns', 'dengan', 'syarat', 'bayar', 'rupiah']","['pelaku', 'menipu', 'korban', 'menjanjikan', 'pekerjaan', 'pns', 'syarat', 'bayar', 'rupiah']","['pelaku', 'tipu', 'korban', 'janji', 'kerja', 'pns', 'syarat', 'bayar', 'rupiah']",pelaku tipu korban janji kerja pns syarat bayar rupiah
LP/B/12/I/2022/Kalbar/Res Mpw/Sek Sui Pinyuh,27 Januari 2022,"Pelaku mengambil 1 unit sepeda motor Yamaha NMAX milik korban yang sedang terparkir di Gg. Famili, Desa/Kel. Sungai Rasau, Kec. Sungai Pinyuh, Kab. Mempawah dengan menggunakan kunci T.",Pelaku mengambil unit sepeda motor Yamaha NMAX milik korban yang sedang terparkir di Gg Famili Desa Kel Sungai Rasau Kec Sungai Pinyuh Kab Mempawah dengan menggunakan kunci T,pelaku mengambil unit sepeda motor yamaha nmax milik korban yang sedang terparkir di gg famili desa kel sungai rasau kec sungai pinyuh kab mempawah dengan menggunakan kunci t,pelaku mengambil unit sepeda motor yamaha nmax milik korban yang sedang terparkir di gang famili desa keluarga sungai rasau kecamatan sungai pinyuh kabupaten mempawah dengan menggunakan kunci t,"['pelaku', 'mengambil', 'unit', 'sepeda', 'motor', 'yamaha', 'nmax', 'milik', 'korban', 'yang', 'sedang', 'terparkir', 'di', 'gang', 'famili', 'desa', 'keluarga', 'sungai', 'rasau', 'kecamatan', 'sungai', 'pinyuh', 'kabupaten', 'mempawah', 'dengan', 'menggunakan', 'kunci', 't']","['pelaku', 'mengambil', 'unit', 'sepeda', 'motor', 'yamaha', 'nmax', 'milik', 'korban', 'terparkir', 'gang', 'famili', 'desa', 'keluarga', 'sungai', 'rasau', 'kecamatan', 'sungai', 'pinyuh', 'kabupaten', 'mempawah', 'kunci']","['pelaku', 'ambil', 'unit', 'sepeda', 'motor', 'yamaha', 'nmax', 'milik', 'korban', 'parkir', 'gang', 'famili', 'desa', 'keluarga', 'sungai', 'rasau', 'camat', 'sungai', 'pinyuh', 'kabupaten', 'mempawah', 'kunci']",pelaku ambil unit sepeda motor yamaha nmax milik korban parkir gang famili desa keluarga sungai rasau camat sungai pinyuh kabupaten mempawah kunci
LP/B/14/I/2022/Kalbar/Res Mpw/Sek Sui Pinyuh,27 Januari 2022,Pelaku merusak gembok gudang dan mengambil 1 unit sepeda motor Honda Vario.,Pelaku merusak gembok gudang dan mengambil unit sepeda motor Honda Vario,pelaku merusak gembok gudang dan mengambil unit sepeda motor honda vario,pelaku merusak gembok gudang dan mengambil unit sepeda motor honda vario,"['pelaku', 'merusak', 'gembok', 'gudang', 'dan', 'mengambil', 'unit', 'sepeda', 'motor', 'honda', 'vario']","['pelaku', 'merusak', 'gembok', 'gudang', 'mengambil', 'unit', 'sepeda', 'motor', 'honda', 'vario']","['pelaku', 'rusak', 'gembok', 'gudang', 'ambil', 'unit', 'sepeda', 'motor', 'honda', 'vario']",pelaku rusak gembok gudang ambil unit sepeda motor honda vario
LP/B/15/I/2022/Kalbar/Res Mpw/Sek Sui Pinyuh,31 Januari 2022,"Pelaku berpura-pura sebagai penjual sepeda motor melalui platform marketplace dan meminta uang muka sebagai tanda jadi. Setelah korban mentransfer dana, pelaku menghilang dan barang yang dijanjikan tidak pernah ada.",Pelaku berpura pura sebagai penjual sepeda motor melalui platform marketplace dan meminta uang muka sebagai tanda jadi Setelah korban mentransfer dana pelaku menghilang dan barang yang dijanjikan tidak pernah ada,pelaku berpura pura sebagai penjual sepeda motor melalui platform marketplace dan meminta uang muka sebagai tanda jadi setelah korban mentransfer dana pelaku menghilang dan barang yang dijanjikan tidak pernah ada,pelaku berpura pura sebagai penjual sepeda motor melalui platform marketplace dan meminta uang muka sebagai tanda jadi setelah korban mentransfer dana pelaku menghilang dan barang yang dijanjikan tidak pernah ada,"['pelaku', 'berpura', 'pura', 'sebagai', 'penjual', 'sepeda', 'motor', 'melalui', 'platform', 'marketplace', 'dan', 'meminta', 'uang', 'muka', 'sebagai', 'tanda', 'jadi', 'setelah', 'korban', 'mentransfer', 'dana', 'pelaku', 'menghilang', 'dan', 'barang', 'yang', 'dijanjikan', 'tidak', 'pernah', 'ada']","['pelaku', 'berpura', 'pura', 'penjual', 'sepeda', 'motor', 'platform', 'marketplace', 'uang', 'muka', 'tanda', 'korban', 'mentransfer', 'dana', 'pelaku', 'menghilang', 'barang', 'dijanjikan']","['pelaku', 'pura', 'pura', 'penjual', 'sepeda', 'motor', 'platform', 'marketplace', 'uang', 'muka', 'tanda', 'korban', 'transfer', 'dana', 'pelaku', 'hilang', 'barang', 'janji']",pelaku pura pura penjual sepeda motor platform marketplace uang muka tanda korban transfer dana pelaku hilang barang janji
LP/B/16/II/2022/Kalbar/Res Mpw/Sek Sui Pinyuh,04 Februari 2022,Pelaku melakukan pencurian dengan cara memanjat bak truk lalu mengambil 2 (dua) buah tabung gas,Pelaku melakukan pencurian dengan cara memanjat bak truk lalu mengambil dua buah tabung gas,pelaku melakukan pencurian dengan cara memanjat bak truk lalu mengambil dua buah tabung gas,pelaku melakukan pencurian dengan cara memanjat bak truk lalu mengambil dua buah tabung gas,"['pelaku', 'melakukan', 'pencurian', 'dengan', 'cara', 'memanjat', 'bak', 'truk', 'lalu', 'mengambil', 'dua', 'buah', 'tabung', 'gas']","['pelaku', 'pencurian', 'memanjat', 'bak', 'truk', 'mengambil', 'buah', 'tabung', 'gas']","['pelaku', 'curi', 'panjat', 'bak', 'truk', 'ambil', 'buah', 'tabung', 'gas']",pelaku curi panjat bak truk ambil buah tabung gas
LP/B/17/II/2022/Kalbar/Res Mpw/Sek Sui Pinyuh,3 Februari 2022,"Petugas mengamankan pelaku yang gerak-geriknya mencurigakan di pinggir jalan, saat diperiksa ditemukan alat hisap sabu (bong).",Petugas mengamankan pelaku yang gerak geriknya mencurigakan di pinggir jalan saat diperiksa ditemukan alat hisap sabu bong,petugas mengamankan pelaku yang gerak geriknya mencurigakan di pinggir jalan saat diperiksa ditemukan alat hisap sabu bong,petugas mengamankan pelaku yang gerak geriknya mencurigakan di pinggir jalan saat diperiksa ditemukan alat hisap sabu bong,"['petugas', 'mengamankan', 'pelaku', 'yang', 'gerak', 'geriknya', 'mencurigakan', 'di', 'pinggir', 'jalan', 'saat', 'diperiksa', 'ditemukan', 'alat', 'hisap', 'sabu', 'bong']","['petugas', 'mengamankan', 'pelaku', 'gerak', 'geriknya', 'mencurigakan', 'pinggir', 'jalan', 'diperiksa', 'ditemukan', 'alat', 'hisap', 'sabu', 'bong']","['petugas', 'aman', 'pelaku', 'gerak', 'gerik', 'curiga', 'pinggir', 'jalan', 'periksa', 'temu', 'alat', 'hisap', 'sabu', 'bong']",petugas aman pelaku gerak gerik curiga pinggir jalan periksa temu alat hisap sabu bong
LP/B/20/II/2022/Kalbar/Res Mpw/Sek Sui Pinyuh,6 Februari 2022,Pelaku memanjat pagar rumah korban pada malam hari dan mengambil 1 unit sepeda motor Yamaha NMAX yang berada di teras.,Pelaku memanjat pagar rumah korban pada malam hari dan mengambil unit sepeda motor Yamaha NMAX yang berada di teras,pelaku memanjat pagar rumah korban pada malam hari dan mengambil unit sepeda motor yamaha nmax yang berada di teras,pelaku memanjat pagar rumah korban pada malam hari dan mengambil unit sepeda motor yamaha nmax yang berada di teras,"['pelaku', 'memanjat', 'pagar', 'rumah', 'korban', 'pada', 'malam', 'hari', 'dan', 'mengambil', 'unit', 'sepeda', 'motor', 'yamaha', 'nmax', 'yang', 'berada', 'di', 'teras']","['pelaku', 'memanjat', 'pagar', 'rumah', 'korban', 'malam', 'mengambil', 'unit', 'sepeda', 'motor', 'yamaha', 'nmax', 'teras']","['pelaku', 'panjat', 'pagar', 'rumah', 'korban', 'malam', 'ambil', 'unit', 'sepeda', 'motor', 'yamaha', 'nmax', 'teras']",pelaku panjat pagar rumah korban malam ambil unit sepeda motor yamaha nmax teras
LP/B/23/II/2022/Kalbar/Res Mpw/Sek Sui Pinyuh,12 Februari 2022,"Pelaku meminjam uang kepada korban dengan alasan kebutuhan mendesak dan berjanji mengembalikan dalam waktu tertentu, namun setelah dana diberikan, pelaku tidak menunjukkan itikad baik untuk mengembalikan.",Pelaku meminjam uang kepada korban dengan alasan kebutuhan mendesak dan berjanji mengembalikan dalam waktu tertentu namun setelah dana diberikan pelaku tidak menunjukkan itikad baik untuk mengembalikan,pelaku meminjam uang kepada korban dengan alasan kebutuhan mendesak dan berjanji mengembalikan dalam waktu tertentu namun setelah dana diberikan pelaku tidak menunjukkan itikad baik untuk mengembalikan,pelaku meminjam uang kepada korban dengan alasan kebutuhan mendesak dan berjanji mengembalikan dalam waktu tertentu namun setelah dana diberikan pelaku tidak menunjukkan itikad baik untuk mengembalikan,"['pelaku', 'meminjam', 'uang', 'kepada', 'korban', 'dengan', 'alasan', 'kebutuhan', 'mendesak', 'dan', 'berjanji', 'mengembalikan', 'dalam', 'waktu', 'tertentu', 'namun', 'setelah', 'dana', 'diberikan', 'pelaku', 'tidak', 'menunjukkan', 'itikad', 'baik', 'untuk', 'mengembalikan']","['pelaku', 'meminjam', 'uang', 'korban', 'alasan', 'kebutuhan', 'mendesak', 'berjanji', 'mengembalikan', 'dana', 'pelaku', 'itikad', 'mengembalikan']","['pelaku', 'pinjam', 'uang', 'korban', 'alas', 'butuh', 'desak', 'janji', 'kembali', 'dana', 'pelaku', 'itikad', 'kembali']",pelaku pinjam uang korban alas butuh desak janji kembali dana pelaku itikad kembali
LP/B/25/II/2022/Kalbar/Res Mpw/Sek Sui Pinyuh,16 Februari 2022,Pelaku mengambil Caburator mobil pada saat diparkir dilokasi bengkel,Pelaku mengambil Caburator mobil pada saat diparkir dilokasi bengkel,pelaku mengambil caburator mobil pada saat diparkir dilokasi bengkel,pelaku mengambil caburator mobil pada saat diparkir dilokasi bengkel,"['pelaku', 'mengambil', 'caburator', 'mobil', 'pada', 'saat', 'diparkir', 'dilokasi', 'bengkel']","['pelaku', 'mengambil', 'caburator', 'mobil', 'diparkir', 'dilokasi', 'bengkel']","['pelaku', 'ambil', 'caburator', 'mobil', 'parkir', 'lokasi', 'bengkel']",pelaku ambil caburator mobil parkir lokasi bengkel
LP/B/26/II/2022/Kalbar/Res Mpw/Sek Sui Pinyuh,19 Februari 2022,Pelaku mengambil 1 unit HP Samsung milik korban yang tersimpan di dalam rumah.,Pelaku mengambil unit HP Samsung milik korban yang tersimpan di dalam rumah,pelaku mengambil unit hp samsung milik korban yang tersimpan di dalam rumah,pelaku mengambil unit handphone samsung milik korban yang tersimpan di dalam rumah,"['pelaku', 'mengambil', 'unit', 'handphone', 'samsung', 'milik', 'korban', 'yang', 'tersimpan', 'di', 'dalam', 'rumah']","['pelaku', 'mengambil', 'unit', 'handphone', 'samsung', 'milik', 'korban', 'tersimpan', 'rumah']","['pelaku', 'ambil', 'unit', 'handphone', 'samsung', 'milik', 'korban', 'simpan', 'rumah']",pelaku ambil unit handphone samsung milik korban simpan rumah
LP/B/27/II/2022/Kalbar/Res Mpw/Sek Sui Pinyuh,20 Februari 2022,"Pada saat rumah dalam keadaan kosong ditinggal pemiliknya bekerja, pelaku masuk dengan cara merusak kunci pintu belakang. Setelah berhasil masuk, pelaku mengacak-acak lemari di kamar utama dan mengambil Uang tunai Rp 2.000.000 serta barang berharga lainnya, kemudian melarikan diri melalui pintu yang sama.",Pada saat rumah dalam keadaan kosong ditinggal pemiliknya bekerja pelaku masuk dengan cara merusak kunci pintu belakang Setelah berhasil masuk pelaku mengacak acak lemari di kamar utama dan mengambil Uang tunai Rp serta barang berharga lainnya kemudian melarikan diri melalui pintu yang sama,pada saat rumah dalam keadaan kosong ditinggal pemiliknya bekerja pelaku masuk dengan cara merusak kunci pintu belakang setelah berhasil masuk pelaku mengacak acak lemari di kamar utama dan mengambil uang tunai rp serta barang berharga lainnya kemudian melarikan diri melalui pintu yang sama,pada saat rumah dalam keadaan kosong ditinggal pemiliknya bekerja pelaku masuk dengan cara merusak kunci pintu belakang setelah berhasil masuk pelaku mengacak acak lemari di kamar utama dan mengambil uang tunai rupiah serta barang berharga lainnya kemudian melarikan diri melalui pintu yang sama,"['pada', 'saat', 'rumah', 'dalam', 'keadaan', 'kosong', 'ditinggal', 'pemiliknya', 'bekerja', 'pelaku', 'masuk', 'dengan', 'cara', 'merusak', 'kunci', 'pintu', 'belakang', 'setelah', 'berhasil', 'masuk', 'pelaku', 'mengacak', 'acak', 'lemari', 'di', 'kamar', 'utama', 'dan', 'mengambil', 'uang', 'tunai', 'rupiah', 'serta', 'barang', 'berharga', 'lainnya', 'kemudian', 'melarikan', 'diri', 'melalui', 'pintu', 'yang', 'sama']","['rumah', 'kosong', 'ditinggal', 'pemiliknya', 'pelaku', 'masuk', 'merusak', 'kunci', 'pintu', 'berhasil', 'masuk', 'pelaku', 'mengacak', 'acak', 'lemari', 'kamar', 'utama', 'mengambil', 'uang', 'tunai', 'rupiah', 'barang', 'berharga', 'melarikan', 'pintu']","['rumah', 'kosong', 'tinggal', 'milik', 'pelaku', 'masuk', 'rusak', 'kunci', 'pintu', 'hasil', 'masuk', 'pelaku', 'acak', 'acak', 'lemari', 'kamar', 'utama', 'ambil', 'uang', 'tunai', 'rupiah', 'barang', 'harga', 'lari', 'pintu']",rumah kosong tinggal milik pelaku masuk rusak kunci pintu hasil masuk pelaku acak acak lemari kamar utama ambil uang tunai rupiah barang harga lari pintu
LP/B/28/II/2022/Kalbar/Res Mpw/Sek Sui Pinyuh,21 Februari 2022,Pelaku memukul wajah korban dengan tangan kosong karena salah paham.,Pelaku memukul wajah korban dengan tangan kosong karena salah paham,pelaku memukul wajah korban dengan tangan kosong karena salah paham,pelaku memukul wajah korban dengan tangan kosong karena salah paham,"['pelaku', 'memukul', 'wajah', 'korban', 'dengan', 'tangan', 'kosong', 'karena', 'salah', 'paham']","['pelaku', 'memukul', 'wajah', 'korban', 'tangan', 'kosong', 'salah', 'paham']","['pelaku', 'pukul', 'wajah', 'korban', 'tangan', 'kosong', 'salah', 'paham']",pelaku pukul wajah korban tangan kosong salah paham
LP/B/29/III/2022/Kalbar/Res Mpw/Sek Sui Pinyuh,23 Februari 2022,Pelaku melakukan pencurian dengan cara masuk lewat pintu dapur kemudian mengambil barang2 berupa 10 (sepuluh) gram kalung emas dan 1 (satu) buah HP VIVO,Pelaku melakukan pencurian dengan cara masuk lewat pintu dapur kemudian mengambil barang berupa sepuluh gram kalung emas dan satu buah HP VIVO,pelaku melakukan pencurian dengan cara masuk lewat pintu dapur kemudian mengambil barang berupa sepuluh gram kalung emas dan satu buah hp vivo,pelaku melakukan pencurian dengan cara masuk lewat pintu dapur kemudian mengambil barang berupa sepuluh gram kalung emas dan satu buah handphone vivo,"['pelaku', 'melakukan', 'pencurian', 'dengan', 'cara', 'masuk', 'lewat', 'pintu', 'dapur', 'kemudian', 'mengambil', 'barang', 'berupa', 'sepuluh', 'gram', 'kalung', 'emas', 'dan', 'satu', 'buah', 'handphone', 'vivo']","['pelaku', 'pencurian', 'masuk', 'pintu', 'dapur', 'mengambil', 'barang', 'sepuluh', 'gram', 'kalung', 'emas', 'buah', 'handphone', 'vivo']","['pelaku', 'curi', 'masuk', 'pintu', 'dapur', 'ambil', 'barang', 'puluh', 'gram', 'kalung', 'emas', 'buah', 'handphone', 'vivo']",pelaku curi masuk pintu dapur ambil barang puluh gram kalung emas buah handphone vivo
LP/B/30/III/2022/Kalbar/Res Mpw/Sek Sui Pinyuh,3 Maret 2022,"Pelaku menyadari keberadaan polisi, lalu membuang barang bukti ke saluran air. Upaya menghilangkan jejak saat tertangkap tangan di lapangan.",Pelaku menyadari keberadaan polisi lalu membuang barang bukti ke saluran air Upaya menghilangkan jejak saat tertangkap tangan di lapangan,pelaku menyadari keberadaan polisi lalu membuang barang bukti ke saluran air upaya menghilangkan jejak saat tertangkap tangan di lapangan,pelaku menyadari keberadaan polisi lalu membuang barang bukti ke saluran air upaya menghilangkan jejak saat tertangkap tangan di lapangan,"['pelaku', 'menyadari', 'keberadaan', 'polisi', 'lalu', 'membuang', 'barang', 'bukti', 'ke', 'saluran', 'air', 'upaya', 'menghilangkan', 'jejak', 'saat', 'tertangkap', 'tangan', 'di', 'lapangan']","['pelaku', 'menyadari', 'keberadaan', 'polisi', 'membuang', 'barang', 'bukti', 'saluran', 'air', 'upaya', 'menghilangkan', 'jejak', 'tertangkap', 'tangan', 'lapangan']","['pelaku', 'sadar', 'ada', 'polisi', 'buang', 'barang', 'bukti', 'salur', 'air', 'upaya', 'hilang', 'jejak', 'tangkap', 'tangan', 'lapang']",pelaku sadar ada polisi buang barang bukti salur air upaya hilang jejak tangkap tangan lapang
LP/B/31/III/2022/Kalbar/Res Mpw/Sek Sui Pinyuh,4 Maret 2022,"Pelaku menawarkan mobil rental dengan harga murah melalui media sosial, namun setelah uang ditransfer, barang tidak dikirim.",Pelaku menawarkan mobil rental dengan harga murah melalui media sosial namun setelah uang ditransfer barang tidak dikirim,pelaku menawarkan mobil rental dengan harga murah melalui media sosial namun setelah uang ditransfer barang tidak dikirim,pelaku menawarkan mobil rental dengan harga murah melalui media sosial namun setelah uang ditransfer barang tidak dikirim,"['pelaku', 'menawarkan', 'mobil', 'rental', 'dengan', 'harga', 'murah', 'melalui', 'media', 'sosial', 'namun', 'setelah', 'uang', 'ditransfer', 'barang', 'tidak', 'dikirim']","['pelaku', 'menawarkan', 'mobil', 'rental', 'harga', 'murah', 'media', 'sosial', 'uang', 'ditransfer', 'barang', 'dikirim']","['pelaku', 'tawar', 'mobil', 'rental', 'harga', 'murah', 'media', 'sosial', 'uang', 'transfer', 'barang', 'kirim']",pelaku tawar mobil rental harga murah media sosial uang transfer barang kirim
LP/B/32/III/2022/Kalbar/Res Mpw/Sek Sui Pinyuh,4 Maret 2022,Pelaku menggadaikan sepeda motor yang ternyata bukan miliknya kepada korban.,Pelaku menggadaikan sepeda motor yang ternyata bukan miliknya kepada korban,pelaku menggadaikan sepeda motor yang ternyata bukan miliknya kepada korban,pelaku menggadaikan sepeda motor yang ternyata bukan miliknya kepada korban,"['pelaku', 'menggadaikan', 'sepeda', 'motor', 'yang', 'ternyata', 'bukan', 'miliknya', 'kepada', 'korban']","['pelaku', 'menggadaikan', 'sepeda', 'motor', 'miliknya', 'korban']","['pelaku', 'gadai', 'sepeda', 'motor', 'milik', 'korban']",pelaku gadai sepeda motor milik korban
LP/B/34/III/2022/Kalbar/Res Mpw/Sek Sui Pinyuh,8 Maret 2022,"Pelaku berpura-pura bertamu kemudian saat korban lengah, pelaku mengambil 2 buah tabung gas 3kg yang ada di meja.",Pelaku berpura pura bertamu kemudian saat korban lengah pelaku mengambil buah tabung gas kg yang ada di meja,pelaku berpura pura bertamu kemudian saat korban lengah pelaku mengambil buah tabung gas kg yang ada di meja,pelaku berpura pura bertamu kemudian saat korban lengah pelaku mengambil buah tabung gas kilo yang ada di meja,"['pelaku', 'berpura', 'pura', 'bertamu', 'kemudian', 'saat', 'korban', 'lengah', 'pelaku', 'mengambil', 'buah', 'tabung', 'gas', 'kilo', 'yang', 'ada', 'di', 'meja']","['pelaku', 'berpura', 'pura', 'bertamu', 'korban', 'lengah', 'pelaku', 'mengambil', 'buah', 'tabung', 'gas', 'kilo', 'meja']","['pelaku', 'pura', 'pura', 'tamu', 'korban', 'lengah', 'pelaku', 'ambil', 'buah', 'tabung', 'gas', 'kilo', 'meja']",pelaku pura pura tamu korban lengah pelaku ambil buah tabung gas kilo meja
LP/B/35/III/2022/Kalbar/Res Mpw/Sek Sui Pinyuh,13 Maret 2022,"Pelaku masuk ke dalam rumah korban dengan cara mencongkel jendela samping menggunakan obeng, kemudian mengambil uang tunai Rp 5.000.000.",Pelaku masuk ke dalam rumah korban dengan cara mencongkel jendela samping menggunakan obeng kemudian mengambil uang tunai Rp,pelaku masuk ke dalam rumah korban dengan cara mencongkel jendela samping menggunakan obeng kemudian mengambil uang tunai rp,pelaku masuk ke dalam rumah korban dengan cara mencongkel jendela samping menggunakan obeng kemudian mengambil uang tunai rupiah,"['pelaku', 'masuk', 'ke', 'dalam', 'rumah', 'korban', 'dengan', 'cara', 'mencongkel', 'jendela', 'samping', 'menggunakan', 'obeng', 'kemudian', 'mengambil', 'uang', 'tunai', 'rupiah']","['pelaku', 'masuk', 'rumah', 'korban', 'mencongkel', 'jendela', 'samping', 'obeng', 'mengambil', 'uang', 'tunai', 'rupiah']","['pelaku', 'masuk', 'rumah', 'korban', 'congkel', 'jendela', 'samping', 'obeng', 'ambil', 'uang', 'tunai', 'rupiah']",pelaku masuk rumah korban congkel jendela samping obeng ambil uang tunai rupiah
LP/B/38/III/2022/Kalbar/Res Mpw/Sek Sui Pinyuh,23 Maret 2022,"Petugas mengamankan pelaku yang gerak-geriknya mencurigakan di pinggir jalan, saat diperiksa ditemukan 1 klip plastik transparan berisi sabu.",Petugas mengamankan pelaku yang gerak geriknya mencurigakan di pinggir jalan saat diperiksa ditemukan klip plastik transparan berisi sabu,petugas mengamankan pelaku yang gerak geriknya mencurigakan di pinggir jalan saat diperiksa ditemukan klip plastik transparan berisi sabu,petugas mengamankan pelaku yang gerak geriknya mencurigakan di pinggir jalan saat diperiksa ditemukan klip plastik transparan berisi sabu,"['petugas', 'mengamankan', 'pelaku', 'yang', 'gerak', 'geriknya', 'mencurigakan', 'di', 'pinggir', 'jalan', 'saat', 'diperiksa', 'ditemukan', 'klip', 'plastik', 'transparan', 'berisi', 'sabu']","['petugas', 'mengamankan', 'pelaku', 'gerak', 'geriknya', 'mencurigakan', 'pinggir', 'jalan', 'diperiksa', 'ditemukan', 'klip', 'plastik', 'transparan', 'berisi', 'sabu']","['petugas', 'aman', 'pelaku', 'gerak', 'gerik', 'curiga', 'pinggir', 'jalan', 'periksa', 'temu', 'klip', 'plastik', 'transparan', 'isi', 'sabu']",petugas aman pelaku gerak gerik curiga pinggir jalan periksa temu klip plastik transparan isi sabu
LP/B/42/IV/2022/Kalbar/Res Mpw/Sek Sui Pinyuh,4 April 2022,"Pelaku mengambil dompet berisi uang dan surat-surat milik korban yang sedang terparkir di Jl. Raya, Desa/Kel. Peniraman, Kec. Sungai Pinyuh, Kab. Mempawah dengan menggunakan kunci T.",Pelaku mengambil dompet berisi uang dan surat surat milik korban yang sedang terparkir di Jl Raya Desa Kel Peniraman Kec Sungai Pinyuh Kab Mempawah dengan menggunakan kunci T,pelaku mengambil dompet berisi uang dan surat surat milik korban yang sedang terparkir di jl raya desa kel peniraman kec sungai pinyuh kab mempawah dengan menggunakan kunci t,pelaku mengambil dompet berisi uang dan surat surat milik korban yang sedang terparkir di jalan raya desa keluarga peniraman kecamatan sungai pinyuh kabupaten mempawah dengan menggunakan kunci t,"['pelaku', 'mengambil', 'dompet', 'berisi', 'uang', 'dan', 'surat', 'surat', 'milik', 'korban', 'yang', 'sedang', 'terparkir', 'di', 'jalan', 'raya', 'desa', 'keluarga', 'peniraman', 'kecamatan', 'sungai', 'pinyuh', 'kabupaten', 'mempawah', 'dengan', 'menggunakan', 'kunci', 't']","['pelaku', 'mengambil', 'dompet', 'berisi', 'uang', 'surat', 'surat', 'milik', 'korban', 'terparkir', 'jalan', 'raya', 'desa', 'keluarga', 'peniraman', 'kecamatan', 'sungai', 'pinyuh', 'kabupaten', 'mempawah', 'kunci']","['pelaku', 'ambil', 'dompet', 'isi', 'uang', 'surat', 'surat', 'milik', 'korban', 'parkir', 'jalan', 'raya', 'desa', 'keluarga', 'tiram', 'camat', 'sungai', 'pinyuh', 'kabupaten', 'mempawah', 'kunci']",pelaku ambil dompet isi uang surat surat milik korban parkir jalan raya desa keluarga tiram camat sungai pinyuh kabupaten mempawah kunci
LP/B/43/IV/2022/Kalbar/Res Mpw/Sek Sui Pinyuh,10 April 2022,"Pelaku berpura-pura sebagai keluarga korban yang sedang mengalami kecelakaan dan membutuhkan biaya rumah sakit. Korban mentransfer uang karena panik, namun kemudian diketahui informasi tersebut tidak benar.",Pelaku berpura pura sebagai keluarga korban yang sedang mengalami kecelakaan dan membutuhkan biaya rumah sakit Korban mentransfer uang karena panik namun kemudian diketahui informasi tersebut tidak benar,pelaku berpura pura sebagai keluarga korban yang sedang mengalami kecelakaan dan membutuhkan biaya rumah sakit korban mentransfer uang karena panik namun kemudian diketahui informasi tersebut tidak benar,pelaku berpura pura sebagai keluarga korban yang sedang mengalami kecelakaan dan membutuhkan biaya rumah sakit korban mentransfer uang karena panik namun kemudian diketahui informasi tersebut tidak benar,"['pelaku', 'berpura', 'pura', 'sebagai', 'keluarga', 'korban', 'yang', 'sedang', 'mengalami', 'kecelakaan', 'dan', 'membutuhkan', 'biaya', 'rumah', 'sakit', 'korban', 'mentransfer', 'uang', 'karena', 'panik', 'namun', 'kemudian', 'diketahui', 'informasi', 'tersebut', 'tidak', 'benar']","['pelaku', 'berpura', 'pura', 'keluarga', 'korban', 'mengalami', 'kecelakaan', 'membutuhkan', 'biaya', 'rumah', 'sakit', 'korban', 'mentransfer', 'uang', 'panik', 'informasi']","['pelaku', 'pura', 'pura', 'keluarga', 'korban', 'alami', 'celaka', 'butuh', 'biaya', 'rumah', 'sakit', 'korban', 'transfer', 'uang', 'panik', 'informasi']",pelaku pura pura keluarga korban alami celaka butuh biaya rumah sakit korban transfer uang panik informasi
LP/B/44/IV/2022/Kalbar/Res Mpw/Sek Sui Pinyuh,13 April 2022,Pelaku menggadaikan mobil rental yang ternyata bukan miliknya kepada korban.,Pelaku menggadaikan mobil rental yang ternyata bukan miliknya kepada korban,pelaku menggadaikan mobil rental yang ternyata bukan miliknya kepada korban,pelaku menggadaikan mobil rental yang ternyata bukan miliknya kepada korban,"['pelaku', 'menggadaikan', 'mobil', 'rental', 'yang', 'ternyata', 'bukan', 'miliknya', 'kepada', 'korban']","['pelaku', 'menggadaikan', 'mobil', 'rental', 'miliknya', 'korban']","['pelaku', 'gadai', 'mobil', 'rental', 'milik', 'korban']",pelaku gadai mobil rental milik korban
LP/B/46/IV/2022/Kalbar/Res Mpw/Sek Sui Pinyuh,15 April 2022,"Sabu disimpan di dalam ban cadangan mobil yang sudah diisi angin, sehingga tidak terlihat saat pemeriksaan fisik kendaraan.",Sabu disimpan di dalam ban cadangan mobil yang sudah diisi angin sehingga tidak terlihat saat pemeriksaan fisik kendaraan,sabu disimpan di dalam ban cadangan mobil yang sudah diisi angin sehingga tidak terlihat saat pemeriksaan fisik kendaraan,sabu disimpan di dalam ban cadangan mobil yang sudah diisi angin sehingga tidak terlihat saat pemeriksaan fisik kendaraan,"['sabu', 'disimpan', 'di', 'dalam', 'ban', 'cadangan', 'mobil', 'yang', 'sudah', 'diisi', 'angin', 'sehingga', 'tidak', 'terlihat', 'saat', 'pemeriksaan', 'fisik', 'kendaraan']","['sabu', 'disimpan', 'ban', 'cadangan', 'mobil', 'diisi', 'angin', 'pemeriksaan', 'fisik', 'kendaraan']","['sabu', 'simpan', 'ban', 'cadang', 'mobil', 'isi', 'angin', 'periksa', 'fisik', 'kendara']",sabu simpan ban cadang mobil isi angin periksa fisik kendara
LP/B/47/IV/2022/Kalbar/Res Mpw/Sek Sui Pinyuh,15 April 2022,"Pelaku menawarkan arisan online dengan sistem keuntungan besar. Setelah beberapa anggota menyetor uang, pelaku menghentikan komunikasi dan membawa kabur dana arisan.",Pelaku menawarkan arisan online dengan sistem keuntungan besar Setelah beberapa anggota menyetor uang pelaku menghentikan komunikasi dan membawa kabur dana arisan,pelaku menawarkan arisan online dengan sistem keuntungan besar setelah beberapa anggota menyetor uang pelaku menghentikan komunikasi dan membawa kabur dana arisan,pelaku menawarkan arisan online dengan sistem keuntungan besar setelah beberapa anggota menyetor uang pelaku menghentikan komunikasi dan membawa kabur dana arisan,"['pelaku', 'menawarkan', 'arisan', 'online', 'dengan', 'sistem', 'keuntungan', 'besar', 'setelah', 'beberapa', 'anggota', 'menyetor', 'uang', 'pelaku', 'menghentikan', 'komunikasi', 'dan', 'membawa', 'kabur', 'dana', 'arisan']","['pelaku', 'menawarkan', 'arisan', 'online', 'sistem', 'keuntungan', 'anggota', 'menyetor', 'uang', 'pelaku', 'menghentikan', 'komunikasi', 'membawa', 'kabur', 'dana', 'arisan']","['pelaku', 'tawar', 'arisan', 'online', 'sistem', 'untung', 'anggota', 'setor', 'uang', 'pelaku', 'henti', 'komunikasi', 'bawa', 'kabur', 'dana', 'arisan']",pelaku tawar arisan online sistem untung anggota setor uang pelaku henti komunikasi bawa kabur dana arisan
LP/B/53/IV/2022/Kalbar/Res Mpw/Sek Sui Pinyuh,22 April 2022,Pelaku masuk melalui pintu belakang yang tidak terkunci dan mengambil 1 unit sepeda motor Honda Vario.,Pelaku masuk melalui pintu belakang yang tidak terkunci dan mengambil unit sepeda motor Honda Vario,pelaku masuk melalui pintu belakang yang tidak terkunci dan mengambil unit sepeda motor honda vario,pelaku masuk melalui pintu belakang yang tidak terkunci dan mengambil unit sepeda motor honda vario,"['pelaku', 'masuk', 'melalui', 'pintu', 'belakang', 'yang', 'tidak', 'terkunci', 'dan', 'mengambil', 'unit', 'sepeda', 'motor', 'honda', 'vario']","['pelaku', 'masuk', 'pintu', 'terkunci', 'mengambil', 'unit', 'sepeda', 'motor', 'honda', 'vario']","['pelaku', 'masuk', 'pintu', 'kunci', 'ambil', 'unit', 'sepeda', 'motor', 'honda', 'vario']",pelaku masuk pintu kunci ambil unit sepeda motor honda vario
LP/B/55/IV/2022/Kalbar/Res Mpw/Sek Sui Pinyuh,24 April 2022,"Pelaku berpura-pura bertamu kemudian saat korban lengah, pelaku mengambil 1 unit sepeda motor Yamaha NMAX yang ada di meja.",Pelaku berpura pura bertamu kemudian saat korban lengah pelaku mengambil unit sepeda motor Yamaha NMAX yang ada di meja,pelaku berpura pura bertamu kemudian saat korban lengah pelaku mengambil unit sepeda motor yamaha nmax yang ada di meja,pelaku berpura pura bertamu kemudian saat korban lengah pelaku mengambil unit sepeda motor yamaha nmax yang ada di meja,"['pelaku', 'berpura', 'pura', 'bertamu', 'kemudian', 'saat', 'korban', 'lengah', 'pelaku', 'mengambil', 'unit', 'sepeda', 'motor', 'yamaha', 'nmax', 'yang', 'ada', 'di', 'meja']","['pelaku', 'berpura', 'pura', 'bertamu', 'korban', 'lengah', 'pelaku', 'mengambil', 'unit', 'sepeda', 'motor', 'yamaha', 'nmax', 'meja']","['pelaku', 'pura', 'pura', 'tamu', 'korban', 'lengah', 'pelaku', 'ambil', 'unit', 'sepeda', 'motor', 'yamaha', 'nmax', 'meja']",pelaku pura pura tamu korban lengah pelaku ambil unit sepeda motor yamaha nmax meja
LP/B/64/V/2022/Kalbar/Res Mpw/Sek Sui Pinyuh,3 Mei 2022,Terjadi perkelahian dimana pelaku memukul korban dengan benda tumpul di bagian kepala.,Terjadi perkelahian dimana pelaku memukul korban dengan benda tumpul di bagian kepala,terjadi perkelahian dimana pelaku memukul korban dengan benda tumpul di bagian kepala,terjadi perkelahian dimana pelaku memukul korban dengan benda tumpul di bagian kepala,"['terjadi', 'perkelahian', 'dimana', 'pelaku', 'memukul', 'korban', 'dengan', 'benda', 'tumpul', 'di', 'bagian', 'kepala']","['perkelahian', 'dimana', 'pelaku', 'memukul', 'korban', 'benda', 'tumpul', 'kepala']","['kelahi', 'mana', 'pelaku', 'pukul', 'korban', 'benda', 'tumpul', 'kepala']",kelahi mana pelaku pukul korban benda tumpul kepala
LP/B/66/V/2022/Kalbar/Res Mpw/Sek Sui Pinyuh,8 Mei 2022,Pelaku menampar pipi korban sebelah kiri karena cemburu melihat korban bersama orang lain.,Pelaku menampar pipi korban sebelah kiri karena cemburu melihat korban bersama orang lain,pelaku menampar pipi korban sebelah kiri karena cemburu melihat korban bersama orang lain,pelaku menampar pipi korban sebelah kiri karena cemburu melihat korban bersama orang lain,"['pelaku', 'menampar', 'pipi', 'korban', 'sebelah', 'kiri', 'karena', 'cemburu', 'melihat', 'korban', 'bersama', 'orang', 'lain']","['pelaku', 'menampar', 'pipi', 'korban', 'sebelah', 'kiri', 'cemburu', 'korban', 'orang']","['pelaku', 'tampar', 'pipi', 'korban', 'belah', 'kiri', 'cemburu', 'korban', 'orang']",pelaku tampar pipi korban belah kiri cemburu korban orang
LP/B/67/V/2022/Kalbar/Res Mpw/Sek Sui Pinyuh,13 Mei 2022,"Pelaku menjanjikan kelulusan seleksi tertentu dengan imbalan sejumlah uang. Setelah pembayaran dilakukan, korban tetap tidak lulus dan pelaku menghilang.",Pelaku menjanjikan kelulusan seleksi tertentu dengan imbalan sejumlah uang Setelah pembayaran dilakukan korban tetap tidak lulus dan pelaku menghilang,pelaku menjanjikan kelulusan seleksi tertentu dengan imbalan sejumlah uang setelah pembayaran dilakukan korban tetap tidak lulus dan pelaku menghilang,pelaku menjanjikan kelulusan seleksi tertentu dengan imbalan sejumlah uang setelah pembayaran dilakukan korban tetap tidak lulus dan pelaku menghilang,"['pelaku', 'menjanjikan', 'kelulusan', 'seleksi', 'tertentu', 'dengan', 'imbalan', 'sejumlah', 'uang', 'setelah', 'pembayaran', 'dilakukan', 'korban', 'tetap', 'tidak', 'lulus', 'dan', 'pelaku', 'menghilang']","['pelaku', 'menjanjikan', 'kelulusan', 'seleksi', 'imbalan', 'uang', 'pembayaran', 'korban', 'lulus', 'pelaku', 'menghilang']","['pelaku', 'janji', 'kelulus', 'seleksi', 'imbal', 'uang', 'bayar', 'korban', 'lulus', 'pelaku', 'hilang']",pelaku janji kelulus seleksi imbal uang bayar korban lulus pelaku hilang
LP/B/68/V/2022/Kalbar/Res Mpw/Sek Sui Pinyuh,13 Mei 2022,"Pelaku mengaku sebagai pemilik rumah kontrakan dan meminta uang sewa di muka. Setelah korban membayar, diketahui rumah tersebut bukan milik pelaku dan sudah ditempati orang lain.",Pelaku mengaku sebagai pemilik rumah kontrakan dan meminta uang sewa di muka Setelah korban membayar diketahui rumah tersebut bukan milik pelaku dan sudah ditempati orang lain,pelaku mengaku sebagai pemilik rumah kontrakan dan meminta uang sewa di muka setelah korban membayar diketahui rumah tersebut bukan milik pelaku dan sudah ditempati orang lain,pelaku mengaku sebagai pemilik rumah kontrakan dan meminta uang sewa di muka setelah korban membayar diketahui rumah tersebut bukan milik pelaku dan sudah ditempati orang lain,"['pelaku', 'mengaku', 'sebagai', 'pemilik', 'rumah', 'kontrakan', 'dan', 'meminta', 'uang', 'sewa', 'di', 'muka', 'setelah', 'korban', 'membayar', 'diketahui', 'rumah', 'tersebut', 'bukan', 'milik', 'pelaku', 'dan', 'sudah', 'ditempati', 'orang', 'lain']","['pelaku', 'mengaku', 'pemilik', 'rumah', 'kontrakan', 'uang', 'sewa', 'muka', 'korban', 'membayar', 'rumah', 'milik', 'pelaku', 'ditempati', 'orang']","['pelaku', 'aku', 'pemilik', 'rumah', 'kontra', 'uang', 'sewa', 'muka', 'korban', 'bayar', 'rumah', 'milik', 'pelaku', 'tempat', 'orang']",pelaku aku pemilik rumah kontra uang sewa muka korban bayar rumah milik pelaku tempat orang
LP/B/69/V/2022/Kalbar/Res Mpw/Sek Sui Pinyuh,14 Mei 2022,Pelaku masuk melalui pintu belakang yang tidak terkunci dan mengambil 1 unit sepeda motor Yamaha NMAX.,Pelaku masuk melalui pintu belakang yang tidak terkunci dan mengambil unit sepeda motor Yamaha NMAX,pelaku masuk melalui pintu belakang yang tidak terkunci dan mengambil unit sepeda motor yamaha nmax,pelaku masuk melalui pintu belakang yang tidak terkunci dan mengambil unit sepeda motor yamaha nmax,"['pelaku', 'masuk', 'melalui', 'pintu', 'belakang', 'yang', 'tidak', 'terkunci', 'dan', 'mengambil', 'unit', 'sepeda', 'motor', 'yamaha', 'nmax']","['pelaku', 'masuk', 'pintu', 'terkunci', 'mengambil', 'unit', 'sepeda', 'motor', 'yamaha', 'nmax']","['pelaku', 'masuk', 'pintu', 'kunci', 'ambil', 'unit', 'sepeda', 'motor', 'yamaha', 'nmax']",pelaku masuk pintu kunci ambil unit sepeda motor yamaha nmax
LP/B/71/V/2022/Kalbar/Res Mpw/Sek Sui Pinyuh,15 Mei 2022,"Pelaku memanfaatkan hubungan pertemanan untuk meminjam kendaraan dengan alasan keperluan sementara, namun kendaraan tersebut kemudian digadaikan tanpa izin pemilik.",Pelaku memanfaatkan hubungan pertemanan untuk meminjam kendaraan dengan alasan keperluan sementara namun kendaraan tersebut kemudian digadaikan tanpa izin pemilik,pelaku memanfaatkan hubungan pertemanan untuk meminjam kendaraan dengan alasan keperluan sementara namun kendaraan tersebut kemudian digadaikan tanpa izin pemilik,pelaku memanfaatkan hubungan pertemanan untuk meminjam kendaraan dengan alasan keperluan sementara namun kendaraan tersebut kemudian digadaikan tanpa izin pemilik,"['pelaku', 'memanfaatkan', 'hubungan', 'pertemanan', 'untuk', 'meminjam', 'kendaraan', 'dengan', 'alasan', 'keperluan', 'sementara', 'namun', 'kendaraan', 'tersebut', 'kemudian', 'digadaikan', 'tanpa', 'izin', 'pemilik']","['pelaku', 'memanfaatkan', 'hubungan', 'pertemanan', 'meminjam', 'kendaraan', 'alasan', 'keperluan', 'kendaraan', 'digadaikan', 'izin', 'pemilik']","['pelaku', 'manfaat', 'hubung', 'teman', 'pinjam', 'kendara', 'alas', 'perlu', 'kendara', 'gadai', 'izin', 'pemilik']",pelaku manfaat hubung teman pinjam kendara alas perlu kendara gadai izin pemilik
LP/B/73/V/2022/Kalbar/Res Mpw/Sek Sui Pinyuh,16 Mei 2022,"Petugas mengamankan pelaku yang gerak-geriknya mencurigakan di pinggir jalan, saat diperiksa ditemukan 2 butir pil ekstasi.",Petugas mengamankan pelaku yang gerak geriknya mencurigakan di pinggir jalan saat diperiksa ditemukan butir pil ekstasi,petugas mengamankan pelaku yang gerak geriknya mencurigakan di pinggir jalan saat diperiksa ditemukan butir pil ekstasi,petugas mengamankan pelaku yang gerak geriknya mencurigakan di pinggir jalan saat diperiksa ditemukan butir pil ekstasi,"['petugas', 'mengamankan', 'pelaku', 'yang', 'gerak', 'geriknya', 'mencurigakan', 'di', 'pinggir', 'jalan', 'saat', 'diperiksa', 'ditemukan', 'butir', 'pil', 'ekstasi']","['petugas', 'mengamankan', 'pelaku', 'gerak', 'geriknya', 'mencurigakan', 'pinggir', 'jalan', 'diperiksa', 'ditemukan', 'butir', 'pil', 'ekstasi']","['petugas', 'aman', 'pelaku', 'gerak', 'gerik', 'curiga', 'pinggir', 'jalan', 'periksa', 'temu', 'butir', 'pil', 'ekstasi']",petugas aman pelaku gerak gerik curiga pinggir jalan periksa temu butir pil ekstasi
LP/B/78/V/2022/Kalbar/Res Mpw/Sek Sui Pinyuh,26 Mei 2022,Pelaku memecahkan etalase toko karena emosi setelah terjadi adu mulut.,Pelaku memecahkan etalase toko karena emosi setelah terjadi adu mulut,pelaku memecahkan etalase toko karena emosi setelah terjadi adu mulut,pelaku memecahkan etalase toko karena emosi setelah terjadi adu mulut,"['pelaku', 'memecahkan', 'etalase', 'toko', 'karena', 'emosi', 'setelah', 'terjadi', 'adu', 'mulut']","['pelaku', 'memecahkan', 'etalase', 'toko', 'emosi', 'adu', 'mulut']","['pelaku', 'pecah', 'etalase', 'toko', 'emosi', 'adu', 'mulut']",pelaku pecah etalase toko emosi adu mulut
LP/B/81/VI/2022/Kalbar/Res Mpw/Sek Sui Pinyuh,01 Juni 2022,Pelaku melakukan penganiayaan dengan cara menampar korban,Pelaku melakukan penganiayaan dengan cara menampar korban,pelaku melakukan penganiayaan dengan cara menampar korban,pelaku melakukan penganiayaan dengan cara menampar korban,"['pelaku', 'melakukan', 'penganiayaan', 'dengan', 'cara', 'menampar', 'korban']","['pelaku', 'penganiayaan', 'menampar', 'korban']","['pelaku', 'aniaya', 'tampar', 'korban']",pelaku aniaya tampar korban
LP/B/82/VI/2022/Kalbar/Res Mpw/Sek Sui Pinyuh,04 Juni 2022,Pelaku melakukan pencurian dengan cara memotong komprayer dengan menggunakan pisau cutter,Pelaku melakukan pencurian dengan cara memotong komprayer dengan menggunakan pisau cutter,pelaku melakukan pencurian dengan cara memotong komprayer dengan menggunakan pisau cutter,pelaku melakukan pencurian dengan cara memotong komprayer dengan menggunakan pisau cutter,"['pelaku', 'melakukan', 'pencurian', 'dengan', 'cara', 'memotong', 'komprayer', 'dengan', 'menggunakan', 'pisau', 'cutter']","['pelaku', 'pencurian', 'memotong', 'komprayer', 'pisau', 'cutter']","['pelaku', 'curi', 'potong', 'komprayer', 'pisau', 'cutter']",pelaku curi potong komprayer pisau cutter
LP/B/83/VI/2022/Kalbar/Res Mpw/Sek Sui Pinyuh,06 Juni 2022,"Pelaku menawarkan jasa perjalanan umrah murah dan meminta pelunasan biaya, namun jadwal keberangkatan tidak pernah ada.",Pelaku menawarkan jasa perjalanan umrah murah dan meminta pelunasan biaya namun jadwal keberangkatan tidak pernah ada,pelaku menawarkan jasa perjalanan umrah murah dan meminta pelunasan biaya namun jadwal keberangkatan tidak pernah ada,pelaku menawarkan jasa perjalanan umrah murah dan meminta pelunasan biaya namun jadwal keberangkatan tidak pernah ada,"['pelaku', 'menawarkan', 'jasa', 'perjalanan', 'umrah', 'murah', 'dan', 'meminta', 'pelunasan', 'biaya', 'namun', 'jadwal', 'keberangkatan', 'tidak', 'pernah', 'ada']","['pelaku', 'menawarkan', 'jasa', 'perjalanan', 'umrah', 'murah', 'pelunasan', 'biaya', 'jadwal', 'keberangkatan']","['pelaku', 'tawar', 'jasa', 'jalan', 'umrah', 'murah', 'lunas', 'biaya', 'jadwal', 'berangkat']",pelaku tawar jasa jalan umrah murah lunas biaya jadwal berangkat
LP/B/85/VI/2022/Kalbar/Res Mpw/Sek Sui Pinyuh,16 Juni 2022,Pelaku mengambil sepeda motor  yang diparkir dihalaman depan rumah,Pelaku mengambil sepeda motor yang diparkir dihalaman depan rumah,pelaku mengambil sepeda motor yang diparkir dihalaman depan rumah,pelaku mengambil sepeda motor yang diparkir dihalaman depan rumah,"['pelaku', 'mengambil', 'sepeda', 'motor', 'yang', 'diparkir', 'dihalaman', 'depan', 'rumah']","['pelaku', 'mengambil', 'sepeda', 'motor', 'diparkir', 'dihalaman', 'rumah']","['pelaku', 'ambil', 'sepeda', 'motor', 'parkir', 'halaman', 'rumah']",pelaku ambil sepeda motor parkir halaman rumah
LP/B/88/VI/2022/Kalbar/Res Mpw/Sek Sui Pinyuh,22 Juni 2022,"Sewaktu malam hari, orang tak dikenal mencongkel jendela dengan alat bantu kunci T, lalu menggasak mesin air milik korban.",Sewaktu malam hari orang tak dikenal mencongkel jendela dengan alat bantu kunci T lalu menggasak mesin air milik korban,sewaktu malam hari orang tak dikenal mencongkel jendela dengan alat bantu kunci t lalu menggasak mesin air milik korban,sewaktu malam hari orang tak dikenal mencongkel jendela dengan alat bantu kunci t lalu menggasak mesin air milik korban,"['sewaktu', 'malam', 'hari', 'orang', 'tak', 'dikenal', 'mencongkel', 'jendela', 'dengan', 'alat', 'bantu', 'kunci', 't', 'lalu', 'menggasak', 'mesin', 'air', 'milik', 'korban']","['malam', 'orang', 'dikenal', 'mencongkel', 'jendela', 'alat', 'bantu', 'kunci', 'menggasak', 'mesin', 'air', 'milik', 'korban']","['malam', 'orang', 'kenal', 'congkel', 'jendela', 'alat', 'bantu', 'kunci', 'gasak', 'mesin', 'air', 'milik', 'korban']",malam orang kenal congkel jendela alat bantu kunci gasak mesin air milik korban
LP/B/91/VII/2022/Kalbar/Res Mpw/Sek Sui Pinyuh,2 Juli 2022,"Petugas mendapatkan informasi masyarakat bahwa di Jl. Pasar, Desa/Kel. Nusapati, Kec. Sungai Pinyuh, Kab. Mempawah sering terjadi transaksi narkoba, saat digeledah ditemukan alat hisap sabu (bong) di saku celana pelaku.",Petugas mendapatkan informasi masyarakat bahwa di Jl Pasar Desa Kel Nusapati Kec Sungai Pinyuh Kab Mempawah sering terjadi transaksi narkoba saat digeledah ditemukan alat hisap sabu bong di saku celana pelaku,petugas mendapatkan informasi masyarakat bahwa di jl pasar desa kel nusapati kec sungai pinyuh kab mempawah sering terjadi transaksi narkoba saat digeledah ditemukan alat hisap sabu bong di saku celana pelaku,petugas mendapatkan informasi masyarakat bahwa di jalan pasar desa keluarga nusapati kecamatan sungai pinyuh kabupaten mempawah sering terjadi transaksi narkoba saat digeledah ditemukan alat hisap sabu bong di saku celana pelaku,"['petugas', 'mendapatkan', 'informasi', 'masyarakat', 'bahwa', 'di', 'jalan', 'pasar', 'desa', 'keluarga', 'nusapati', 'kecamatan', 'sungai', 'pinyuh', 'kabupaten', 'mempawah', 'sering', 'terjadi', 'transaksi', 'narkoba', 'saat', 'digeledah', 'ditemukan', 'alat', 'hisap', 'sabu', 'bong', 'di', 'saku', 'celana', 'pelaku']","['petugas', 'informasi', 'masyarakat', 'jalan', 'pasar', 'desa', 'keluarga', 'nusapati', 'kecamatan', 'sungai', 'pinyuh', 'kabupaten', 'mempawah', 'transaksi', 'narkoba', 'digeledah', 'ditemukan', 'alat', 'hisap', 'sabu', 'bong', 'saku', 'celana', 'pelaku']","['petugas', 'informasi', 'masyarakat', 'jalan', 'pasar', 'desa', 'keluarga', 'nusapati', 'camat', 'sungai', 'pinyuh', 'kabupaten', 'mempawah', 'transaksi', 'narkoba', 'geledah', 'temu', 'alat', 'hisap', 'sabu', 'bong', 'saku', 'celana', 'pelaku']",petugas informasi masyarakat jalan pasar desa keluarga nusapati camat sungai pinyuh kabupaten mempawah transaksi narkoba geledah temu alat hisap sabu bong saku celana pelaku
LP/B/92/VII/2022/Kalbar/Res Mpw/Sek Sui Pinyuh,3 Juli 2022,"Pelaku menawarkan sepeda motor dengan harga murah melalui media sosial, namun setelah uang ditransfer, barang tidak dikirim.",Pelaku menawarkan sepeda motor dengan harga murah melalui media sosial namun setelah uang ditransfer barang tidak dikirim,pelaku menawarkan sepeda motor dengan harga murah melalui media sosial namun setelah uang ditransfer barang tidak dikirim,pelaku menawarkan sepeda motor dengan harga murah melalui media sosial namun setelah uang ditransfer barang tidak dikirim,"['pelaku', 'menawarkan', 'sepeda', 'motor', 'dengan', 'harga', 'murah', 'melalui', 'media', 'sosial', 'namun', 'setelah', 'uang', 'ditransfer', 'barang', 'tidak', 'dikirim']","['pelaku', 'menawarkan', 'sepeda', 'motor', 'harga', 'murah', 'media', 'sosial', 'uang', 'ditransfer', 'barang', 'dikirim']","['pelaku', 'tawar', 'sepeda', 'motor', 'harga', 'murah', 'media', 'sosial', 'uang', 'transfer', 'barang', 'kirim']",pelaku tawar sepeda motor harga murah media sosial uang transfer barang kirim
LP/B/96/VII/2022/Kalbar/Res Mpw/Sek Sui Pinyuh,7 Juli 2022,"Pelaku berpura-pura bertamu kemudian saat korban lengah, pelaku mengambil uang tunai Rp 5.000.000 yang ada di meja.",Pelaku berpura pura bertamu kemudian saat korban lengah pelaku mengambil uang tunai Rp yang ada di meja,pelaku berpura pura bertamu kemudian saat korban lengah pelaku mengambil uang tunai rp yang ada di meja,pelaku berpura pura bertamu kemudian saat korban lengah pelaku mengambil uang tunai rupiah yang ada di meja,"['pelaku', 'berpura', 'pura', 'bertamu', 'kemudian', 'saat', 'korban', 'lengah', 'pelaku', 'mengambil', 'uang', 'tunai', 'rupiah', 'yang', 'ada', 'di', 'meja']","['pelaku', 'berpura', 'pura', 'bertamu', 'korban', 'lengah', 'pelaku', 'mengambil', 'uang', 'tunai', 'rupiah', 'meja']","['pelaku', 'pura', 'pura', 'tamu', 'korban', 'lengah', 'pelaku', 'ambil', 'uang', 'tunai', 'rupiah', 'meja']",pelaku pura pura tamu korban lengah pelaku ambil uang tunai rupiah meja
LP/B/97/VII/2022/Kalbar/Res Mpw/Sek Sui Pinyuh,9 Juli 2022,Pelaku memanjat pagar rumah korban pada malam hari dan mengambil 1 unit HP Samsung Galaxy yang berada di teras.,Pelaku memanjat pagar rumah korban pada malam hari dan mengambil unit HP Samsung Galaxy yang berada di teras,pelaku memanjat pagar rumah korban pada malam hari dan mengambil unit hp samsung galaxy yang berada di teras,pelaku memanjat pagar rumah korban pada malam hari dan mengambil unit handphone samsung galaxy yang berada di teras,"['pelaku', 'memanjat', 'pagar', 'rumah', 'korban', 'pada', 'malam', 'hari', 'dan', 'mengambil', 'unit', 'handphone', 'samsung', 'galaxy', 'yang', 'berada', 'di', 'teras']","['pelaku', 'memanjat', 'pagar', 'rumah', 'korban', 'malam', 'mengambil', 'unit', 'handphone', 'samsung', 'galaxy', 'teras']","['pelaku', 'panjat', 'pagar', 'rumah', 'korban', 'malam', 'ambil', 'unit', 'handphone', 'samsung', 'galaxy', 'teras']",pelaku panjat pagar rumah korban malam ambil unit handphone samsung galaxy teras
LP/B/99/VII/2022/Kalbar/Res Mpw/Sek Sui Pinyuh,11 Juli 2022,"Pelaku mengambil 1 unit sepeda motor Honda Vario milik korban yang sedang terparkir di Jl. Raya, Desa/Kel. Sungai Batang, Kec. Sungai Pinyuh, Kab. Mempawah dengan menggunakan kunci T.",Pelaku mengambil unit sepeda motor Honda Vario milik korban yang sedang terparkir di Jl Raya Desa Kel Sungai Batang Kec Sungai Pinyuh Kab Mempawah dengan menggunakan kunci T,pelaku mengambil unit sepeda motor honda vario milik korban yang sedang terparkir di jl raya desa kel sungai batang kec sungai pinyuh kab mempawah dengan menggunakan kunci t,pelaku mengambil unit sepeda motor honda vario milik korban yang sedang terparkir di jalan raya desa keluarga sungai batang kecamatan sungai pinyuh kabupaten mempawah dengan menggunakan kunci t,"['pelaku', 'mengambil', 'unit', 'sepeda', 'motor', 'honda', 'vario', 'milik', 'korban', 'yang', 'sedang', 'terparkir', 'di', 'jalan', 'raya', 'desa', 'keluarga', 'sungai', 'batang', 'kecamatan', 'sungai', 'pinyuh', 'kabupaten', 'mempawah', 'dengan', 'menggunakan', 'kunci', 't']","['pelaku', 'mengambil', 'unit', 'sepeda', 'motor', 'honda', 'vario', 'milik', 'korban', 'terparkir', 'jalan', 'raya', 'desa', 'keluarga', 'sungai', 'batang', 'kecamatan', 'sungai', 'pinyuh', 'kabupaten', 'mempawah', 'kunci']","['pelaku', 'ambil', 'unit', 'sepeda', 'motor', 'honda', 'vario', 'milik', 'korban', 'parkir', 'jalan', 'raya', 'desa', 'keluarga', 'sungai', 'batang', 'camat', 'sungai', 'pinyuh', 'kabupaten', 'mempawah', 'kunci']",pelaku ambil unit sepeda motor honda vario milik korban parkir jalan raya desa keluarga sungai batang camat sungai pinyuh kabupaten mempawah kunci
LP/B/101/VII/2022/Kalbar/Res Mpw/Sek Sui Pinyuh,16 JuLi 2022,Pelaku melakukan penganiayaan dengan cara meninju muka korban ,Pelaku melakukan penganiayaan dengan cara meninju muka korban,pelaku melakukan penganiayaan dengan cara meninju muka korban,pelaku melakukan penganiayaan dengan cara meninju muka korban,"['pelaku', 'melakukan', 'penganiayaan', 'dengan', 'cara', 'meninju', 'muka', 'korban']","['pelaku', 'penganiayaan', 'meninju', 'muka', 'korban']","['pelaku', 'aniaya', 'tinju', 'muka', 'korban']",pelaku aniaya tinju muka korban
LP/B/102/VII/2022/Kalbar/Res Mpw/Sek Sui Pinyuh,17 Juli 2022,Perusakan dilakukan dengan mencoret dinding rumah korban karena dendam pribadi.,Perusakan dilakukan dengan mencoret dinding rumah korban karena dendam pribadi,perusakan dilakukan dengan mencoret dinding rumah korban karena dendam pribadi,perusakan dilakukan dengan mencoret dinding rumah korban karena dendam pribadi,"['perusakan', 'dilakukan', 'dengan', 'mencoret', 'dinding', 'rumah', 'korban', 'karena', 'dendam', 'pribadi']","['perusakan', 'mencoret', 'dinding', 'rumah', 'korban', 'dendam', 'pribadi']","['perusakan', 'coret', 'dinding', 'rumah', 'korban', 'dendam', 'pribadi']",perusakan coret dinding rumah korban dendam pribadi
LP/B/107/VII/2022/Kalbar/Res Mpw/Sek Sui Pinyuh,29 Juli 2022,Pelaku meminjam sepeda motor milik korban dan menggadaikan sepeda motor tersebut kepada orng lain,Pelaku meminjam sepeda motor milik korban dan menggadaikan sepeda motor tersebut kepada orng lain,pelaku meminjam sepeda motor milik korban dan menggadaikan sepeda motor tersebut kepada orng lain,pelaku meminjam sepeda motor milik korban dan menggadaikan sepeda motor tersebut kepada orang lain,"['pelaku', 'meminjam', 'sepeda', 'motor', 'milik', 'korban', 'dan', 'menggadaikan', 'sepeda', 'motor', 'tersebut', 'kepada', 'orang', 'lain']","['pelaku', 'meminjam', 'sepeda', 'motor', 'milik', 'korban', 'menggadaikan', 'sepeda', 'motor', 'orang']","['pelaku', 'pinjam', 'sepeda', 'motor', 'milik', 'korban', 'gadai', 'sepeda', 'motor', 'orang']",pelaku pinjam sepeda motor milik korban gadai sepeda motor orang
LP/B/109/VIII/2022/Kalbar/Res Mpw/Sek Sui Pinyuh,1 Agustus 2022,"Pelaku berpura-pura bertamu kemudian saat korban lengah, pelaku mengambil perhiasan emas seberat 10 gram yang ada di meja.",Pelaku berpura pura bertamu kemudian saat korban lengah pelaku mengambil perhiasan emas seberat gram yang ada di meja,pelaku berpura pura bertamu kemudian saat korban lengah pelaku mengambil perhiasan emas seberat gram yang ada di meja,pelaku berpura pura bertamu kemudian saat korban lengah pelaku mengambil perhiasan emas seberat gram yang ada di meja,"['pelaku', 'berpura', 'pura', 'bertamu', 'kemudian', 'saat', 'korban', 'lengah', 'pelaku', 'mengambil', 'perhiasan', 'emas', 'seberat', 'gram', 'yang', 'ada', 'di', 'meja']","['pelaku', 'berpura', 'pura', 'bertamu', 'korban', 'lengah', 'pelaku', 'mengambil', 'perhiasan', 'emas', 'seberat', 'gram', 'meja']","['pelaku', 'pura', 'pura', 'tamu', 'korban', 'lengah', 'pelaku', 'ambil', 'hias', 'emas', 'berat', 'gram', 'meja']",pelaku pura pura tamu korban lengah pelaku ambil hias emas berat gram meja
LP/B/114/VIII/2022/Kalbar/Res Mpw/Sek Sui Pinyuh,7 Agustus 2022,"Pelaku mengambil 1 unit sepeda motor Yamaha NMAX milik korban yang sedang terparkir di Gg. Usaha, Desa/Kel. Sungai Pinyuh, Kec. Sungai Pinyuh, Kab. Mempawah dengan menggunakan kunci T.",Pelaku mengambil unit sepeda motor Yamaha NMAX milik korban yang sedang terparkir di Gg Usaha Desa Kel Sungai Pinyuh Kec Sungai Pinyuh Kab Mempawah dengan menggunakan kunci T,pelaku mengambil unit sepeda motor yamaha nmax milik korban yang sedang terparkir di gg usaha desa kel sungai pinyuh kec sungai pinyuh kab mempawah dengan menggunakan kunci t,pelaku mengambil unit sepeda motor yamaha nmax milik korban yang sedang terparkir di gang usaha desa keluarga sungai pinyuh kecamatan sungai pinyuh kabupaten mempawah dengan menggunakan kunci t,"['pelaku', 'mengambil', 'unit', 'sepeda', 'motor', 'yamaha', 'nmax', 'milik', 'korban', 'yang', 'sedang', 'terparkir', 'di', 'gang', 'usaha', 'desa', 'keluarga', 'sungai', 'pinyuh', 'kecamatan', 'sungai', 'pinyuh', 'kabupaten', 'mempawah', 'dengan', 'menggunakan', 'kunci', 't']","['pelaku', 'mengambil', 'unit', 'sepeda', 'motor', 'yamaha', 'nmax', 'milik', 'korban', 'terparkir', 'gang', 'usaha', 'desa', 'keluarga', 'sungai', 'pinyuh', 'kecamatan', 'sungai', 'pinyuh', 'kabupaten', 'mempawah', 'kunci']","['pelaku', 'ambil', 'unit', 'sepeda', 'motor', 'yamaha', 'nmax', 'milik', 'korban', 'parkir', 'gang', 'usaha', 'desa', 'keluarga', 'sungai', 'pinyuh', 'camat', 'sungai', 'pinyuh', 'kabupaten', 'mempawah', 'kunci']",pelaku ambil unit sepeda motor yamaha nmax milik korban parkir gang usaha desa keluarga sungai pinyuh camat sungai pinyuh kabupaten mempawah kunci
LP/B/116/VIII/2022/Kalbar/Res Mpw/Sek Sui Pinyuh,11 Agustus 2022,Pelaku mengambil sepeda motor yang diparkir dihalaman masjid,Pelaku mengambil sepeda motor yang diparkir dihalaman masjid,pelaku mengambil sepeda motor yang diparkir dihalaman masjid,pelaku mengambil sepeda motor yang diparkir dihalaman masjid,"['pelaku', 'mengambil', 'sepeda', 'motor', 'yang', 'diparkir', 'dihalaman', 'masjid']","['pelaku', 'mengambil', 'sepeda', 'motor', 'diparkir', 'dihalaman', 'masjid']","['pelaku', 'ambil', 'sepeda', 'motor', 'parkir', 'halaman', 'masjid']",pelaku ambil sepeda motor parkir halaman masjid
LP/B/117/VIII/2022/Kalbar/Res Mpw/Sek Sui Pinyuh,13 Agustus 2022,Pelaku menghina korban dengan mengatakan mulut korban seperti anjing,Pelaku menghina korban dengan mengatakan mulut korban seperti anjing,pelaku menghina korban dengan mengatakan mulut korban seperti anjing,pelaku menghina korban dengan mengatakan mulut korban seperti anjing,"['pelaku', 'menghina', 'korban', 'dengan', 'mengatakan', 'mulut', 'korban', 'seperti', 'anjing']","['pelaku', 'menghina', 'korban', 'mulut', 'korban', 'anjing']","['pelaku', 'hina', 'korban', 'mulut', 'korban', 'anjing']",pelaku hina korban mulut korban anjing
LP/B/122/VIII/2022/Kalbar/Res Mpw/Sek Sui Pinyuh,19 Agustus 2022,Pelaku mengambil 2 buah tabung gas 3kg yang diletakkan korban di dashboard motor saat korban berbelanja.,Pelaku mengambil buah tabung gas kg yang diletakkan korban di dashboard motor saat korban berbelanja,pelaku mengambil buah tabung gas kg yang diletakkan korban di dashboard motor saat korban berbelanja,pelaku mengambil buah tabung gas kilo yang diletakkan korban di dashboard motor saat korban berbelanja,"['pelaku', 'mengambil', 'buah', 'tabung', 'gas', 'kilo', 'yang', 'diletakkan', 'korban', 'di', 'dashboard', 'motor', 'saat', 'korban', 'berbelanja']","['pelaku', 'mengambil', 'buah', 'tabung', 'gas', 'kilo', 'diletakkan', 'korban', 'dashboard', 'motor', 'korban', 'berbelanja']","['pelaku', 'ambil', 'buah', 'tabung', 'gas', 'kilo', 'letak', 'korban', 'dashboard', 'motor', 'korban', 'belanja']",pelaku ambil buah tabung gas kilo letak korban dashboard motor korban belanja
LP/B/124/VIII/2022/Kalbar/Res Mpw/Sek Sui Pinyuh,22 Agustus 2022,Pelaku merusak kaca jendela rumah korban dengan cara melempar batu karena marah tidak diberi uang.,Pelaku merusak kaca jendela rumah korban dengan cara melempar batu karena marah tidak diberi uang,pelaku merusak kaca jendela rumah korban dengan cara melempar batu karena marah tidak diberi uang,pelaku merusak kaca jendela rumah korban dengan cara melempar batu karena marah tidak diberi uang,"['pelaku', 'merusak', 'kaca', 'jendela', 'rumah', 'korban', 'dengan', 'cara', 'melempar', 'batu', 'karena', 'marah', 'tidak', 'diberi', 'uang']","['pelaku', 'merusak', 'kaca', 'jendela', 'rumah', 'korban', 'melempar', 'batu', 'marah', 'uang']","['pelaku', 'rusak', 'kaca', 'jendela', 'rumah', 'korban', 'lempar', 'batu', 'marah', 'uang']",pelaku rusak kaca jendela rumah korban lempar batu marah uang
LP/B/126/VIII/2022/Kalbar/Res Mpw/Sek Sui Pinyuh,27 Agustus 2022,Pelaku memanjat pagar rumah korban pada malam hari dan mengambil perhiasan emas seberat 10 gram yang berada di teras.,Pelaku memanjat pagar rumah korban pada malam hari dan mengambil perhiasan emas seberat gram yang berada di teras,pelaku memanjat pagar rumah korban pada malam hari dan mengambil perhiasan emas seberat gram yang berada di teras,pelaku memanjat pagar rumah korban pada malam hari dan mengambil perhiasan emas seberat gram yang berada di teras,"['pelaku', 'memanjat', 'pagar', 'rumah', 'korban', 'pada', 'malam', 'hari', 'dan', 'mengambil', 'perhiasan', 'emas', 'seberat', 'gram', 'yang', 'berada', 'di', 'teras']","['pelaku', 'memanjat', 'pagar', 'rumah', 'korban', 'malam', 'mengambil', 'perhiasan', 'emas', 'seberat', 'gram', 'teras']","['pelaku', 'panjat', 'pagar', 'rumah', 'korban', 'malam', 'ambil', 'hias', 'emas', 'berat', 'gram', 'teras']",pelaku panjat pagar rumah korban malam ambil hias emas berat gram teras
LP/B/127/VIII/2022/Kalbar/Res Mpw/Sek Sui Pinyuh,31 Agustus 2022,Pelaku masuk melalui pintu belakang yang tidak terkunci dan mengambil uang tunai Rp 5.000.000.,Pelaku masuk melalui pintu belakang yang tidak terkunci dan mengambil uang tunai Rp,pelaku masuk melalui pintu belakang yang tidak terkunci dan mengambil uang tunai rp,pelaku masuk melalui pintu belakang yang tidak terkunci dan mengambil uang tunai rupiah,"['pelaku', 'masuk', 'melalui', 'pintu', 'belakang', 'yang', 'tidak', 'terkunci', 'dan', 'mengambil', 'uang', 'tunai', 'rupiah']","['pelaku', 'masuk', 'pintu', 'terkunci', 'mengambil', 'uang', 'tunai', 'rupiah']","['pelaku', 'masuk', 'pintu', 'kunci', 'ambil', 'uang', 'tunai', 'rupiah']",pelaku masuk pintu kunci ambil uang tunai rupiah
LP/B/129/IX/2022/Kalbar/Res Mpw/Sek Sui Pinyuh,3 September 2022,Pelaku masuk melalui pintu belakang yang tidak terkunci dan mengambil dompet berisi uang dan surat-surat.,Pelaku masuk melalui pintu belakang yang tidak terkunci dan mengambil dompet berisi uang dan surat surat,pelaku masuk melalui pintu belakang yang tidak terkunci dan mengambil dompet berisi uang dan surat surat,pelaku masuk melalui pintu belakang yang tidak terkunci dan mengambil dompet berisi uang dan surat surat,"['pelaku', 'masuk', 'melalui', 'pintu', 'belakang', 'yang', 'tidak', 'terkunci', 'dan', 'mengambil', 'dompet', 'berisi', 'uang', 'dan', 'surat', 'surat']","['pelaku', 'masuk', 'pintu', 'terkunci', 'mengambil', 'dompet', 'berisi', 'uang', 'surat', 'surat']","['pelaku', 'masuk', 'pintu', 'kunci', 'ambil', 'dompet', 'isi', 'uang', 'surat', 'surat']",pelaku masuk pintu kunci ambil dompet isi uang surat surat
LP/B/131/IX/2022/Kalbar/Res Mpw/Sek Sui Pinyuh,5 September 2022,Pelaku memanjat pagar rumah korban pada malam hari dan mengambil 1 unit Laptop ASUS yang berada di teras.,Pelaku memanjat pagar rumah korban pada malam hari dan mengambil unit Laptop ASUS yang berada di teras,pelaku memanjat pagar rumah korban pada malam hari dan mengambil unit laptop asus yang berada di teras,pelaku memanjat pagar rumah korban pada malam hari dan mengambil unit laptop asus yang berada di teras,"['pelaku', 'memanjat', 'pagar', 'rumah', 'korban', 'pada', 'malam', 'hari', 'dan', 'mengambil', 'unit', 'laptop', 'asus', 'yang', 'berada', 'di', 'teras']","['pelaku', 'memanjat', 'pagar', 'rumah', 'korban', 'malam', 'mengambil', 'unit', 'laptop', 'asus', 'teras']","['pelaku', 'panjat', 'pagar', 'rumah', 'korban', 'malam', 'ambil', 'unit', 'laptop', 'asus', 'teras']",pelaku panjat pagar rumah korban malam ambil unit laptop asus teras
LP/B/133/IX/2022/Kalbar/Res Mpw/Sek Sui Pinyuh,9 September 2022,"Pelaku memesan investasi bodong dalam jumlah banyak dengan pembayaran tempo, namun setelah barang diterima, pelaku menghilang.",Pelaku memesan investasi bodong dalam jumlah banyak dengan pembayaran tempo namun setelah barang diterima pelaku menghilang,pelaku memesan investasi bodong dalam jumlah banyak dengan pembayaran tempo namun setelah barang diterima pelaku menghilang,pelaku memesan investasi bodong dalam jumlah banyak dengan pembayaran tempo namun setelah barang diterima pelaku menghilang,"['pelaku', 'memesan', 'investasi', 'bodong', 'dalam', 'jumlah', 'banyak', 'dengan', 'pembayaran', 'tempo', 'namun', 'setelah', 'barang', 'diterima', 'pelaku', 'menghilang']","['pelaku', 'memesan', 'investasi', 'bodong', 'pembayaran', 'tempo', 'barang', 'diterima', 'pelaku', 'menghilang']","['pelaku', 'mes', 'investasi', 'bodong', 'bayar', 'tempo', 'barang', 'terima', 'pelaku', 'hilang']",pelaku mes investasi bodong bayar tempo barang terima pelaku hilang
LP/B/135/IX/2022/Kalbar/Res Mpw/Sek Sui Pinyuh,10 September 2022,"Pelaku melakukan pencurian dengan pemberatan, merusak pintu ruko dan mengambil 1 unit sepeda motor Yamaha NMAX.",Pelaku melakukan pencurian dengan pemberatan merusak pintu ruko dan mengambil unit sepeda motor Yamaha NMAX,pelaku melakukan pencurian dengan pemberatan merusak pintu ruko dan mengambil unit sepeda motor yamaha nmax,pelaku melakukan pencurian dengan pemberatan merusak pintu ruko dan mengambil unit sepeda motor yamaha nmax,"['pelaku', 'melakukan', 'pencurian', 'dengan', 'pemberatan', 'merusak', 'pintu', 'ruko', 'dan', 'mengambil', 'unit', 'sepeda', 'motor', 'yamaha', 'nmax']","['pelaku', 'pencurian', 'pemberatan', 'merusak', 'pintu', 'ruko', 'mengambil', 'unit', 'sepeda', 'motor', 'yamaha', 'nmax']","['pelaku', 'curi', 'berat', 'rusak', 'pintu', 'ruko', 'ambil', 'unit', 'sepeda', 'motor', 'yamaha', 'nmax']",pelaku curi berat rusak pintu ruko ambil unit sepeda motor yamaha nmax
LP/B/140/IX/2022/Kalbar/Res Mpw/Sek Sui Pinyuh,20 September 2022,"Saat dilakukan penggerebekan di sebuah rumah kontrakan di Jl. Raya, Desa/Kel. Peniraman, Kec. Sungai Pinyuh, Kab. Mempawah, ditemukan alat hisap sabu dan plastik klip berisi kristal putih.",Saat dilakukan penggerebekan di sebuah rumah kontrakan di Jl Raya Desa Kel Peniraman Kec Sungai Pinyuh Kab Mempawah ditemukan alat hisap sabu dan plastik klip berisi kristal putih,saat dilakukan penggerebekan di sebuah rumah kontrakan di jl raya desa kel peniraman kec sungai pinyuh kab mempawah ditemukan alat hisap sabu dan plastik klip berisi kristal putih,saat dilakukan penggerebekan di sebuah rumah kontrakan di jalan raya desa keluarga peniraman kecamatan sungai pinyuh kabupaten mempawah ditemukan alat hisap sabu dan plastik klip berisi kristal putih,"['saat', 'dilakukan', 'penggerebekan', 'di', 'sebuah', 'rumah', 'kontrakan', 'di', 'jalan', 'raya', 'desa', 'keluarga', 'peniraman', 'kecamatan', 'sungai', 'pinyuh', 'kabupaten', 'mempawah', 'ditemukan', 'alat', 'hisap', 'sabu', 'dan', 'plastik', 'klip', 'berisi', 'kristal', 'putih']","['penggerebekan', 'rumah', 'kontrakan', 'jalan', 'raya', 'desa', 'keluarga', 'peniraman', 'kecamatan', 'sungai', 'pinyuh', 'kabupaten', 'mempawah', 'ditemukan', 'alat', 'hisap', 'sabu', 'plastik', 'klip', 'berisi', 'kristal', 'putih']","['gerebek', 'rumah', 'kontra', 'jalan', 'raya', 'desa', 'keluarga', 'tiram', 'camat', 'sungai', 'pinyuh', 'kabupaten', 'mempawah', 'temu', 'alat', 'hisap', 'sabu', 'plastik', 'klip', 'isi', 'kristal', 'putih']",gerebek rumah kontra jalan raya desa keluarga tiram camat sungai pinyuh kabupaten mempawah temu alat hisap sabu plastik klip isi kristal putih
LP/B/141/IX/2022/Kalbar/Res Mpw/Sek Sui Pinyuh,20 September 2022,Pelaku memukul korban dengan tangan kosong ke arah wajah karena terjadi selisih paham.,Pelaku memukul korban dengan tangan kosong ke arah wajah karena terjadi selisih paham,pelaku memukul korban dengan tangan kosong ke arah wajah karena terjadi selisih paham,pelaku memukul korban dengan tangan kosong ke arah wajah karena terjadi selisih paham,"['pelaku', 'memukul', 'korban', 'dengan', 'tangan', 'kosong', 'ke', 'arah', 'wajah', 'karena', 'terjadi', 'selisih', 'paham']","['pelaku', 'memukul', 'korban', 'tangan', 'kosong', 'arah', 'wajah', 'selisih', 'paham']","['pelaku', 'pukul', 'korban', 'tangan', 'kosong', 'arah', 'wajah', 'selisih', 'paham']",pelaku pukul korban tangan kosong arah wajah selisih paham
LP/B/143/IX/2022/Kalbar/Res Mpw/Sek Sui Pinyuh,25 September 2022,Pelaku masuk ke dalam rumah korban melalui atap yang tidak terkunci dan mengambil HP merk Xiaomi.,Pelaku masuk ke dalam rumah korban melalui atap yang tidak terkunci dan mengambil HP merk Xiaomi,pelaku masuk ke dalam rumah korban melalui atap yang tidak terkunci dan mengambil hp merk xiaomi,pelaku masuk ke dalam rumah korban melalui atap yang tidak terkunci dan mengambil handphone merk xiaomi,"['pelaku', 'masuk', 'ke', 'dalam', 'rumah', 'korban', 'melalui', 'atap', 'yang', 'tidak', 'terkunci', 'dan', 'mengambil', 'handphone', 'merk', 'xiaomi']","['pelaku', 'masuk', 'rumah', 'korban', 'atap', 'terkunci', 'mengambil', 'handphone', 'merk', 'xiaomi']","['pelaku', 'masuk', 'rumah', 'korban', 'atap', 'kunci', 'ambil', 'handphone', 'merk', 'xiaomi']",pelaku masuk rumah korban atap kunci ambil handphone merk xiaomi
LP/B/144/IX/2022/Kalbar/Res Mpw/Sek Sui Pinyuh,27 September 2022,Pelaku masuk ke dalam rumah korban melalui atap yang tidak terkunci dan mengambil Tabung gas 3kg.,Pelaku masuk ke dalam rumah korban melalui atap yang tidak terkunci dan mengambil Tabung gas kg,pelaku masuk ke dalam rumah korban melalui atap yang tidak terkunci dan mengambil tabung gas kg,pelaku masuk ke dalam rumah korban melalui atap yang tidak terkunci dan mengambil tabung gas kilo,"['pelaku', 'masuk', 'ke', 'dalam', 'rumah', 'korban', 'melalui', 'atap', 'yang', 'tidak', 'terkunci', 'dan', 'mengambil', 'tabung', 'gas', 'kilo']","['pelaku', 'masuk', 'rumah', 'korban', 'atap', 'terkunci', 'mengambil', 'tabung', 'gas', 'kilo']","['pelaku', 'masuk', 'rumah', 'korban', 'atap', 'kunci', 'ambil', 'tabung', 'gas', 'kilo']",pelaku masuk rumah korban atap kunci ambil tabung gas kilo
LP/B/145/IX/2022/Kalbar/Res Mpw/Sek Sui Pinyuh,28 September 2022,Pelaku masuk ke dalam rumah korban melalui garasi yang tidak terkunci dan mengambil Mesin air.,Pelaku masuk ke dalam rumah korban melalui garasi yang tidak terkunci dan mengambil Mesin air,pelaku masuk ke dalam rumah korban melalui garasi yang tidak terkunci dan mengambil mesin air,pelaku masuk ke dalam rumah korban melalui garasi yang tidak terkunci dan mengambil mesin air,"['pelaku', 'masuk', 'ke', 'dalam', 'rumah', 'korban', 'melalui', 'garasi', 'yang', 'tidak', 'terkunci', 'dan', 'mengambil', 'mesin', 'air']","['pelaku', 'masuk', 'rumah', 'korban', 'garasi', 'terkunci', 'mengambil', 'mesin', 'air']","['pelaku', 'masuk', 'rumah', 'korban', 'garasi', 'kunci', 'ambil', 'mesin', 'air']",pelaku masuk rumah korban garasi kunci ambil mesin air
LP/B/148/X/2022/Kalbar/Res Mpw/Sek Sui Pinyuh,1 Oktober 2022,Pelaku mengambil sepeda motor korban merk Yamaha NMax yang sedang diparkir di teras rumah dengan merusak kunci kontak.,Pelaku mengambil sepeda motor korban merk Yamaha NMax yang sedang diparkir di teras rumah dengan merusak kunci kontak,pelaku mengambil sepeda motor korban merk yamaha nmax yang sedang diparkir di teras rumah dengan merusak kunci kontak,pelaku mengambil sepeda motor korban merk yamaha nmax yang sedang diparkir di teras rumah dengan merusak kunci kontak,"['pelaku', 'mengambil', 'sepeda', 'motor', 'korban', 'merk', 'yamaha', 'nmax', 'yang', 'sedang', 'diparkir', 'di', 'teras', 'rumah', 'dengan', 'merusak', 'kunci', 'kontak']","['pelaku', 'mengambil', 'sepeda', 'motor', 'korban', 'merk', 'yamaha', 'nmax', 'diparkir', 'teras', 'rumah', 'merusak', 'kunci', 'kontak']","['pelaku', 'ambil', 'sepeda', 'motor', 'korban', 'merk', 'yamaha', 'nmax', 'parkir', 'teras', 'rumah', 'rusak', 'kunci', 'kontak']",pelaku ambil sepeda motor korban merk yamaha nmax parkir teras rumah rusak kunci kontak
LP/B/150/X/2022/Kalbar/Res Mpw/Sek Sui Pinyuh,6 Oktober 2022,Pelaku mematahkan kaca spion kendaraan karena konflik di jalan raya.,Pelaku mematahkan kaca spion kendaraan karena konflik di jalan raya,pelaku mematahkan kaca spion kendaraan karena konflik di jalan raya,pelaku mematahkan kaca spion kendaraan karena konflik di jalan raya,"['pelaku', 'mematahkan', 'kaca', 'spion', 'kendaraan', 'karena', 'konflik', 'di', 'jalan', 'raya']","['pelaku', 'mematahkan', 'kaca', 'spion', 'kendaraan', 'konflik', 'jalan', 'raya']","['pelaku', 'patah', 'kaca', 'spion', 'kendara', 'konflik', 'jalan', 'raya']",pelaku patah kaca spion kendara konflik jalan raya
LP/B/152/X/2022/Kalbar/Res Mpw/Sek Sui Pinyuh,10 Oktober 2022,Pelaku mengambil sepeda motor korban merk Yamaha NMax yang sedang diparkir di parkiran pasar dengan merusak kunci kontak.,Pelaku mengambil sepeda motor korban merk Yamaha NMax yang sedang diparkir di parkiran pasar dengan merusak kunci kontak,pelaku mengambil sepeda motor korban merk yamaha nmax yang sedang diparkir di parkiran pasar dengan merusak kunci kontak,pelaku mengambil sepeda motor korban merk yamaha nmax yang sedang diparkir di parkiran pasar dengan merusak kunci kontak,"['pelaku', 'mengambil', 'sepeda', 'motor', 'korban', 'merk', 'yamaha', 'nmax', 'yang', 'sedang', 'diparkir', 'di', 'parkiran', 'pasar', 'dengan', 'merusak', 'kunci', 'kontak']","['pelaku', 'mengambil', 'sepeda', 'motor', 'korban', 'merk', 'yamaha', 'nmax', 'diparkir', 'parkiran', 'pasar', 'merusak', 'kunci', 'kontak']","['pelaku', 'ambil', 'sepeda', 'motor', 'korban', 'merk', 'yamaha', 'nmax', 'parkir', 'parkir', 'pasar', 'rusak', 'kunci', 'kontak']",pelaku ambil sepeda motor korban merk yamaha nmax parkir parkir pasar rusak kunci kontak
LP/B/153/X/2022/Kalbar/Res Mpw/Sek Sui Pinyuh,11 Oktober 2022,Pelaku masuk ke dalam rumah korban melalui pintu belakang yang tidak terkunci dan mengambil Uang tunai.,Pelaku masuk ke dalam rumah korban melalui pintu belakang yang tidak terkunci dan mengambil Uang tunai,pelaku masuk ke dalam rumah korban melalui pintu belakang yang tidak terkunci dan mengambil uang tunai,pelaku masuk ke dalam rumah korban melalui pintu belakang yang tidak terkunci dan mengambil uang tunai,"['pelaku', 'masuk', 'ke', 'dalam', 'rumah', 'korban', 'melalui', 'pintu', 'belakang', 'yang', 'tidak', 'terkunci', 'dan', 'mengambil', 'uang', 'tunai']","['pelaku', 'masuk', 'rumah', 'korban', 'pintu', 'terkunci', 'mengambil', 'uang', 'tunai']","['pelaku', 'masuk', 'rumah', 'korban', 'pintu', 'kunci', 'ambil', 'uang', 'tunai']",pelaku masuk rumah korban pintu kunci ambil uang tunai
LP/B/167/XI/2022/Kalbar/Res Mpw/Sek Sui Pinyuh,7 November 2022,Perusakan dilakukan dengan merobohkan pagar kebun akibat sengketa warisan.,Perusakan dilakukan dengan merobohkan pagar kebun akibat sengketa warisan,perusakan dilakukan dengan merobohkan pagar kebun akibat sengketa warisan,perusakan dilakukan dengan merobohkan pagar kebun akibat sengketa warisan,"['perusakan', 'dilakukan', 'dengan', 'merobohkan', 'pagar', 'kebun', 'akibat', 'sengketa', 'warisan']","['perusakan', 'merobohkan', 'pagar', 'kebun', 'akibat', 'sengketa', 'warisan']","['perusakan', 'roboh', 'pagar', 'kebun', 'akibat', 'sengketa', 'waris']",perusakan roboh pagar kebun akibat sengketa waris
LP/B/168/XI/2022/Kalbar/Res Mpw/Sek Sui Pinyuh,8 November 2022,Pelaku merusak tanaman kebun akibat konflik batas lahan.,Pelaku merusak tanaman kebun akibat konflik batas lahan,pelaku merusak tanaman kebun akibat konflik batas lahan,pelaku merusak tanaman kebun akibat konflik batas lahan,"['pelaku', 'merusak', 'tanaman', 'kebun', 'akibat', 'konflik', 'batas', 'lahan']","['pelaku', 'merusak', 'tanaman', 'kebun', 'akibat', 'konflik', 'batas', 'lahan']","['pelaku', 'rusak', 'tanam', 'kebun', 'akibat', 'konflik', 'batas', 'lahan']",pelaku rusak tanam kebun akibat konflik batas lahan
LP/B/171/XI/2022/Kalbar/Res Mpw/Sek Sui Pinyuh,10 November 2022,"Pelaku melihat 3 buah tabung gas 3kg yang diletakkan korban di Gg. Baru RT 05/RW 01, Sungai Pinyuh, Kec. Sungai Pinyuh, Kab. Mempawah, kemudian dengan cepat mengambil dompet dan HP.",Pelaku melihat buah tabung gas kg yang diletakkan korban di Gg Baru RT RW Sungai Pinyuh Kec Sungai Pinyuh Kab Mempawah kemudian dengan cepat mengambil dompet dan HP,pelaku melihat buah tabung gas kg yang diletakkan korban di gg baru rt rw sungai pinyuh kec sungai pinyuh kab mempawah kemudian dengan cepat mengambil dompet dan hp,pelaku melihat buah tabung gas kilo yang diletakkan korban di gang baru rukun tetangga rukun warga sungai pinyuh kecamatan sungai pinyuh kabupaten mempawah kemudian dengan cepat mengambil dompet dan handphone,"['pelaku', 'melihat', 'buah', 'tabung', 'gas', 'kilo', 'yang', 'diletakkan', 'korban', 'di', 'gang', 'baru', 'rukun', 'tetangga', 'rukun', 'warga', 'sungai', 'pinyuh', 'kecamatan', 'sungai', 'pinyuh', 'kabupaten', 'mempawah', 'kemudian', 'dengan', 'cepat', 'mengambil', 'dompet', 'dan', 'handphone']","['pelaku', 'buah', 'tabung', 'gas', 'kilo', 'diletakkan', 'korban', 'gang', 'rukun', 'tetangga', 'rukun', 'warga', 'sungai', 'pinyuh', 'kecamatan', 'sungai', 'pinyuh', 'kabupaten', 'mempawah', 'cepat', 'mengambil', 'dompet', 'handphone']","['pelaku', 'buah', 'tabung', 'gas', 'kilo', 'letak', 'korban', 'gang', 'rukun', 'tetangga', 'rukun', 'warga', 'sungai', 'pinyuh', 'camat', 'sungai', 'pinyuh', 'kabupaten', 'mempawah', 'cepat', 'ambil', 'dompet', 'handphone']",pelaku buah tabung gas kilo letak korban gang rukun tetangga rukun warga sungai pinyuh camat sungai pinyuh kabupaten mempawah cepat ambil dompet handphone
LP/B/172/XI/2022/Kalbar/Res Mpw/Sek Sui Pinyuh,11 November 2022,"Pelaku meminjam uang kepada korban sebesar Rp 15.000.000 dengan alasan biaya pengobatan orang tua, namun setelah jatuh tempo pelaku menghilang.",Pelaku meminjam uang kepada korban sebesar Rp dengan alasan biaya pengobatan orang tua namun setelah jatuh tempo pelaku menghilang,pelaku meminjam uang kepada korban sebesar rp dengan alasan biaya pengobatan orang tua namun setelah jatuh tempo pelaku menghilang,pelaku meminjam uang kepada korban sebesar rupiah dengan alasan biaya pengobatan orang tua namun setelah jatuh tempo pelaku menghilang,"['pelaku', 'meminjam', 'uang', 'kepada', 'korban', 'sebesar', 'rupiah', 'dengan', 'alasan', 'biaya', 'pengobatan', 'orang', 'tua', 'namun', 'setelah', 'jatuh', 'tempo', 'pelaku', 'menghilang']","['pelaku', 'meminjam', 'uang', 'korban', 'rupiah', 'alasan', 'biaya', 'pengobatan', 'orang', 'tua', 'jatuh', 'tempo', 'pelaku', 'menghilang']","['pelaku', 'pinjam', 'uang', 'korban', 'rupiah', 'alas', 'biaya', 'obat', 'orang', 'tua', 'jatuh', 'tempo', 'pelaku', 'hilang']",pelaku pinjam uang korban rupiah alas biaya obat orang tua jatuh tempo pelaku hilang
LP/B/178/XI/2022/Kalbar/Res Mpw/Sek Sui Pinyuh,23 Desember 2022,Pelaku melakukan penganiayaan dengan cara menutup pintu toko milik korban mengenai tangan korban,Pelaku melakukan penganiayaan dengan cara menutup pintu toko milik korban mengenai tangan korban,pelaku melakukan penganiayaan dengan cara menutup pintu toko milik korban mengenai tangan korban,pelaku melakukan penganiayaan dengan cara menutup pintu toko milik korban mengenai tangan korban,"['pelaku', 'melakukan', 'penganiayaan', 'dengan', 'cara', 'menutup', 'pintu', 'toko', 'milik', 'korban', 'mengenai', 'tangan', 'korban']","['pelaku', 'penganiayaan', 'menutup', 'pintu', 'toko', 'milik', 'korban', 'tangan', 'korban']","['pelaku', 'aniaya', 'tutup', 'pintu', 'toko', 'milik', 'korban', 'tangan', 'korban']",pelaku aniaya tutup pintu toko milik korban tangan korban
LP/B/181/XI/2022/Kalbar/Res Mpw/Sek Sui Pinyuh,26 November 2022,"Pelaku dalam keadaan mabuk mendatangi rumah korban dan berteriak-teriak, kemudian menggores bodi mobil menggunakan paku.",Pelaku dalam keadaan mabuk mendatangi rumah korban dan berteriak teriak kemudian menggores bodi mobil menggunakan paku,pelaku dalam keadaan mabuk mendatangi rumah korban dan berteriak teriak kemudian menggores bodi mobil menggunakan paku,pelaku dalam keadaan mabuk mendatangi rumah korban dan berteriak teriak kemudian menggores bodi mobil menggunakan paku,"['pelaku', 'dalam', 'keadaan', 'mabuk', 'mendatangi', 'rumah', 'korban', 'dan', 'berteriak', 'teriak', 'kemudian', 'menggores', 'bodi', 'mobil', 'menggunakan', 'paku']","['pelaku', 'mabuk', 'rumah', 'korban', 'berteriak', 'teriak', 'menggores', 'bodi', 'mobil', 'paku']","['pelaku', 'mabuk', 'rumah', 'korban', 'teriak', 'teriak', 'gores', 'bodi', 'mobil', 'paku']",pelaku mabuk rumah korban teriak teriak gores bodi mobil paku
LP/B/185/XI/2022/Kalbar/Res Mpw/Sek Sui Pinyuh,29 November 2022,"Berdasarkan informasi warga, petugas melakukan penggerebekan di Dusun Bahagia, Sungai Bakau Besar Darat, Kec. Sungai Pinyuh dan mendapati pelaku sedang mengkonsumsi narkoba.",Berdasarkan informasi warga petugas melakukan penggerebekan di Dusun Bahagia Sungai Bakau Besar Darat Kec Sungai Pinyuh dan mendapati pelaku sedang mengkonsumsi narkoba,berdasarkan informasi warga petugas melakukan penggerebekan di dusun bahagia sungai bakau besar darat kec sungai pinyuh dan mendapati pelaku sedang mengkonsumsi narkoba,berdasarkan informasi warga petugas melakukan penggerebekan di dusun bahagia sungai bakau besar darat kecamatan sungai pinyuh dan mendapati pelaku sedang mengkonsumsi narkoba,"['berdasarkan', 'informasi', 'warga', 'petugas', 'melakukan', 'penggerebekan', 'di', 'dusun', 'bahagia', 'sungai', 'bakau', 'besar', 'darat', 'kecamatan', 'sungai', 'pinyuh', 'dan', 'mendapati', 'pelaku', 'sedang', 'mengkonsumsi', 'narkoba']","['berdasarkan', 'informasi', 'warga', 'petugas', 'penggerebekan', 'dusun', 'bahagia', 'sungai', 'bakau', 'darat', 'kecamatan', 'sungai', 'pinyuh', 'mendapati', 'pelaku', 'mengkonsumsi', 'narkoba']","['dasar', 'informasi', 'warga', 'petugas', 'gerebek', 'dusun', 'bahagia', 'sungai', 'bakau', 'darat', 'camat', 'sungai', 'pinyuh', 'dapat', 'pelaku', 'konsumsi', 'narkoba']",dasar informasi warga petugas gerebek dusun bahagia sungai bakau darat camat sungai pinyuh dapat pelaku konsumsi narkoba
LP/B/192/XII/2022/Kalbar/Res Mpw/Sek Sui Pinyuh,10 Desember 2022,"Terjadi cekcok mulut antara pelaku dan korban masalah kesalahpahaman perkataan, kemudian pelaku emosi dan memukul wajah korban dengan tangan kosong.",Terjadi cekcok mulut antara pelaku dan korban masalah kesalahpahaman perkataan kemudian pelaku emosi dan memukul wajah korban dengan tangan kosong,terjadi cekcok mulut antara pelaku dan korban masalah kesalahpahaman perkataan kemudian pelaku emosi dan memukul wajah korban dengan tangan kosong,terjadi cekcok mulut antara pelaku dan korban masalah kesalahpahaman perkataan kemudian pelaku emosi dan memukul wajah korban dengan tangan kosong,"['terjadi', 'cekcok', 'mulut', 'antara', 'pelaku', 'dan', 'korban', 'masalah', 'kesalahpahaman', 'perkataan', 'kemudian', 'pelaku', 'emosi', 'dan', 'memukul', 'wajah', 'korban', 'dengan', 'tangan', 'kosong']","['cekcok', 'mulut', 'pelaku', 'korban', 'kesalahpahaman', 'perkataan', 'pelaku', 'emosi', 'memukul', 'wajah', 'korban', 'tangan', 'kosong']","['cekcok', 'mulut', 'pelaku', 'korban', 'kesalahpahaman', 'kata', 'pelaku', 'emosi', 'pukul', 'wajah', 'korban', 'tangan', 'kosong']",cekcok mulut pelaku korban kesalahpahaman kata pelaku emosi pukul wajah korban tangan kosong
LP/B/193/XII/2022/Kalbar/Res Mpw/Sek Sui Pinyuh,12 Desember 2022,"Terjadi cekcok mulut antara pelaku dan korban masalah utang piutang, kemudian pelaku emosi dan menendang perut korban hingga terjatuh.",Terjadi cekcok mulut antara pelaku dan korban masalah utang piutang kemudian pelaku emosi dan menendang perut korban hingga terjatuh,terjadi cekcok mulut antara pelaku dan korban masalah utang piutang kemudian pelaku emosi dan menendang perut korban hingga terjatuh,terjadi cekcok mulut antara pelaku dan korban masalah utang piutang kemudian pelaku emosi dan menendang perut korban hingga terjatuh,"['terjadi', 'cekcok', 'mulut', 'antara', 'pelaku', 'dan', 'korban', 'masalah', 'utang', 'piutang', 'kemudian', 'pelaku', 'emosi', 'dan', 'menendang', 'perut', 'korban', 'hingga', 'terjatuh']","['cekcok', 'mulut', 'pelaku', 'korban', 'utang', 'piutang', 'pelaku', 'emosi', 'menendang', 'perut', 'korban', 'terjatuh']","['cekcok', 'mulut', 'pelaku', 'korban', 'utang', 'piutang', 'pelaku', 'emosi', 'tendang', 'perut', 'korban', 'jatuh']",cekcok mulut pelaku korban utang piutang pelaku emosi tendang perut korban jatuh
LP/B/196/XII/2022/Kalbar/Res Mpw/Sek Sui Pinyuh,17 Desember 2022,Pelaku merusak peralatan bengkel karena tidak puas terhadap pelayanan.,Pelaku merusak peralatan bengkel karena tidak puas terhadap pelayanan,pelaku merusak peralatan bengkel karena tidak puas terhadap pelayanan,pelaku merusak peralatan bengkel karena tidak puas terhadap pelayanan,"['pelaku', 'merusak', 'peralatan', 'bengkel', 'karena', 'tidak', 'puas', 'terhadap', 'pelayanan']","['pelaku', 'merusak', 'peralatan', 'bengkel', 'puas', 'pelayanan']","['pelaku', 'rusak', 'alat', 'bengkel', 'puas', 'layan']",pelaku rusak alat bengkel puas layan
LP/B/199/XII/2022/Kalbar/Res Mpw/Sek Sui Pinyuh,22 Desember 2022,Pelaku menjual tanah yang bukan miliknya dengan menggunakan dokumen palsu untuk meyakinkan korban.,Pelaku menjual tanah yang bukan miliknya dengan menggunakan dokumen palsu untuk meyakinkan korban,pelaku menjual tanah yang bukan miliknya dengan menggunakan dokumen palsu untuk meyakinkan korban,pelaku menjual tanah yang bukan miliknya dengan menggunakan dokumen palsu untuk meyakinkan korban,"['pelaku', 'menjual', 'tanah', 'yang', 'bukan', 'miliknya', 'dengan', 'menggunakan', 'dokumen', 'palsu', 'untuk', 'meyakinkan', 'korban']","['pelaku', 'menjual', 'tanah', 'miliknya', 'dokumen', 'palsu', 'korban']","['pelaku', 'jual', 'tanah', 'milik', 'dokumen', 'palsu', 'korban']",pelaku jual tanah milik dokumen palsu korban
LP/B/202/XII/2022/Kalbar/Res Mpw/Sek Sui Pinyuh,25 Desember 2022,"Berdasarkan informasi warga, petugas melakukan penggerebekan di Gg. Mawar, Desa/Kel. Peniraman, Kec. Sungai Pinyuh dan mendapati pelaku sedang mengkonsumsi narkoba.",Berdasarkan informasi warga petugas melakukan penggerebekan di Gg Mawar Desa Kel Peniraman Kec Sungai Pinyuh dan mendapati pelaku sedang mengkonsumsi narkoba,berdasarkan informasi warga petugas melakukan penggerebekan di gg mawar desa kel peniraman kec sungai pinyuh dan mendapati pelaku sedang mengkonsumsi narkoba,berdasarkan informasi warga petugas melakukan penggerebekan di gang mawar desa keluarga peniraman kecamatan sungai pinyuh dan mendapati pelaku sedang mengkonsumsi narkoba,"['berdasarkan', 'informasi', 'warga', 'petugas', 'melakukan', 'penggerebekan', 'di', 'gang', 'mawar', 'desa', 'keluarga', 'peniraman', 'kecamatan', 'sungai', 'pinyuh', 'dan', 'mendapati', 'pelaku', 'sedang', 'mengkonsumsi', 'narkoba']","['berdasarkan', 'informasi', 'warga', 'petugas', 'penggerebekan', 'gang', 'mawar', 'desa', 'keluarga', 'peniraman', 'kecamatan', 'sungai', 'pinyuh', 'mendapati', 'pelaku', 'mengkonsumsi', 'narkoba']","['dasar', 'informasi', 'warga', 'petugas', 'gerebek', 'gang', 'mawar', 'desa', 'keluarga', 'tiram', 'camat', 'sungai', 'pinyuh', 'dapat', 'pelaku', 'konsumsi', 'narkoba']",dasar informasi warga petugas gerebek gang mawar desa keluarga tiram camat sungai pinyuh dapat pelaku konsumsi narkoba
LP/B/203/XII/2022/Kalbar/Res Mpw/Sek Sui Pinyuh,27 Desember 2022,"Pelaku melihat 1 unit Laptop ASUS yang diletakkan korban di Gg. Nelayan, Desa/Kel. Sungai Purun Besar, Kec. Sungai Pinyuh, kemudian dengan cepat mengambil tabung gas dan sembako.",Pelaku melihat unit Laptop ASUS yang diletakkan korban di Gg Nelayan Desa Kel Sungai Purun Besar Kec Sungai Pinyuh kemudian dengan cepat mengambil tabung gas dan sembako,pelaku melihat unit laptop asus yang diletakkan korban di gg nelayan desa kel sungai purun besar kec sungai pinyuh kemudian dengan cepat mengambil tabung gas dan sembako,pelaku melihat unit laptop asus yang diletakkan korban di gang nelayan desa keluarga sungai purun besar kecamatan sungai pinyuh kemudian dengan cepat mengambil tabung gas dan sembako,"['pelaku', 'melihat', 'unit', 'laptop', 'asus', 'yang', 'diletakkan', 'korban', 'di', 'gang', 'nelayan', 'desa', 'keluarga', 'sungai', 'purun', 'besar', 'kecamatan', 'sungai', 'pinyuh', 'kemudian', 'dengan', 'cepat', 'mengambil', 'tabung', 'gas', 'dan', 'sembako']","['pelaku', 'unit', 'laptop', 'asus', 'diletakkan', 'korban', 'gang', 'nelayan', 'desa', 'keluarga', 'sungai', 'purun', 'kecamatan', 'sungai', 'pinyuh', 'cepat', 'mengambil', 'tabung', 'gas', 'sembako']","['pelaku', 'unit', 'laptop', 'asus', 'letak', 'korban', 'gang', 'nelayan', 'desa', 'keluarga', 'sungai', 'purun', 'camat', 'sungai', 'pinyuh', 'cepat', 'ambil', 'tabung', 'gas', 'sembako']",pelaku unit laptop asus letak korban gang nelayan desa keluarga sungai purun camat sungai pinyuh cepat ambil tabung gas sembako
LP/B/205/XII/2022/Kalbar/Res Mpw/Sek Sui Pinyuh,30 Desember 2022,pelaku mengambil mesin traktor dengan cara membuka baut mesin,pelaku mengambil mesin traktor dengan cara membuka baut mesin,pelaku mengambil mesin traktor dengan cara membuka baut mesin,pelaku mengambil mesin traktor dengan cara membuka baut mesin,"['pelaku', 'mengambil', 'mesin', 'traktor', 'dengan', 'cara', 'membuka', 'baut', 'mesin']","['pelaku', 'mengambil', 'mesin', 'traktor', 'membuka', 'baut', 'mesin']","['pelaku', 'ambil', 'mesin', 'traktor', 'buka', 'baut', 'mesin']",pelaku ambil mesin traktor buka baut mesin
LP/B/205/XII/2022/Kalbar/Res Mpw/Sek Sui Pinyuh,31 Desember 2022,Terjadi perusakan alat pertanian akibat perselisihan lahan.,Terjadi perusakan alat pertanian akibat perselisihan lahan,terjadi perusakan alat pertanian akibat perselisihan lahan,terjadi perusakan alat pertanian akibat perselisihan lahan,"['terjadi', 'perusakan', 'alat', 'pertanian', 'akibat', 'perselisihan', 'lahan']","['perusakan', 'alat', 'pertanian', 'akibat', 'perselisihan', 'lahan']","['perusakan', 'alat', 'tani', 'akibat', 'selisih', 'lahan']",perusakan alat tani akibat selisih lahan
LP/B/01/I/2023/Kalbar/Res Mpw/Sek Sui Pinyuh,2 Januari 2023,Pelaku merusak gembok gudang dan mengambil uang tunai Rp 5.000.000.,Pelaku merusak gembok gudang dan mengambil uang tunai Rp,pelaku merusak gembok gudang dan mengambil uang tunai rp,pelaku merusak gembok gudang dan mengambil uang tunai rupiah,"['pelaku', 'merusak', 'gembok', 'gudang', 'dan', 'mengambil', 'uang', 'tunai', 'rupiah']","['pelaku', 'merusak', 'gembok', 'gudang', 'mengambil', 'uang', 'tunai', 'rupiah']","['pelaku', 'rusak', 'gembok', 'gudang', 'ambil', 'uang', 'tunai', 'rupiah']",pelaku rusak gembok gudang ambil uang tunai rupiah
LP/B/06/I/2023/Kalbar/Res Mpw/Sek Sui Pinyuh,16 Januari 2023,Pelaku melakukan pencurian mesin pompa air dengan mematahkan pipa paralon,Pelaku melakukan pencurian mesin pompa air dengan mematahkan pipa paralon,pelaku melakukan pencurian mesin pompa air dengan mematahkan pipa paralon,pelaku melakukan pencurian mesin pompa air dengan mematahkan pipa paralon,"['pelaku', 'melakukan', 'pencurian', 'mesin', 'pompa', 'air', 'dengan', 'mematahkan', 'pipa', 'paralon']","['pelaku', 'pencurian', 'mesin', 'pompa', 'air', 'mematahkan', 'pipa', 'paralon']","['pelaku', 'curi', 'mesin', 'pompa', 'air', 'patah', 'pipa', 'paralon']",pelaku curi mesin pompa air patah pipa paralon
LP/B/08/I/2023/Kalbar/Res Mpw/Sek Sui Pinyuh,21 Januari 2023,Pelaku menggadaikan investasi bodong yang ternyata bukan miliknya kepada korban.,Pelaku menggadaikan investasi bodong yang ternyata bukan miliknya kepada korban,pelaku menggadaikan investasi bodong yang ternyata bukan miliknya kepada korban,pelaku menggadaikan investasi bodong yang ternyata bukan miliknya kepada korban,"['pelaku', 'menggadaikan', 'investasi', 'bodong', 'yang', 'ternyata', 'bukan', 'miliknya', 'kepada', 'korban']","['pelaku', 'menggadaikan', 'investasi', 'bodong', 'miliknya', 'korban']","['pelaku', 'gadai', 'investasi', 'bodong', 'milik', 'korban']",pelaku gadai investasi bodong milik korban
LP/B/09/I/2023/Kalbar/Res Mpw/Sek Sui Pinyuh,23 Januari 2023,"Tersangka tidak sabar menunggu antrean buka-tutup jalan yang sedang dicor beton, meskipun sudah dipalang bambu dan dijaga, tersangka nekat menerobos masuk ke lajur jalan yang baru saja dicor semennya 2 jam lalu (belum kering). Tersangka melindas beton basah sejauh 50 meter, membuat jejak ban yang dalam dan merusak struktur tulangan besi di dalamnya. Pekerjaan jalan harus dibongkar dan dicor ulang total.",Tersangka tidak sabar menunggu antrean buka tutup jalan yang sedang dicor beton meskipun sudah dipalang bambu dan dijaga tersangka nekat menerobos masuk ke lajur jalan yang baru saja dicor semennya jam lalu belum kering Tersangka melindas beton basah sejauh meter membuat jejak ban yang dalam dan merusak struktur tulangan besi di dalamnya Pekerjaan jalan harus dibongkar dan dicor ulang total,tersangka tidak sabar menunggu antrean buka tutup jalan yang sedang dicor beton meskipun sudah dipalang bambu dan dijaga tersangka nekat menerobos masuk ke lajur jalan yang baru saja dicor semennya jam lalu belum kering tersangka melindas beton basah sejauh meter membuat jejak ban yang dalam dan merusak struktur tulangan besi di dalamnya pekerjaan jalan harus dibongkar dan dicor ulang total,tersangka tidak sabar menunggu antrean buka tutup jalan yang sedang dicor beton meskipun sudah dipalang bambu dan dijaga tersangka nekat menerobos masuk ke lajur jalan yang baru saja dicor semennya jam lalu belum kering tersangka melindas beton basah sejauh meter membuat jejak ban yang dalam dan merusak struktur tulangan besi di dalamnya pekerjaan jalan harus dibongkar dan dicor ulang total,"['tersangka', 'tidak', 'sabar', 'menunggu', 'antrean', 'buka', 'tutup', 'jalan', 'yang', 'sedang', 'dicor', 'beton', 'meskipun', 'sudah', 'dipalang', 'bambu', 'dan', 'dijaga', 'tersangka', 'nekat', 'menerobos', 'masuk', 'ke', 'lajur', 'jalan', 'yang', 'baru', 'saja', 'dicor', 'semennya', 'jam', 'lalu', 'belum', 'kering', 'tersangka', 'melindas', 'beton', 'basah', 'sejauh', 'meter', 'membuat', 'jejak', 'ban', 'yang', 'dalam', 'dan', 'merusak', 'struktur', 'tulangan', 'besi', 'di', 'dalamnya', 'pekerjaan', 'jalan', 'harus', 'dibongkar', 'dan', 'dicor', 'ulang', 'total']","['tersangka', 'sabar', 'menunggu', 'antrean', 'buka', 'tutup', 'jalan', 'dicor', 'beton', 'dipalang', 'bambu', 'dijaga', 'tersangka', 'nekat', 'menerobos', 'masuk', 'lajur', 'jalan', 'dicor', 'semennya', 'jam', 'kering', 'tersangka', 'melindas', 'beton', 'basah', 'meter', 'jejak', 'ban', 'merusak', 'struktur', 'tulangan', 'besi', 'dalamnya', 'pekerjaan', 'jalan', 'dibongkar', 'dicor', 'ulang', 'total']","['tersangka', 'sabar', 'tunggu', 'antre', 'buka', 'tutup', 'jalan', 'cor', 'beton', 'palang', 'bambu', 'jaga', 'tersangka', 'nekat', 'terobos', 'masuk', 'lajur', 'jalan', 'cor', 'semen', 'jam', 'kering', 'tersangka', 'lindas', 'beton', 'basah', 'meter', 'jejak', 'ban', 'rusak', 'struktur', 'tulang', 'besi', 'dalam', 'kerja', 'jalan', 'bongkar', 'cor', 'ulang', 'total']",tersangka sabar tunggu antre buka tutup jalan cor beton palang bambu jaga tersangka nekat terobos masuk lajur jalan cor semen jam kering tersangka lindas beton basah meter jejak ban rusak struktur tulang besi dalam kerja jalan bongkar cor ulang total
LP/B/13/II/2023/Kalbar/Res Mpw/Sek Sui Pinyuh,1 Februari 2023,Pelaku mengambil 1 unit sepeda motor Honda Vario yang diletakkan korban di dashboard motor saat korban berbelanja.,Pelaku mengambil unit sepeda motor Honda Vario yang diletakkan korban di dashboard motor saat korban berbelanja,pelaku mengambil unit sepeda motor honda vario yang diletakkan korban di dashboard motor saat korban berbelanja,pelaku mengambil unit sepeda motor honda vario yang diletakkan korban di dashboard motor saat korban berbelanja,"['pelaku', 'mengambil', 'unit', 'sepeda', 'motor', 'honda', 'vario', 'yang', 'diletakkan', 'korban', 'di', 'dashboard', 'motor', 'saat', 'korban', 'berbelanja']","['pelaku', 'mengambil', 'unit', 'sepeda', 'motor', 'honda', 'vario', 'diletakkan', 'korban', 'dashboard', 'motor', 'korban', 'berbelanja']","['pelaku', 'ambil', 'unit', 'sepeda', 'motor', 'honda', 'vario', 'letak', 'korban', 'dashboard', 'motor', 'korban', 'belanja']",pelaku ambil unit sepeda motor honda vario letak korban dashboard motor korban belanja
LP/B/14/II/2023/Kalbar/Res Mpw/Sek Sui Pinyuh,2 Februari 2023,"Pengunjung (tersangka) merasa dicurangi karena capit boneka sudah menangkap hadiah namun terlepas lagi, Karena emosi memuncak, tersangka mengambil kursi besi bulat yang ada di lokasi dan menghantamkannya ke kaca depan mesin capit boneka (Claw Machine). Kaca tempered pecah berhamburan.",Pengunjung tersangka merasa dicurangi karena capit boneka sudah menangkap hadiah namun terlepas lagi Karena emosi memuncak tersangka mengambil kursi besi bulat yang ada di lokasi dan menghantamkannya ke kaca depan mesin capit boneka Claw Machine Kaca tempered pecah berhamburan,pengunjung tersangka merasa dicurangi karena capit boneka sudah menangkap hadiah namun terlepas lagi karena emosi memuncak tersangka mengambil kursi besi bulat yang ada di lokasi dan menghantamkannya ke kaca depan mesin capit boneka claw machine kaca tempered pecah berhamburan,pengunjung tersangka merasa dicurangi karena capit boneka sudah menangkap hadiah namun terlepas lagi karena emosi memuncak tersangka mengambil kursi besi bulat yang ada di lokasi dan menghantamkannya ke kaca depan mesin capit boneka claw machine kaca tempered pecah berhamburan,"['pengunjung', 'tersangka', 'merasa', 'dicurangi', 'karena', 'capit', 'boneka', 'sudah', 'menangkap', 'hadiah', 'namun', 'terlepas', 'lagi', 'karena', 'emosi', 'memuncak', 'tersangka', 'mengambil', 'kursi', 'besi', 'bulat', 'yang', 'ada', 'di', 'lokasi', 'dan', 'menghantamkannya', 'ke', 'kaca', 'depan', 'mesin', 'capit', 'boneka', 'claw', 'machine', 'kaca', 'tempered', 'pecah', 'berhamburan']","['pengunjung', 'tersangka', 'dicurangi', 'capit', 'boneka', 'menangkap', 'hadiah', 'terlepas', 'emosi', 'memuncak', 'tersangka', 'mengambil', 'kursi', 'besi', 'bulat', 'lokasi', 'menghantamkannya', 'kaca', 'mesin', 'capit', 'boneka', 'claw', 'machine', 'kaca', 'tempered', 'pecah', 'berhamburan']","['pengunjung', 'tersangka', 'curang', 'capit', 'boneka', 'tangkap', 'hadiah', 'lepas', 'emosi', 'puncak', 'tersangka', 'ambil', 'kursi', 'besi', 'bulat', 'lokasi', 'hantam', 'kaca', 'mesin', 'capit', 'boneka', 'claw', 'machine', 'kaca', 'tempered', 'pecah', 'hambur']",pengunjung tersangka curang capit boneka tangkap hadiah lepas emosi puncak tersangka ambil kursi besi bulat lokasi hantam kaca mesin capit boneka claw machine kaca tempered pecah hambur
LP/B/15/II/2023/Kalbar/Res Mpw/Sek Sui Pinyuh,5 Februari 2023,"Pelaku mengambil perhiasan emas seberat 10 gram milik korban yang sedang terparkir di Gg. Berkah, Desa/Kel. Galang, Kec. Sungai Pinyuh, Kab. Mempawah dengan menggunakan kunci T.",Pelaku mengambil perhiasan emas seberat gram milik korban yang sedang terparkir di Gg Berkah Desa Kel Galang Kec Sungai Pinyuh Kab Mempawah dengan menggunakan kunci T,pelaku mengambil perhiasan emas seberat gram milik korban yang sedang terparkir di gg berkah desa kel galang kec sungai pinyuh kab mempawah dengan menggunakan kunci t,pelaku mengambil perhiasan emas seberat gram milik korban yang sedang terparkir di gang berkah desa keluarga galang kecamatan sungai pinyuh kabupaten mempawah dengan menggunakan kunci t,"['pelaku', 'mengambil', 'perhiasan', 'emas', 'seberat', 'gram', 'milik', 'korban', 'yang', 'sedang', 'terparkir', 'di', 'gang', 'berkah', 'desa', 'keluarga', 'galang', 'kecamatan', 'sungai', 'pinyuh', 'kabupaten', 'mempawah', 'dengan', 'menggunakan', 'kunci', 't']","['pelaku', 'mengambil', 'perhiasan', 'emas', 'seberat', 'gram', 'milik', 'korban', 'terparkir', 'gang', 'berkah', 'desa', 'keluarga', 'galang', 'kecamatan', 'sungai', 'pinyuh', 'kabupaten', 'mempawah', 'kunci']","['pelaku', 'ambil', 'hias', 'emas', 'berat', 'gram', 'milik', 'korban', 'parkir', 'gang', 'berkah', 'desa', 'keluarga', 'galang', 'camat', 'sungai', 'pinyuh', 'kabupaten', 'mempawah', 'kunci']",pelaku ambil hias emas berat gram milik korban parkir gang berkah desa keluarga galang camat sungai pinyuh kabupaten mempawah kunci
LP/B/19/II/2023/Kalbar/Res Mpw/Sek Sui Pinyuh,19 Februari 2023,"Pelaku memesan tanah kavling dalam jumlah banyak dengan pembayaran tempo, namun setelah barang diterima, pelaku menghilang.",Pelaku memesan tanah kavling dalam jumlah banyak dengan pembayaran tempo namun setelah barang diterima pelaku menghilang,pelaku memesan tanah kavling dalam jumlah banyak dengan pembayaran tempo namun setelah barang diterima pelaku menghilang,pelaku memesan tanah kavling dalam jumlah banyak dengan pembayaran tempo namun setelah barang diterima pelaku menghilang,"['pelaku', 'memesan', 'tanah', 'kavling', 'dalam', 'jumlah', 'banyak', 'dengan', 'pembayaran', 'tempo', 'namun', 'setelah', 'barang', 'diterima', 'pelaku', 'menghilang']","['pelaku', 'memesan', 'tanah', 'kavling', 'pembayaran', 'tempo', 'barang', 'diterima', 'pelaku', 'menghilang']","['pelaku', 'mes', 'tanah', 'kavling', 'bayar', 'tempo', 'barang', 'terima', 'pelaku', 'hilang']",pelaku mes tanah kavling bayar tempo barang terima pelaku hilang
LP/B/23/II/2023/Kalbar/Res Mpw/Sek Sui Pinyuh,21 Februari 2023,Pelaku merusak gembok gudang dan mengambil dompet berisi uang dan surat-surat.,Pelaku merusak gembok gudang dan mengambil dompet berisi uang dan surat surat,pelaku merusak gembok gudang dan mengambil dompet berisi uang dan surat surat,pelaku merusak gembok gudang dan mengambil dompet berisi uang dan surat surat,"['pelaku', 'merusak', 'gembok', 'gudang', 'dan', 'mengambil', 'dompet', 'berisi', 'uang', 'dan', 'surat', 'surat']","['pelaku', 'merusak', 'gembok', 'gudang', 'mengambil', 'dompet', 'berisi', 'uang', 'surat', 'surat']","['pelaku', 'rusak', 'gembok', 'gudang', 'ambil', 'dompet', 'isi', 'uang', 'surat', 'surat']",pelaku rusak gembok gudang ambil dompet isi uang surat surat
LP/B/28/III/2023/Kalbar/Res Mpw/Sek Sui Pinyuh,2 Maret 2023,"Petugas mendapatkan informasi masyarakat bahwa di Gg. Berkah, Desa/Kel. Peniraman, Kec. Sungai Pinyuh, Kab. Mempawah sering terjadi transaksi narkoba, saat digeledah ditemukan timbangan digital di saku celana pelaku.",Petugas mendapatkan informasi masyarakat bahwa di Gg Berkah Desa Kel Peniraman Kec Sungai Pinyuh Kab Mempawah sering terjadi transaksi narkoba saat digeledah ditemukan timbangan digital di saku celana pelaku,petugas mendapatkan informasi masyarakat bahwa di gg berkah desa kel peniraman kec sungai pinyuh kab mempawah sering terjadi transaksi narkoba saat digeledah ditemukan timbangan digital di saku celana pelaku,petugas mendapatkan informasi masyarakat bahwa di gang berkah desa keluarga peniraman kecamatan sungai pinyuh kabupaten mempawah sering terjadi transaksi narkoba saat digeledah ditemukan timbangan digital di saku celana pelaku,"['petugas', 'mendapatkan', 'informasi', 'masyarakat', 'bahwa', 'di', 'gang', 'berkah', 'desa', 'keluarga', 'peniraman', 'kecamatan', 'sungai', 'pinyuh', 'kabupaten', 'mempawah', 'sering', 'terjadi', 'transaksi', 'narkoba', 'saat', 'digeledah', 'ditemukan', 'timbangan', 'digital', 'di', 'saku', 'celana', 'pelaku']","['petugas', 'informasi', 'masyarakat', 'gang', 'berkah', 'desa', 'keluarga', 'peniraman', 'kecamatan', 'sungai', 'pinyuh', 'kabupaten', 'mempawah', 'transaksi', 'narkoba', 'digeledah', 'ditemukan', 'timbangan', 'digital', 'saku', 'celana', 'pelaku']","['petugas', 'informasi', 'masyarakat', 'gang', 'berkah', 'desa', 'keluarga', 'tiram', 'camat', 'sungai', 'pinyuh', 'kabupaten', 'mempawah', 'transaksi', 'narkoba', 'geledah', 'temu', 'timbang', 'digital', 'saku', 'celana', 'pelaku']",petugas informasi masyarakat gang berkah desa keluarga tiram camat sungai pinyuh kabupaten mempawah transaksi narkoba geledah temu timbang digital saku celana pelaku
LP/B/31/III/2023/Kalbar/Res Mpw/Sek Sui Pinyuh,13 Maret 2023,Pelaku measuk kedalam rumah dengan mencongkel jendela kemudian masuk mengambil sepeda motor,Pelaku measuk kedalam rumah dengan mencongkel jendela kemudian masuk mengambil sepeda motor,pelaku measuk kedalam rumah dengan mencongkel jendela kemudian masuk mengambil sepeda motor,pelaku measuk kedalam rumah dengan mencongkel jendela kemudian masuk mengambil sepeda motor,"['pelaku', 'measuk', 'kedalam', 'rumah', 'dengan', 'mencongkel', 'jendela', 'kemudian', 'masuk', 'mengambil', 'sepeda', 'motor']","['pelaku', 'measuk', 'kedalam', 'rumah', 'mencongkel', 'jendela', 'masuk', 'mengambil', 'sepeda', 'motor']","['pelaku', 'measuk', 'dalam', 'rumah', 'congkel', 'jendela', 'masuk', 'ambil', 'sepeda', 'motor']",pelaku measuk dalam rumah congkel jendela masuk ambil sepeda motor
LP/B/36/III/2023/Kalbar/Res Mpw/Sek Sui Pinyuh,20 Maret 2023,"Pohon mangga besar milik korban (tetangga) daun keringnya selalu jatuh mengotori halaman tersangka, dan akarnya mulai merusak ubin teras tersangka. Korban menolak menebang pohon tersebut. Akibatnya Tersangka membeli 2 liter solar dan 1 botol herbisida sistemik (racun tanaman keras). Pada dini hari, tersangka mengebor batang utama pohon mangga tersebut menggunakan bor listrik di 4 titik berbeda dengan sudut miring ke bawah. Tersangka menyuntikkan campuran solar dan herbisida ke dalam lubang bor tersebut menggunakan alat suntik takaran besar, lalu menutup lubang dengan tanah liat agar tidak ketahuan. Pohon tersebut mati perlahan dan kering dalam 2 minggu",Pohon mangga besar milik korban tetangga daun keringnya selalu jatuh mengotori halaman tersangka dan akarnya mulai merusak ubin teras tersangka Korban menolak menebang pohon tersebut Akibatnya Tersangka membeli liter solar dan botol herbisida sistemik racun tanaman keras Pada dini hari tersangka mengebor batang utama pohon mangga tersebut menggunakan bor listrik di titik berbeda dengan sudut miring ke bawah Tersangka menyuntikkan campuran solar dan herbisida ke dalam lubang bor tersebut menggunakan alat suntik takaran besar lalu menutup lubang dengan tanah liat agar tidak ketahuan Pohon tersebut mati perlahan dan kering dalam minggu,pohon mangga besar milik korban tetangga daun keringnya selalu jatuh mengotori halaman tersangka dan akarnya mulai merusak ubin teras tersangka korban menolak menebang pohon tersebut akibatnya tersangka membeli liter solar dan botol herbisida sistemik racun tanaman keras pada dini hari tersangka mengebor batang utama pohon mangga tersebut menggunakan bor listrik di titik berbeda dengan sudut miring ke bawah tersangka menyuntikkan campuran solar dan herbisida ke dalam lubang bor tersebut menggunakan alat suntik takaran besar lalu menutup lubang dengan tanah liat agar tidak ketahuan pohon tersebut mati perlahan dan kering dalam minggu,pohon mangga besar milik korban tetangga daun keringnya selalu jatuh mengotori halaman tersangka dan akarnya mulai merusak ubin teras tersangka korban menolak menebang pohon tersebut akibatnya tersangka membeli liter solar dan botol herbisida sistemik racun tanaman keras pada dini hari tersangka mengebor batang utama pohon mangga tersebut menggunakan bor listrik di titik berbeda dengan sudut miring ke bawah tersangka menyuntikkan campuran solar dan herbisida ke dalam lubang bor tersebut menggunakan alat suntik takaran besar lalu menutup lubang dengan tanah lihat agar tidak ketahuan pohon tersebut mati perlahan dan kering dalam minggu,"['pohon', 'mangga', 'besar', 'milik', 'korban', 'tetangga', 'daun', 'keringnya', 'selalu', 'jatuh', 'mengotori', 'halaman', 'tersangka', 'dan', 'akarnya', 'mulai', 'merusak', 'ubin', 'teras', 'tersangka', 'korban', 'menolak', 'menebang', 'pohon', 'tersebut', 'akibatnya', 'tersangka', 'membeli', 'liter', 'solar', 'dan', 'botol', 'herbisida', 'sistemik', 'racun', 'tanaman', 'keras', 'pada', 'dini', 'hari', 'tersangka', 'mengebor', 'batang', 'utama', 'pohon', 'mangga', 'tersebut', 'menggunakan', 'bor', 'listrik', 'di', 'titik', 'berbeda', 'dengan', 'sudut', 'miring', 'ke', 'bawah', 'tersangka', 'menyuntikkan', 'campuran', 'solar', 'dan', 'herbisida', 'ke', 'dalam', 'lubang', 'bor', 'tersebut', 'menggunakan', 'alat', 'suntik', 'takaran', 'besar', 'lalu', 'menutup', 'lubang', 'dengan', 'tanah', 'lihat', 'agar', 'tidak', 'ketahuan', 'pohon', 'tersebut', 'mati', 'perlahan', 'dan', 'kering', 'dalam', 'minggu']","['pohon', 'mangga', 'milik', 'korban', 'tetangga', 'daun', 'keringnya', 'jatuh', 'mengotori', 'halaman', 'tersangka', 'akarnya', 'merusak', 'ubin', 'teras', 'tersangka', 'korban', 'menolak', 'menebang', 'pohon', 'akibatnya', 'tersangka', 'membeli', 'liter', 'solar', 'botol', 'herbisida', 'sistemik', 'racun', 'tanaman', 'keras', 'tersangka', 'mengebor', 'batang', 'utama', 'pohon', 'mangga', 'bor', 'listrik', 'titik', 'berbeda', 'sudut', 'miring', 'tersangka', 'menyuntikkan', 'campuran', 'solar', 'herbisida', 'lubang', 'bor', 'alat', 'suntik', 'takaran', 'menutup', 'lubang', 'tanah', 'lihat', 'ketahuan', 'pohon', 'mati', 'perlahan', 'kering', 'minggu']","['pohon', 'mangga', 'milik', 'korban', 'tetangga', 'daun', 'kering', 'jatuh', 'kotor', 'halaman', 'tersangka', 'akar', 'rusak', 'ubin', 'teras', 'tersangka', 'korban', 'tolak', 'tebang', 'pohon', 'akibat', 'tersangka', 'beli', 'liter', 'solar', 'botol', 'herbisida', 'sistemik', 'racun', 'tanam', 'keras', 'tersangka', 'bor', 'batang', 'utama', 'pohon', 'mangga', 'bor', 'listrik', 'titik', 'beda', 'sudut', 'miring', 'tersangka', 'suntik', 'campur', 'solar', 'herbisida', 'lubang', 'bor', 'alat', 'suntik', 'takar', 'tutup', 'lubang', 'tanah', 'lihat', 'tahu', 'pohon', 'mati', 'perlahan', 'kering', 'minggu']",pohon mangga milik korban tetangga daun kering jatuh kotor halaman tersangka akar rusak ubin teras tersangka korban tolak tebang pohon akibat tersangka beli liter solar botol herbisida sistemik racun tanam keras tersangka bor batang utama pohon mangga bor listrik titik beda sudut miring tersangka suntik campur solar herbisida lubang bor alat suntik takar tutup lubang tanah lihat tahu pohon mati perlahan kering minggu
LP/B/38/III/2023/Kalbar/Res Mpw/Sek Sui Pinyuh,28 Maret 2023,Pelaku mengambil 2 (dua) buah Aki mobil truk pada saat diparkir dipinggir jalan,Pelaku mengambil dua buah Aki mobil truk pada saat diparkir dipinggir jalan,pelaku mengambil dua buah aki mobil truk pada saat diparkir dipinggir jalan,pelaku mengambil dua buah aki mobil truk pada saat diparkir dipinggir jalan,"['pelaku', 'mengambil', 'dua', 'buah', 'aki', 'mobil', 'truk', 'pada', 'saat', 'diparkir', 'dipinggir', 'jalan']","['pelaku', 'mengambil', 'buah', 'aki', 'mobil', 'truk', 'diparkir', 'dipinggir', 'jalan']","['pelaku', 'ambil', 'buah', 'aki', 'mobil', 'truk', 'parkir', 'pinggir', 'jalan']",pelaku ambil buah aki mobil truk parkir pinggir jalan
LP/B/40/IV/2023/Kalbar/Res Mpw/Sek Sui Pinyuh,1 April 2023,"Saat dilakukan penggerebekan di sebuah rumah kontrakan di Jl. Tani, Desa/Kel. Sungai Batang, Kec. Sungai Pinyuh, Kab. Mempawah, ditemukan alat hisap sabu dan plastik klip berisi kristal putih.",Saat dilakukan penggerebekan di sebuah rumah kontrakan di Jl Tani Desa Kel Sungai Batang Kec Sungai Pinyuh Kab Mempawah ditemukan alat hisap sabu dan plastik klip berisi kristal putih,saat dilakukan penggerebekan di sebuah rumah kontrakan di jl tani desa kel sungai batang kec sungai pinyuh kab mempawah ditemukan alat hisap sabu dan plastik klip berisi kristal putih,saat dilakukan penggerebekan di sebuah rumah kontrakan di jalan tani desa keluarga sungai batang kecamatan sungai pinyuh kabupaten mempawah ditemukan alat hisap sabu dan plastik klip berisi kristal putih,"['saat', 'dilakukan', 'penggerebekan', 'di', 'sebuah', 'rumah', 'kontrakan', 'di', 'jalan', 'tani', 'desa', 'keluarga', 'sungai', 'batang', 'kecamatan', 'sungai', 'pinyuh', 'kabupaten', 'mempawah', 'ditemukan', 'alat', 'hisap', 'sabu', 'dan', 'plastik', 'klip', 'berisi', 'kristal', 'putih']","['penggerebekan', 'rumah', 'kontrakan', 'jalan', 'tani', 'desa', 'keluarga', 'sungai', 'batang', 'kecamatan', 'sungai', 'pinyuh', 'kabupaten', 'mempawah', 'ditemukan', 'alat', 'hisap', 'sabu', 'plastik', 'klip', 'berisi', 'kristal', 'putih']","['gerebek', 'rumah', 'kontra', 'jalan', 'tani', 'desa', 'keluarga', 'sungai', 'batang', 'camat', 'sungai', 'pinyuh', 'kabupaten', 'mempawah', 'temu', 'alat', 'hisap', 'sabu', 'plastik', 'klip', 'isi', 'kristal', 'putih']",gerebek rumah kontra jalan tani desa keluarga sungai batang camat sungai pinyuh kabupaten mempawah temu alat hisap sabu plastik klip isi kristal putih
LP/B/46/IV/2023/Kalbar/Res Mpw/Sek Sui Pinyuh,3 April 2023,"Pelaku mengambil dompet berisi uang dan surat-surat milik korban yang sedang terparkir di Jl. Seliung, Desa/Kel. Nusapati, Kec. Sungai Pinyuh, Kab. Mempawah dengan menggunakan kunci T.",Pelaku mengambil dompet berisi uang dan surat surat milik korban yang sedang terparkir di Jl Seliung Desa Kel Nusapati Kec Sungai Pinyuh Kab Mempawah dengan menggunakan kunci T,pelaku mengambil dompet berisi uang dan surat surat milik korban yang sedang terparkir di jl seliung desa kel nusapati kec sungai pinyuh kab mempawah dengan menggunakan kunci t,pelaku mengambil dompet berisi uang dan surat surat milik korban yang sedang terparkir di jalan seliung desa keluarga nusapati kecamatan sungai pinyuh kabupaten mempawah dengan menggunakan kunci t,"['pelaku', 'mengambil', 'dompet', 'berisi', 'uang', 'dan', 'surat', 'surat', 'milik', 'korban', 'yang', 'sedang', 'terparkir', 'di', 'jalan', 'seliung', 'desa', 'keluarga', 'nusapati', 'kecamatan', 'sungai', 'pinyuh', 'kabupaten', 'mempawah', 'dengan', 'menggunakan', 'kunci', 't']","['pelaku', 'mengambil', 'dompet', 'berisi', 'uang', 'surat', 'surat', 'milik', 'korban', 'terparkir', 'jalan', 'seliung', 'desa', 'keluarga', 'nusapati', 'kecamatan', 'sungai', 'pinyuh', 'kabupaten', 'mempawah', 'kunci']","['pelaku', 'ambil', 'dompet', 'isi', 'uang', 'surat', 'surat', 'milik', 'korban', 'parkir', 'jalan', 'seliung', 'desa', 'keluarga', 'nusapati', 'camat', 'sungai', 'pinyuh', 'kabupaten', 'mempawah', 'kunci']",pelaku ambil dompet isi uang surat surat milik korban parkir jalan seliung desa keluarga nusapati camat sungai pinyuh kabupaten mempawah kunci
LP/B/47/IV/2023/Kalbar/Res Mpw/Sek Sui Pinyuh,6 April 2023,"Tersangka merasa sakit hati dipermalukan oleh korban saat acara, tersangka keluar lebih dulu dari acara arisan dan menuju parkiran. Tersangka melihat mobil korban. Menggunakan pisau lipat survival yang tajam, tersangka tidak hanya mengempeskan ban, tetapi menyayat dinding samping (sidewall) keempat ban mobil korban hingga robek lebar.",Tersangka merasa sakit hati dipermalukan oleh korban saat acara tersangka keluar lebih dulu dari acara arisan dan menuju parkiran Tersangka melihat mobil korban Menggunakan pisau lipat survival yang tajam tersangka tidak hanya mengempeskan ban tetapi menyayat dinding samping sidewall keempat ban mobil korban hingga robek lebar,tersangka merasa sakit hati dipermalukan oleh korban saat acara tersangka keluar lebih dulu dari acara arisan dan menuju parkiran tersangka melihat mobil korban menggunakan pisau lipat survival yang tajam tersangka tidak hanya mengempeskan ban tetapi menyayat dinding samping sidewall keempat ban mobil korban hingga robek lebar,tersangka merasa sakit hati dipermalukan oleh korban saat acara tersangka keluar lebih dulu dari acara arisan dan menuju parkiran tersangka melihat mobil korban menggunakan pisau lipat survival yang tajam tersangka tidak hanya mengempeskan ban tetapi menyayat dinding samping sidewall keempat ban mobil korban hingga robek lebar,"['tersangka', 'merasa', 'sakit', 'hati', 'dipermalukan', 'oleh', 'korban', 'saat', 'acara', 'tersangka', 'keluar', 'lebih', 'dulu', 'dari', 'acara', 'arisan', 'dan', 'menuju', 'parkiran', 'tersangka', 'melihat', 'mobil', 'korban', 'menggunakan', 'pisau', 'lipat', 'survival', 'yang', 'tajam', 'tersangka', 'tidak', 'hanya', 'mengempeskan', 'ban', 'tetapi', 'menyayat', 'dinding', 'samping', 'sidewall', 'keempat', 'ban', 'mobil', 'korban', 'hingga', 'robek', 'lebar']","['tersangka', 'sakit', 'hati', 'dipermalukan', 'korban', 'acara', 'tersangka', 'acara', 'arisan', 'parkiran', 'tersangka', 'mobil', 'korban', 'pisau', 'lipat', 'survival', 'tajam', 'tersangka', 'mengempeskan', 'ban', 'menyayat', 'dinding', 'samping', 'sidewall', 'keempat', 'ban', 'mobil', 'korban', 'robek', 'lebar']","['tersangka', 'sakit', 'hati', 'malu', 'korban', 'acara', 'tersangka', 'acara', 'arisan', 'parkir', 'tersangka', 'mobil', 'korban', 'pisau', 'lipat', 'survival', 'tajam', 'tersangka', 'kempes', 'ban', 'sayat', 'dinding', 'samping', 'sidewall', 'empat', 'ban', 'mobil', 'korban', 'robek', 'lebar']",tersangka sakit hati malu korban acara tersangka acara arisan parkir tersangka mobil korban pisau lipat survival tajam tersangka kempes ban sayat dinding samping sidewall empat ban mobil korban robek lebar
LP/B/52/IV/2023/Kalbar/Res Mpw/Sek Sui Pinyuh,8 April 2023,"Pelaku berpura-pura bertamu kemudian saat korban lengah, pelaku mengambil 1 unit sepeda motor Honda Vario yang ada di meja.",Pelaku berpura pura bertamu kemudian saat korban lengah pelaku mengambil unit sepeda motor Honda Vario yang ada di meja,pelaku berpura pura bertamu kemudian saat korban lengah pelaku mengambil unit sepeda motor honda vario yang ada di meja,pelaku berpura pura bertamu kemudian saat korban lengah pelaku mengambil unit sepeda motor honda vario yang ada di meja,"['pelaku', 'berpura', 'pura', 'bertamu', 'kemudian', 'saat', 'korban', 'lengah', 'pelaku', 'mengambil', 'unit', 'sepeda', 'motor', 'honda', 'vario', 'yang', 'ada', 'di', 'meja']","['pelaku', 'berpura', 'pura', 'bertamu', 'korban', 'lengah', 'pelaku', 'mengambil', 'unit', 'sepeda', 'motor', 'honda', 'vario', 'meja']","['pelaku', 'pura', 'pura', 'tamu', 'korban', 'lengah', 'pelaku', 'ambil', 'unit', 'sepeda', 'motor', 'honda', 'vario', 'meja']",pelaku pura pura tamu korban lengah pelaku ambil unit sepeda motor honda vario meja
LP/B/57/IV/2023/Kalbar/Res Mpw/Sek Sui Pinyuh,14 April 2023,"Petugas mendapatkan informasi masyarakat bahwa di Gg. Usaha RT 12/RW 01, Sungai Purun Kecil, Kec. Sungai Pinyuh sering terjadi transaksi narkoba, saat digeledah ditemukan timbangan digital di saku celana pelaku.",Petugas mendapatkan informasi masyarakat bahwa di Gg Usaha RT RW Sungai Purun Kecil Kec Sungai Pinyuh sering terjadi transaksi narkoba saat digeledah ditemukan timbangan digital di saku celana pelaku,petugas mendapatkan informasi masyarakat bahwa di gg usaha rt rw sungai purun kecil kec sungai pinyuh sering terjadi transaksi narkoba saat digeledah ditemukan timbangan digital di saku celana pelaku,petugas mendapatkan informasi masyarakat bahwa di gang usaha rukun tetangga rukun warga sungai purun kecil kecamatan sungai pinyuh sering terjadi transaksi narkoba saat digeledah ditemukan timbangan digital di saku celana pelaku,"['petugas', 'mendapatkan', 'informasi', 'masyarakat', 'bahwa', 'di', 'gang', 'usaha', 'rukun', 'tetangga', 'rukun', 'warga', 'sungai', 'purun', 'kecil', 'kecamatan', 'sungai', 'pinyuh', 'sering', 'terjadi', 'transaksi', 'narkoba', 'saat', 'digeledah', 'ditemukan', 'timbangan', 'digital', 'di', 'saku', 'celana', 'pelaku']","['petugas', 'informasi', 'masyarakat', 'gang', 'usaha', 'rukun', 'tetangga', 'rukun', 'warga', 'sungai', 'purun', 'kecamatan', 'sungai', 'pinyuh', 'transaksi', 'narkoba', 'digeledah', 'ditemukan', 'timbangan', 'digital', 'saku', 'celana', 'pelaku']","['petugas', 'informasi', 'masyarakat', 'gang', 'usaha', 'rukun', 'tetangga', 'rukun', 'warga', 'sungai', 'purun', 'camat', 'sungai', 'pinyuh', 'transaksi', 'narkoba', 'geledah', 'temu', 'timbang', 'digital', 'saku', 'celana', 'pelaku']",petugas informasi masyarakat gang usaha rukun tetangga rukun warga sungai purun camat sungai pinyuh transaksi narkoba geledah temu timbang digital saku celana pelaku
LP/B/59/IV/2023/Kalbar/Res Mpw/Sek Sui Pinyuh,18 April 2023,"Tersangka (kurir) dimaki-maki dan diludahi oleh korban (penerima paket) karena korban menolak membayar paket COD yang sudah dibuka segelnya. Tersangka yang sakit hati pulang, lalu kembali lagi pada malam hari mengendarai motor tanpa plat nomor. Tersangka membawa batu kali seukuran kepalan tangan orang dewasa. Tanpa turun dari motor, tersangka melemparkan batu tersebut sekuat tenaga ke arah kaca jendela depan rumah korban hingga pecah berhamburan ke ruang tamu.",Tersangka kurir dimaki maki dan diludahi oleh korban penerima paket karena korban menolak membayar paket COD yang sudah dibuka segelnya Tersangka yang sakit hati pulang lalu kembali lagi pada malam hari mengendarai motor tanpa plat nomor Tersangka membawa batu kali seukuran kepalan tangan orang dewasa Tanpa turun dari motor tersangka melemparkan batu tersebut sekuat tenaga ke arah kaca jendela depan rumah korban hingga pecah berhamburan ke ruang tamu,tersangka kurir dimaki maki dan diludahi oleh korban penerima paket karena korban menolak membayar paket cod yang sudah dibuka segelnya tersangka yang sakit hati pulang lalu kembali lagi pada malam hari mengendarai motor tanpa plat nomor tersangka membawa batu kali seukuran kepalan tangan orang dewasa tanpa turun dari motor tersangka melemparkan batu tersebut sekuat tenaga ke arah kaca jendela depan rumah korban hingga pecah berhamburan ke ruang tamu,tersangka kurir dimaki maki dan diludahi oleh korban penerima paket karena korban menolak membayar paket cod yang sudah dibuka segelnya tersangka yang sakit hati pulang lalu kembali lagi pada malam hari mengendarai motor tanpa plat nomor tersangka membawa batu kali seukuran kepalan tangan orang dewasa tanpa turun dari motor tersangka melemparkan batu tersebut sekuat tenaga ke arah kaca jendela depan rumah korban hingga pecah berhamburan ke ruang tamu,"['tersangka', 'kurir', 'dimaki', 'maki', 'dan', 'diludahi', 'oleh', 'korban', 'penerima', 'paket', 'karena', 'korban', 'menolak', 'membayar', 'paket', 'cod', 'yang', 'sudah', 'dibuka', 'segelnya', 'tersangka', 'yang', 'sakit', 'hati', 'pulang', 'lalu', 'kembali', 'lagi', 'pada', 'malam', 'hari', 'mengendarai', 'motor', 'tanpa', 'plat', 'nomor', 'tersangka', 'membawa', 'batu', 'kali', 'seukuran', 'kepalan', 'tangan', 'orang', 'dewasa', 'tanpa', 'turun', 'dari', 'motor', 'tersangka', 'melemparkan', 'batu', 'tersebut', 'sekuat', 'tenaga', 'ke', 'arah', 'kaca', 'jendela', 'depan', 'rumah', 'korban', 'hingga', 'pecah', 'berhamburan', 'ke', 'ruang', 'tamu']","['tersangka', 'kurir', 'dimaki', 'maki', 'diludahi', 'korban', 'penerima', 'paket', 'korban', 'menolak', 'membayar', 'paket', 'cod', 'dibuka', 'segelnya', 'tersangka', 'sakit', 'hati', 'pulang', 'malam', 'mengendarai', 'motor', 'plat', 'nomor', 'tersangka', 'membawa', 'batu', 'kali', 'seukuran', 'kepalan', 'tangan', 'orang', 'dewasa', 'turun', 'motor', 'tersangka', 'melemparkan', 'batu', 'sekuat', 'tenaga', 'arah', 'kaca', 'jendela', 'rumah', 'korban', 'pecah', 'berhamburan', 'ruang', 'tamu']","['tersangka', 'kurir', 'maki', 'maki', 'ludah', 'korban', 'terima', 'paket', 'korban', 'tolak', 'bayar', 'paket', 'cod', 'buka', 'segel', 'tersangka', 'sakit', 'hati', 'pulang', 'malam', 'kendara', 'motor', 'plat', 'nomor', 'tersangka', 'bawa', 'batu', 'kali', 'ukur', 'kepal', 'tangan', 'orang', 'dewasa', 'turun', 'motor', 'tersangka', 'lempar', 'batu', 'kuat', 'tenaga', 'arah', 'kaca', 'jendela', 'rumah', 'korban', 'pecah', 'hambur', 'ruang', 'tamu']",tersangka kurir maki maki ludah korban terima paket korban tolak bayar paket cod buka segel tersangka sakit hati pulang malam kendara motor plat nomor tersangka bawa batu kali ukur kepal tangan orang dewasa turun motor tersangka lempar batu kuat tenaga arah kaca jendela rumah korban pecah hambur ruang tamu
LP/B/64/IV/2023/Kalbar/Res Mpw/Sek Sui Pinyuh,22 April 2023,"Pelaku mengambil 1 unit sepeda motor Honda Vario milik korban yang sedang terparkir di Gg. Mawar, Desa/Kel. Galang, Kec. Sungai Pinyuh, Kab. Mempawah dengan menggunakan kunci T.",Pelaku mengambil unit sepeda motor Honda Vario milik korban yang sedang terparkir di Gg Mawar Desa Kel Galang Kec Sungai Pinyuh Kab Mempawah dengan menggunakan kunci T,pelaku mengambil unit sepeda motor honda vario milik korban yang sedang terparkir di gg mawar desa kel galang kec sungai pinyuh kab mempawah dengan menggunakan kunci t,pelaku mengambil unit sepeda motor honda vario milik korban yang sedang terparkir di gang mawar desa keluarga galang kecamatan sungai pinyuh kabupaten mempawah dengan menggunakan kunci t,"['pelaku', 'mengambil', 'unit', 'sepeda', 'motor', 'honda', 'vario', 'milik', 'korban', 'yang', 'sedang', 'terparkir', 'di', 'gang', 'mawar', 'desa', 'keluarga', 'galang', 'kecamatan', 'sungai', 'pinyuh', 'kabupaten', 'mempawah', 'dengan', 'menggunakan', 'kunci', 't']","['pelaku', 'mengambil', 'unit', 'sepeda', 'motor', 'honda', 'vario', 'milik', 'korban', 'terparkir', 'gang', 'mawar', 'desa', 'keluarga', 'galang', 'kecamatan', 'sungai', 'pinyuh', 'kabupaten', 'mempawah', 'kunci']","['pelaku', 'ambil', 'unit', 'sepeda', 'motor', 'honda', 'vario', 'milik', 'korban', 'parkir', 'gang', 'mawar', 'desa', 'keluarga', 'galang', 'camat', 'sungai', 'pinyuh', 'kabupaten', 'mempawah', 'kunci']",pelaku ambil unit sepeda motor honda vario milik korban parkir gang mawar desa keluarga galang camat sungai pinyuh kabupaten mempawah kunci
LP/B/66/IV/2023/Kalbar/Res Mpw/Sek Sui Pinyuh,28 April 2023,"Pelaku mengambil dompet berisi uang dan surat-surat milik korban yang sedang terparkir di Jl. Raya RT 05/RW 01, Sungai Batang, Kec. Sungai Pinyuh dengan menggunakan kunci T.",Pelaku mengambil dompet berisi uang dan surat surat milik korban yang sedang terparkir di Jl Raya RT RW Sungai Batang Kec Sungai Pinyuh dengan menggunakan kunci T,pelaku mengambil dompet berisi uang dan surat surat milik korban yang sedang terparkir di jl raya rt rw sungai batang kec sungai pinyuh dengan menggunakan kunci t,pelaku mengambil dompet berisi uang dan surat surat milik korban yang sedang terparkir di jalan raya rukun tetangga rukun warga sungai batang kecamatan sungai pinyuh dengan menggunakan kunci t,"['pelaku', 'mengambil', 'dompet', 'berisi', 'uang', 'dan', 'surat', 'surat', 'milik', 'korban', 'yang', 'sedang', 'terparkir', 'di', 'jalan', 'raya', 'rukun', 'tetangga', 'rukun', 'warga', 'sungai', 'batang', 'kecamatan', 'sungai', 'pinyuh', 'dengan', 'menggunakan', 'kunci', 't']","['pelaku', 'mengambil', 'dompet', 'berisi', 'uang', 'surat', 'surat', 'milik', 'korban', 'terparkir', 'jalan', 'raya', 'rukun', 'tetangga', 'rukun', 'warga', 'sungai', 'batang', 'kecamatan', 'sungai', 'pinyuh', 'kunci']","['pelaku', 'ambil', 'dompet', 'isi', 'uang', 'surat', 'surat', 'milik', 'korban', 'parkir', 'jalan', 'raya', 'rukun', 'tetangga', 'rukun', 'warga', 'sungai', 'batang', 'camat', 'sungai', 'pinyuh', 'kunci']",pelaku ambil dompet isi uang surat surat milik korban parkir jalan raya rukun tetangga rukun warga sungai batang camat sungai pinyuh kunci
LP/B/67/IV/2023/Kalbar/Res Mpw/Sek Sui Pinyuh,30 April 2023,"Petugas mendapatkan informasi masyarakat bahwa di Jl. Jurusan Pontianak, Desa/Kel. Sungai Batang, Kec. Sungai Pinyuh, Kab. Mempawah sering terjadi transaksi narkoba, saat digeledah ditemukan 2 butir pil ekstasi di saku celana pelaku.",Petugas mendapatkan informasi masyarakat bahwa di Jl Jurusan Pontianak Desa Kel Sungai Batang Kec Sungai Pinyuh Kab Mempawah sering terjadi transaksi narkoba saat digeledah ditemukan butir pil ekstasi di saku celana pelaku,petugas mendapatkan informasi masyarakat bahwa di jl jurusan pontianak desa kel sungai batang kec sungai pinyuh kab mempawah sering terjadi transaksi narkoba saat digeledah ditemukan butir pil ekstasi di saku celana pelaku,petugas mendapatkan informasi masyarakat bahwa di jalan jurusan pontianak desa keluarga sungai batang kecamatan sungai pinyuh kabupaten mempawah sering terjadi transaksi narkoba saat digeledah ditemukan butir pil ekstasi di saku celana pelaku,"['petugas', 'mendapatkan', 'informasi', 'masyarakat', 'bahwa', 'di', 'jalan', 'jurusan', 'pontianak', 'desa', 'keluarga', 'sungai', 'batang', 'kecamatan', 'sungai', 'pinyuh', 'kabupaten', 'mempawah', 'sering', 'terjadi', 'transaksi', 'narkoba', 'saat', 'digeledah', 'ditemukan', 'butir', 'pil', 'ekstasi', 'di', 'saku', 'celana', 'pelaku']","['petugas', 'informasi', 'masyarakat', 'jalan', 'jurusan', 'pontianak', 'desa', 'keluarga', 'sungai', 'batang', 'kecamatan', 'sungai', 'pinyuh', 'kabupaten', 'mempawah', 'transaksi', 'narkoba', 'digeledah', 'ditemukan', 'butir', 'pil', 'ekstasi', 'saku', 'celana', 'pelaku']","['petugas', 'informasi', 'masyarakat', 'jalan', 'jurus', 'pontianak', 'desa', 'keluarga', 'sungai', 'batang', 'camat', 'sungai', 'pinyuh', 'kabupaten', 'mempawah', 'transaksi', 'narkoba', 'geledah', 'temu', 'butir', 'pil', 'ekstasi', 'saku', 'celana', 'pelaku']",petugas informasi masyarakat jalan jurus pontianak desa keluarga sungai batang camat sungai pinyuh kabupaten mempawah transaksi narkoba geledah temu butir pil ekstasi saku celana pelaku
LP/B/70/V/2023/Kalbar/Res Mpw/Sek Sui Pinyuh,2 Mei 2023,"Pelaku masuk ke dalam rumah korban dengan cara mencongkel jendela samping menggunakan obeng, kemudian mengambil 2 buah tabung gas 3kg.",Pelaku masuk ke dalam rumah korban dengan cara mencongkel jendela samping menggunakan obeng kemudian mengambil buah tabung gas kg,pelaku masuk ke dalam rumah korban dengan cara mencongkel jendela samping menggunakan obeng kemudian mengambil buah tabung gas kg,pelaku masuk ke dalam rumah korban dengan cara mencongkel jendela samping menggunakan obeng kemudian mengambil buah tabung gas kilo,"['pelaku', 'masuk', 'ke', 'dalam', 'rumah', 'korban', 'dengan', 'cara', 'mencongkel', 'jendela', 'samping', 'menggunakan', 'obeng', 'kemudian', 'mengambil', 'buah', 'tabung', 'gas', 'kilo']","['pelaku', 'masuk', 'rumah', 'korban', 'mencongkel', 'jendela', 'samping', 'obeng', 'mengambil', 'buah', 'tabung', 'gas', 'kilo']","['pelaku', 'masuk', 'rumah', 'korban', 'congkel', 'jendela', 'samping', 'obeng', 'ambil', 'buah', 'tabung', 'gas', 'kilo']",pelaku masuk rumah korban congkel jendela samping obeng ambil buah tabung gas kilo
LP/B/84/V/2023/Kalbar/Res Mpw/Sek Sui Pinyuh,26 Mei 2023,"Pelaku mengambil 1 unit HP Samsung Galaxy milik korban yang sedang terparkir di Jl. Tani RT 02/RW 04, Sungai Purun Kecil, Kec. Sungai Pinyuh dengan menggunakan kunci T.",Pelaku mengambil unit HP Samsung Galaxy milik korban yang sedang terparkir di Jl Tani RT RW Sungai Purun Kecil Kec Sungai Pinyuh dengan menggunakan kunci T,pelaku mengambil unit hp samsung galaxy milik korban yang sedang terparkir di jl tani rt rw sungai purun kecil kec sungai pinyuh dengan menggunakan kunci t,pelaku mengambil unit handphone samsung galaxy milik korban yang sedang terparkir di jalan tani rukun tetangga rukun warga sungai purun kecil kecamatan sungai pinyuh dengan menggunakan kunci t,"['pelaku', 'mengambil', 'unit', 'handphone', 'samsung', 'galaxy', 'milik', 'korban', 'yang', 'sedang', 'terparkir', 'di', 'jalan', 'tani', 'rukun', 'tetangga', 'rukun', 'warga', 'sungai', 'purun', 'kecil', 'kecamatan', 'sungai', 'pinyuh', 'dengan', 'menggunakan', 'kunci', 't']","['pelaku', 'mengambil', 'unit', 'handphone', 'samsung', 'galaxy', 'milik', 'korban', 'terparkir', 'jalan', 'tani', 'rukun', 'tetangga', 'rukun', 'warga', 'sungai', 'purun', 'kecamatan', 'sungai', 'pinyuh', 'kunci']","['pelaku', 'ambil', 'unit', 'handphone', 'samsung', 'galaxy', 'milik', 'korban', 'parkir', 'jalan', 'tani', 'rukun', 'tetangga', 'rukun', 'warga', 'sungai', 'purun', 'camat', 'sungai', 'pinyuh', 'kunci']",pelaku ambil unit handphone samsung galaxy milik korban parkir jalan tani rukun tetangga rukun warga sungai purun camat sungai pinyuh kunci
LP/B/87/VI/2023/Kalbar/Res Mpw/Sek Sui Pinyuh,5 Juni 2023,"Pelaku menawarkan barang elektronik dengan harga murah melalui media sosial, namun setelah uang ditransfer, barang tidak dikirim.",Pelaku menawarkan barang elektronik dengan harga murah melalui media sosial namun setelah uang ditransfer barang tidak dikirim,pelaku menawarkan barang elektronik dengan harga murah melalui media sosial namun setelah uang ditransfer barang tidak dikirim,pelaku menawarkan barang elektronik dengan harga murah melalui media sosial namun setelah uang ditransfer barang tidak dikirim,"['pelaku', 'menawarkan', 'barang', 'elektronik', 'dengan', 'harga', 'murah', 'melalui', 'media', 'sosial', 'namun', 'setelah', 'uang', 'ditransfer', 'barang', 'tidak', 'dikirim']","['pelaku', 'menawarkan', 'barang', 'elektronik', 'harga', 'murah', 'media', 'sosial', 'uang', 'ditransfer', 'barang', 'dikirim']","['pelaku', 'tawar', 'barang', 'elektronik', 'harga', 'murah', 'media', 'sosial', 'uang', 'transfer', 'barang', 'kirim']",pelaku tawar barang elektronik harga murah media sosial uang transfer barang kirim
LP/B/89/VI/2023/Kalbar/Res Mpw/Sek Sui Pinyuh,7 Juni 2023,"Pelaku menawarkan investasi bodong dengan harga murah melalui media sosial, namun setelah uang ditransfer, barang tidak dikirim.",Pelaku menawarkan investasi bodong dengan harga murah melalui media sosial namun setelah uang ditransfer barang tidak dikirim,pelaku menawarkan investasi bodong dengan harga murah melalui media sosial namun setelah uang ditransfer barang tidak dikirim,pelaku menawarkan investasi bodong dengan harga murah melalui media sosial namun setelah uang ditransfer barang tidak dikirim,"['pelaku', 'menawarkan', 'investasi', 'bodong', 'dengan', 'harga', 'murah', 'melalui', 'media', 'sosial', 'namun', 'setelah', 'uang', 'ditransfer', 'barang', 'tidak', 'dikirim']","['pelaku', 'menawarkan', 'investasi', 'bodong', 'harga', 'murah', 'media', 'sosial', 'uang', 'ditransfer', 'barang', 'dikirim']","['pelaku', 'tawar', 'investasi', 'bodong', 'harga', 'murah', 'media', 'sosial', 'uang', 'transfer', 'barang', 'kirim']",pelaku tawar investasi bodong harga murah media sosial uang transfer barang kirim
LP/B/93/VI/2023/Kalbar/Res Mpw/Sek Sui Pinyuh,17 Juni 2023,"Pelaku masuk ke dalam rumah korban dengan cara mencongkel jendela samping menggunakan obeng, kemudian mengambil 1 unit HP Samsung Galaxy.",Pelaku masuk ke dalam rumah korban dengan cara mencongkel jendela samping menggunakan obeng kemudian mengambil unit HP Samsung Galaxy,pelaku masuk ke dalam rumah korban dengan cara mencongkel jendela samping menggunakan obeng kemudian mengambil unit hp samsung galaxy,pelaku masuk ke dalam rumah korban dengan cara mencongkel jendela samping menggunakan obeng kemudian mengambil unit handphone samsung galaxy,"['pelaku', 'masuk', 'ke', 'dalam', 'rumah', 'korban', 'dengan', 'cara', 'mencongkel', 'jendela', 'samping', 'menggunakan', 'obeng', 'kemudian', 'mengambil', 'unit', 'handphone', 'samsung', 'galaxy']","['pelaku', 'masuk', 'rumah', 'korban', 'mencongkel', 'jendela', 'samping', 'obeng', 'mengambil', 'unit', 'handphone', 'samsung', 'galaxy']","['pelaku', 'masuk', 'rumah', 'korban', 'congkel', 'jendela', 'samping', 'obeng', 'ambil', 'unit', 'handphone', 'samsung', 'galaxy']",pelaku masuk rumah korban congkel jendela samping obeng ambil unit handphone samsung galaxy
LP/B/97/VI/2023/Kalbar/Res Mpw/Sek Sui Pinyuh,23 Juni 2023,"Pada saat rumah dalam keadaan kosong ditinggal pemiliknya bekerja, pelaku masuk dengan cara merusak kunci pintu belakang. Setelah berhasil masuk, pelaku mengacak-acak lemari di kamar utama dan mengambil 2 buah tabung gas 3kg serta barang berharga lainnya, kemudian melarikan diri melalui pintu yang sama.",Pada saat rumah dalam keadaan kosong ditinggal pemiliknya bekerja pelaku masuk dengan cara merusak kunci pintu belakang Setelah berhasil masuk pelaku mengacak acak lemari di kamar utama dan mengambil buah tabung gas kg serta barang berharga lainnya kemudian melarikan diri melalui pintu yang sama,pada saat rumah dalam keadaan kosong ditinggal pemiliknya bekerja pelaku masuk dengan cara merusak kunci pintu belakang setelah berhasil masuk pelaku mengacak acak lemari di kamar utama dan mengambil buah tabung gas kg serta barang berharga lainnya kemudian melarikan diri melalui pintu yang sama,pada saat rumah dalam keadaan kosong ditinggal pemiliknya bekerja pelaku masuk dengan cara merusak kunci pintu belakang setelah berhasil masuk pelaku mengacak acak lemari di kamar utama dan mengambil buah tabung gas kilo serta barang berharga lainnya kemudian melarikan diri melalui pintu yang sama,"['pada', 'saat', 'rumah', 'dalam', 'keadaan', 'kosong', 'ditinggal', 'pemiliknya', 'bekerja', 'pelaku', 'masuk', 'dengan', 'cara', 'merusak', 'kunci', 'pintu', 'belakang', 'setelah', 'berhasil', 'masuk', 'pelaku', 'mengacak', 'acak', 'lemari', 'di', 'kamar', 'utama', 'dan', 'mengambil', 'buah', 'tabung', 'gas', 'kilo', 'serta', 'barang', 'berharga', 'lainnya', 'kemudian', 'melarikan', 'diri', 'melalui', 'pintu', 'yang', 'sama']","['rumah', 'kosong', 'ditinggal', 'pemiliknya', 'pelaku', 'masuk', 'merusak', 'kunci', 'pintu', 'berhasil', 'masuk', 'pelaku', 'mengacak', 'acak', 'lemari', 'kamar', 'utama', 'mengambil', 'buah', 'tabung', 'gas', 'kilo', 'barang', 'berharga', 'melarikan', 'pintu']","['rumah', 'kosong', 'tinggal', 'milik', 'pelaku', 'masuk', 'rusak', 'kunci', 'pintu', 'hasil', 'masuk', 'pelaku', 'acak', 'acak', 'lemari', 'kamar', 'utama', 'ambil', 'buah', 'tabung', 'gas', 'kilo', 'barang', 'harga', 'lari', 'pintu']",rumah kosong tinggal milik pelaku masuk rusak kunci pintu hasil masuk pelaku acak acak lemari kamar utama ambil buah tabung gas kilo barang harga lari pintu
LP/B/98/VI/2023/Kalbar/Res Mpw/Sek Sui Pinyuh,23 Juni 2023,"Ojek pangkalan (Tersangka) mencegat pengemudi ojek online (Korban) yang mengambil penumpang di ""Zona Merah"" (wilayah terlarang versi pangkalan). Tersangka merampas helm milik korban, lalu membantingnya ke aspal hingga kaca visor pecah dan gabus dalamnya hancur.",Ojek pangkalan Tersangka mencegat pengemudi ojek online Korban yang mengambil penumpang di Zona Merah wilayah terlarang versi pangkalan Tersangka merampas helm milik korban lalu membantingnya ke aspal hingga kaca visor pecah dan gabus dalamnya hancur,ojek pangkalan tersangka mencegat pengemudi ojek online korban yang mengambil penumpang di zona merah wilayah terlarang versi pangkalan tersangka merampas helm milik korban lalu membantingnya ke aspal hingga kaca visor pecah dan gabus dalamnya hancur,ojek pangkalan tersangka mencegat pengemudi ojek online korban yang mengambil penumpang di zona merah wilayah terlarang versi pangkalan tersangka merampas helm milik korban lalu membantingnya ke aspal hingga kaca visor pecah dan gabus dalamnya hancur,"['ojek', 'pangkalan', 'tersangka', 'mencegat', 'pengemudi', 'ojek', 'online', 'korban', 'yang', 'mengambil', 'penumpang', 'di', 'zona', 'merah', 'wilayah', 'terlarang', 'versi', 'pangkalan', 'tersangka', 'merampas', 'helm', 'milik', 'korban', 'lalu', 'membantingnya', 'ke', 'aspal', 'hingga', 'kaca', 'visor', 'pecah', 'dan', 'gabus', 'dalamnya', 'hancur']","['ojek', 'pangkalan', 'tersangka', 'mencegat', 'pengemudi', 'ojek', 'online', 'korban', 'mengambil', 'penumpang', 'zona', 'merah', 'wilayah', 'terlarang', 'versi', 'pangkalan', 'tersangka', 'merampas', 'helm', 'milik', 'korban', 'membantingnya', 'aspal', 'kaca', 'visor', 'pecah', 'gabus', 'dalamnya', 'hancur']","['ojek', 'pangkal', 'tersangka', 'cegat', 'pengemudi', 'ojek', 'online', 'korban', 'ambil', 'penumpang', 'zona', 'merah', 'wilayah', 'larang', 'versi', 'pangkal', 'tersangka', 'rampas', 'helm', 'milik', 'korban', 'banting', 'aspal', 'kaca', 'visor', 'pecah', 'gabus', 'dalam', 'hancur']",ojek pangkal tersangka cegat pengemudi ojek online korban ambil penumpang zona merah wilayah larang versi pangkal tersangka rampas helm milik korban banting aspal kaca visor pecah gabus dalam hancur
LP/B/100/VI/2023/Kalbar/Res Mpw/Sek Sui Pinyuh,26 Juni 2023,"Berawal dari adu mulut antara pelaku dan korban terkait masalah hutang piutang, pelaku yang emosi langsung memukul korban menggunakan kayu balok ke arah punggung dan kepala, menyebabkan korban mengalami luka memar dan robek.",Berawal dari adu mulut antara pelaku dan korban terkait masalah hutang piutang pelaku yang emosi langsung memukul korban menggunakan kayu balok ke arah punggung dan kepala menyebabkan korban mengalami luka memar dan robek,berawal dari adu mulut antara pelaku dan korban terkait masalah hutang piutang pelaku yang emosi langsung memukul korban menggunakan kayu balok ke arah punggung dan kepala menyebabkan korban mengalami luka memar dan robek,berawal dari adu mulut antara pelaku dan korban terkait masalah hutang piutang pelaku yang emosi langsung memukul korban menggunakan kayu balok ke arah punggung dan kepala menyebabkan korban mengalami luka memar dan robek,"['berawal', 'dari', 'adu', 'mulut', 'antara', 'pelaku', 'dan', 'korban', 'terkait', 'masalah', 'hutang', 'piutang', 'pelaku', 'yang', 'emosi', 'langsung', 'memukul', 'korban', 'menggunakan', 'kayu', 'balok', 'ke', 'arah', 'punggung', 'dan', 'kepala', 'menyebabkan', 'korban', 'mengalami', 'luka', 'memar', 'dan', 'robek']","['adu', 'mulut', 'pelaku', 'korban', 'terkait', 'hutang', 'piutang', 'pelaku', 'emosi', 'langsung', 'memukul', 'korban', 'kayu', 'balok', 'arah', 'punggung', 'kepala', 'menyebabkan', 'korban', 'mengalami', 'luka', 'memar', 'robek']","['adu', 'mulut', 'pelaku', 'korban', 'kait', 'hutang', 'piutang', 'pelaku', 'emosi', 'langsung', 'pukul', 'korban', 'kayu', 'balok', 'arah', 'punggung', 'kepala', 'sebab', 'korban', 'alami', 'luka', 'memar', 'robek']",adu mulut pelaku korban kait hutang piutang pelaku emosi langsung pukul korban kayu balok arah punggung kepala sebab korban alami luka memar robek
LP/B/101/VI/2023/Kalbar/Res Mpw/Sek Sui Pinyuh,30 Juni 2023,Pelaku melakukan tindak pidana sesuai dengan laporan yang dibuat korban.,Pelaku melakukan tindak pidana sesuai dengan laporan yang dibuat korban,pelaku melakukan tindak pidana sesuai dengan laporan yang dibuat korban,pelaku melakukan tindak pidana sesuai dengan laporan yang dibuat korban,"['pelaku', 'melakukan', 'tindak', 'pidana', 'sesuai', 'dengan', 'laporan', 'yang', 'dibuat', 'korban']","['pelaku', 'tindak', 'pidana', 'sesuai', 'laporan', 'korban']","['pelaku', 'tindak', 'pidana', 'sesuai', 'laporan', 'korban']",pelaku tindak pidana sesuai laporan korban
LP/B/103/VII/2023/Kalbar/Res Mpw/Sek Sui Pinyuh,5 Juli 2023,Pelaku mengambil sepeda motor merk Suzuki Satria milik korban yang sedang diparkir di halaman masjid saat korban sedang melaksanakan sholat Isya. Pelaku merusak kunci kontak menggunakan kunci T dan langsung membawa kabur kendaraan tersebut ke arah Pontianak.,Pelaku mengambil sepeda motor merk Suzuki Satria milik korban yang sedang diparkir di halaman masjid saat korban sedang melaksanakan sholat Isya Pelaku merusak kunci kontak menggunakan kunci T dan langsung membawa kabur kendaraan tersebut ke arah Pontianak,pelaku mengambil sepeda motor merk suzuki satria milik korban yang sedang diparkir di halaman masjid saat korban sedang melaksanakan sholat isya pelaku merusak kunci kontak menggunakan kunci t dan langsung membawa kabur kendaraan tersebut ke arah pontianak,pelaku mengambil sepeda motor merk suzuki satria milik korban yang sedang diparkir di halaman masjid saat korban sedang melaksanakan sholat isya pelaku merusak kunci kontak menggunakan kunci t dan langsung membawa kabur kendaraan tersebut ke arah pontianak,"['pelaku', 'mengambil', 'sepeda', 'motor', 'merk', 'suzuki', 'satria', 'milik', 'korban', 'yang', 'sedang', 'diparkir', 'di', 'halaman', 'masjid', 'saat', 'korban', 'sedang', 'melaksanakan', 'sholat', 'isya', 'pelaku', 'merusak', 'kunci', 'kontak', 'menggunakan', 'kunci', 't', 'dan', 'langsung', 'membawa', 'kabur', 'kendaraan', 'tersebut', 'ke', 'arah', 'pontianak']","['pelaku', 'mengambil', 'sepeda', 'motor', 'merk', 'suzuki', 'satria', 'milik', 'korban', 'diparkir', 'halaman', 'masjid', 'korban', 'melaksanakan', 'sholat', 'isya', 'pelaku', 'merusak', 'kunci', 'kontak', 'kunci', 'langsung', 'membawa', 'kabur', 'kendaraan', 'arah', 'pontianak']","['pelaku', 'ambil', 'sepeda', 'motor', 'merk', 'suzuki', 'satria', 'milik', 'korban', 'parkir', 'halaman', 'masjid', 'korban', 'laksana', 'sholat', 'isya', 'pelaku', 'rusak', 'kunci', 'kontak', 'kunci', 'langsung', 'bawa', 'kabur', 'kendara', 'arah', 'pontianak']",pelaku ambil sepeda motor merk suzuki satria milik korban parkir halaman masjid korban laksana sholat isya pelaku rusak kunci kontak kunci langsung bawa kabur kendara arah pontianak
LP/B/104/VII/2023/Kalbar/Res Mpw/Sek Sui Pinyuh,7 Juli 2023,Pelaku mengambil Uang tunai Rp 2.000.000 milik korban yang tersimpan di dalam rumah.,Pelaku mengambil Uang tunai Rp milik korban yang tersimpan di dalam rumah,pelaku mengambil uang tunai rp milik korban yang tersimpan di dalam rumah,pelaku mengambil uang tunai rupiah milik korban yang tersimpan di dalam rumah,"['pelaku', 'mengambil', 'uang', 'tunai', 'rupiah', 'milik', 'korban', 'yang', 'tersimpan', 'di', 'dalam', 'rumah']","['pelaku', 'mengambil', 'uang', 'tunai', 'rupiah', 'milik', 'korban', 'tersimpan', 'rumah']","['pelaku', 'ambil', 'uang', 'tunai', 'rupiah', 'milik', 'korban', 'simpan', 'rumah']",pelaku ambil uang tunai rupiah milik korban simpan rumah
LP/B/106/VII/2023/Kalbar/Res Mpw/Sek Sui Pinyuh,10 Juli 2023,Tertangkap tangan memiliki dan menyimpan narkotika jenis sabu seberat 0.5 gram di saku celana.,Tertangkap tangan memiliki dan menyimpan narkotika jenis sabu seberat gram di saku celana,tertangkap tangan memiliki dan menyimpan narkotika jenis sabu seberat gram di saku celana,tertangkap tangan memiliki dan menyimpan narkotika jenis sabu seberat gram di saku celana,"['tertangkap', 'tangan', 'memiliki', 'dan', 'menyimpan', 'narkotika', 'jenis', 'sabu', 'seberat', 'gram', 'di', 'saku', 'celana']","['tertangkap', 'tangan', 'memiliki', 'menyimpan', 'narkotika', 'jenis', 'sabu', 'seberat', 'gram', 'saku', 'celana']","['tangkap', 'tangan', 'milik', 'simpan', 'narkotika', 'jenis', 'sabu', 'berat', 'gram', 'saku', 'celana']",tangkap tangan milik simpan narkotika jenis sabu berat gram saku celana
LP/B/107/VII/2023/Kalbar/Res Mpw/Sek Sui Pinyuh,10 Juli 2023,Pelaku (Lidik) mengambil sepeda motor Honda Vario yang diparkir di teras rumah korban.,Pelaku Lidik mengambil sepeda motor Honda Vario yang diparkir di teras rumah korban,pelaku lidik mengambil sepeda motor honda vario yang diparkir di teras rumah korban,pelaku lidik mengambil sepeda motor honda vario yang diparkir di teras rumah korban,"['pelaku', 'lidik', 'mengambil', 'sepeda', 'motor', 'honda', 'vario', 'yang', 'diparkir', 'di', 'teras', 'rumah', 'korban']","['pelaku', 'lidik', 'mengambil', 'sepeda', 'motor', 'honda', 'vario', 'diparkir', 'teras', 'rumah', 'korban']","['pelaku', 'lidik', 'ambil', 'sepeda', 'motor', 'honda', 'vario', 'parkir', 'teras', 'rumah', 'korban']",pelaku lidik ambil sepeda motor honda vario parkir teras rumah korban
LP/B/110/VII/2023/Kalbar/Res Mpw/Sek Sui Pinyuh,19 Juli 2023,"Petugas mendapatkan informasi masyarakat bahwa di Jl. Pasar RT 11/RW 02, Peniraman, Kec. Sungai Pinyuh sering terjadi transaksi narkoba, saat digeledah ditemukan 2 butir pil ekstasi di saku celana pelaku.",Petugas mendapatkan informasi masyarakat bahwa di Jl Pasar RT RW Peniraman Kec Sungai Pinyuh sering terjadi transaksi narkoba saat digeledah ditemukan butir pil ekstasi di saku celana pelaku,petugas mendapatkan informasi masyarakat bahwa di jl pasar rt rw peniraman kec sungai pinyuh sering terjadi transaksi narkoba saat digeledah ditemukan butir pil ekstasi di saku celana pelaku,petugas mendapatkan informasi masyarakat bahwa di jalan pasar rukun tetangga rukun warga peniraman kecamatan sungai pinyuh sering terjadi transaksi narkoba saat digeledah ditemukan butir pil ekstasi di saku celana pelaku,"['petugas', 'mendapatkan', 'informasi', 'masyarakat', 'bahwa', 'di', 'jalan', 'pasar', 'rukun', 'tetangga', 'rukun', 'warga', 'peniraman', 'kecamatan', 'sungai', 'pinyuh', 'sering', 'terjadi', 'transaksi', 'narkoba', 'saat', 'digeledah', 'ditemukan', 'butir', 'pil', 'ekstasi', 'di', 'saku', 'celana', 'pelaku']","['petugas', 'informasi', 'masyarakat', 'jalan', 'pasar', 'rukun', 'tetangga', 'rukun', 'warga', 'peniraman', 'kecamatan', 'sungai', 'pinyuh', 'transaksi', 'narkoba', 'digeledah', 'ditemukan', 'butir', 'pil', 'ekstasi', 'saku', 'celana', 'pelaku']","['petugas', 'informasi', 'masyarakat', 'jalan', 'pasar', 'rukun', 'tetangga', 'rukun', 'warga', 'tiram', 'camat', 'sungai', 'pinyuh', 'transaksi', 'narkoba', 'geledah', 'temu', 'butir', 'pil', 'ekstasi', 'saku', 'celana', 'pelaku']",petugas informasi masyarakat jalan pasar rukun tetangga rukun warga tiram camat sungai pinyuh transaksi narkoba geledah temu butir pil ekstasi saku celana pelaku
LP/B/112/VII/2023/Kalbar/Res Mpw/Sek Sui Pinyuh,20 Juli 2023,"Pelaku menawarkan tanah kavling dengan harga murah melalui media sosial, namun setelah uang ditransfer, barang tidak dikirim.",Pelaku menawarkan tanah kavling dengan harga murah melalui media sosial namun setelah uang ditransfer barang tidak dikirim,pelaku menawarkan tanah kavling dengan harga murah melalui media sosial namun setelah uang ditransfer barang tidak dikirim,pelaku menawarkan tanah kavling dengan harga murah melalui media sosial namun setelah uang ditransfer barang tidak dikirim,"['pelaku', 'menawarkan', 'tanah', 'kavling', 'dengan', 'harga', 'murah', 'melalui', 'media', 'sosial', 'namun', 'setelah', 'uang', 'ditransfer', 'barang', 'tidak', 'dikirim']","['pelaku', 'menawarkan', 'tanah', 'kavling', 'harga', 'murah', 'media', 'sosial', 'uang', 'ditransfer', 'barang', 'dikirim']","['pelaku', 'tawar', 'tanah', 'kavling', 'harga', 'murah', 'media', 'sosial', 'uang', 'transfer', 'barang', 'kirim']",pelaku tawar tanah kavling harga murah media sosial uang transfer barang kirim
LP/B/115/VII/2023/Kalbar/Res Mpw/Sek Sui Pinyuh,26 Juli 2023,Pelaku mengambil 1 unit Laptop Acer milik korban yang tersimpan di dalam rumah.,Pelaku mengambil unit Laptop Acer milik korban yang tersimpan di dalam rumah,pelaku mengambil unit laptop acer milik korban yang tersimpan di dalam rumah,pelaku mengambil unit laptop acer milik korban yang tersimpan di dalam rumah,"['pelaku', 'mengambil', 'unit', 'laptop', 'acer', 'milik', 'korban', 'yang', 'tersimpan', 'di', 'dalam', 'rumah']","['pelaku', 'mengambil', 'unit', 'laptop', 'acer', 'milik', 'korban', 'tersimpan', 'rumah']","['pelaku', 'ambil', 'unit', 'laptop', 'acer', 'milik', 'korban', 'simpan', 'rumah']",pelaku ambil unit laptop acer milik korban simpan rumah
LP/B/117/VII/2023/Kalbar/Res Mpw/Sek Sui Pinyuh,28 Juli 2023,"Pelaku masuk ke dalam rumah dengan cara mencongkel jendela samping menggunakan obeng, lalu mengambil Perhiasan emas seberat 3 gram di ruang tamu.",Pelaku masuk ke dalam rumah dengan cara mencongkel jendela samping menggunakan obeng lalu mengambil Perhiasan emas seberat gram di ruang tamu,pelaku masuk ke dalam rumah dengan cara mencongkel jendela samping menggunakan obeng lalu mengambil perhiasan emas seberat gram di ruang tamu,pelaku masuk ke dalam rumah dengan cara mencongkel jendela samping menggunakan obeng lalu mengambil perhiasan emas seberat gram di ruang tamu,"['pelaku', 'masuk', 'ke', 'dalam', 'rumah', 'dengan', 'cara', 'mencongkel', 'jendela', 'samping', 'menggunakan', 'obeng', 'lalu', 'mengambil', 'perhiasan', 'emas', 'seberat', 'gram', 'di', 'ruang', 'tamu']","['pelaku', 'masuk', 'rumah', 'mencongkel', 'jendela', 'samping', 'obeng', 'mengambil', 'perhiasan', 'emas', 'seberat', 'gram', 'ruang', 'tamu']","['pelaku', 'masuk', 'rumah', 'congkel', 'jendela', 'samping', 'obeng', 'ambil', 'hias', 'emas', 'berat', 'gram', 'ruang', 'tamu']",pelaku masuk rumah congkel jendela samping obeng ambil hias emas berat gram ruang tamu
LP/B/119/VII/2023/Kalbar/Res Mpw/Sek Sui Pinyuh,29 Juli 2023,Pelaku mengambil sepeda motor Honda Beat yang diparkir di teras rumah korban.,Pelaku mengambil sepeda motor Honda Beat yang diparkir di teras rumah korban,pelaku mengambil sepeda motor honda beat yang diparkir di teras rumah korban,pelaku mengambil sepeda motor honda beat yang diparkir di teras rumah korban,"['pelaku', 'mengambil', 'sepeda', 'motor', 'honda', 'beat', 'yang', 'diparkir', 'di', 'teras', 'rumah', 'korban']","['pelaku', 'mengambil', 'sepeda', 'motor', 'honda', 'beat', 'diparkir', 'teras', 'rumah', 'korban']","['pelaku', 'ambil', 'sepeda', 'motor', 'honda', 'beat', 'parkir', 'teras', 'rumah', 'korban']",pelaku ambil sepeda motor honda beat parkir teras rumah korban
LP/B/121/VIII/2023/Kalbar/Res Mpw/Sek Sui Pinyuh,1 Agustus 2023,"Pelaku memesan mobil rental dalam jumlah banyak dengan pembayaran tempo, namun setelah barang diterima, pelaku menghilang.",Pelaku memesan mobil rental dalam jumlah banyak dengan pembayaran tempo namun setelah barang diterima pelaku menghilang,pelaku memesan mobil rental dalam jumlah banyak dengan pembayaran tempo namun setelah barang diterima pelaku menghilang,pelaku memesan mobil rental dalam jumlah banyak dengan pembayaran tempo namun setelah barang diterima pelaku menghilang,"['pelaku', 'memesan', 'mobil', 'rental', 'dalam', 'jumlah', 'banyak', 'dengan', 'pembayaran', 'tempo', 'namun', 'setelah', 'barang', 'diterima', 'pelaku', 'menghilang']","['pelaku', 'memesan', 'mobil', 'rental', 'pembayaran', 'tempo', 'barang', 'diterima', 'pelaku', 'menghilang']","['pelaku', 'mes', 'mobil', 'rental', 'bayar', 'tempo', 'barang', 'terima', 'pelaku', 'hilang']",pelaku mes mobil rental bayar tempo barang terima pelaku hilang
LP/B/123/VIII/2023/Kalbar/Res Mpw/Sek Sui Pinyuh,4 Agustus 2023,"Pelaku masuk ke dalam rumah korban dengan cara mencongkel jendela samping menggunakan obeng, kemudian mengambil perhiasan emas seberat 10 gram.",Pelaku masuk ke dalam rumah korban dengan cara mencongkel jendela samping menggunakan obeng kemudian mengambil perhiasan emas seberat gram,pelaku masuk ke dalam rumah korban dengan cara mencongkel jendela samping menggunakan obeng kemudian mengambil perhiasan emas seberat gram,pelaku masuk ke dalam rumah korban dengan cara mencongkel jendela samping menggunakan obeng kemudian mengambil perhiasan emas seberat gram,"['pelaku', 'masuk', 'ke', 'dalam', 'rumah', 'korban', 'dengan', 'cara', 'mencongkel', 'jendela', 'samping', 'menggunakan', 'obeng', 'kemudian', 'mengambil', 'perhiasan', 'emas', 'seberat', 'gram']","['pelaku', 'masuk', 'rumah', 'korban', 'mencongkel', 'jendela', 'samping', 'obeng', 'mengambil', 'perhiasan', 'emas', 'seberat', 'gram']","['pelaku', 'masuk', 'rumah', 'korban', 'congkel', 'jendela', 'samping', 'obeng', 'ambil', 'hias', 'emas', 'berat', 'gram']",pelaku masuk rumah korban congkel jendela samping obeng ambil hias emas berat gram
LP/B/124/VIII/2023/Kalbar/Res Mpw/Sek Sui Pinyuh,4 Agustus 2023,Pelaku masuk melalui pintu belakang yang tidak terkunci dan mengambil 2 buah tabung gas 3kg.,Pelaku masuk melalui pintu belakang yang tidak terkunci dan mengambil buah tabung gas kg,pelaku masuk melalui pintu belakang yang tidak terkunci dan mengambil buah tabung gas kg,pelaku masuk melalui pintu belakang yang tidak terkunci dan mengambil buah tabung gas kilo,"['pelaku', 'masuk', 'melalui', 'pintu', 'belakang', 'yang', 'tidak', 'terkunci', 'dan', 'mengambil', 'buah', 'tabung', 'gas', 'kilo']","['pelaku', 'masuk', 'pintu', 'terkunci', 'mengambil', 'buah', 'tabung', 'gas', 'kilo']","['pelaku', 'masuk', 'pintu', 'kunci', 'ambil', 'buah', 'tabung', 'gas', 'kilo']",pelaku masuk pintu kunci ambil buah tabung gas kilo
LP/B/125/VIII/2023/Kalbar/Res Mpw/Sek Sui Pinyuh,5 Agustus 2023,"Pelaku mengambil 1 unit HP Samsung Galaxy milik korban yang sedang terparkir di Gg. Damai, Desa/Kel. Nusapati, Kec. Sungai Pinyuh, Kab. Mempawah dengan menggunakan kunci T.",Pelaku mengambil unit HP Samsung Galaxy milik korban yang sedang terparkir di Gg Damai Desa Kel Nusapati Kec Sungai Pinyuh Kab Mempawah dengan menggunakan kunci T,pelaku mengambil unit hp samsung galaxy milik korban yang sedang terparkir di gg damai desa kel nusapati kec sungai pinyuh kab mempawah dengan menggunakan kunci t,pelaku mengambil unit handphone samsung galaxy milik korban yang sedang terparkir di gang damai desa keluarga nusapati kecamatan sungai pinyuh kabupaten mempawah dengan menggunakan kunci t,"['pelaku', 'mengambil', 'unit', 'handphone', 'samsung', 'galaxy', 'milik', 'korban', 'yang', 'sedang', 'terparkir', 'di', 'gang', 'damai', 'desa', 'keluarga', 'nusapati', 'kecamatan', 'sungai', 'pinyuh', 'kabupaten', 'mempawah', 'dengan', 'menggunakan', 'kunci', 't']","['pelaku', 'mengambil', 'unit', 'handphone', 'samsung', 'galaxy', 'milik', 'korban', 'terparkir', 'gang', 'damai', 'desa', 'keluarga', 'nusapati', 'kecamatan', 'sungai', 'pinyuh', 'kabupaten', 'mempawah', 'kunci']","['pelaku', 'ambil', 'unit', 'handphone', 'samsung', 'galaxy', 'milik', 'korban', 'parkir', 'gang', 'damai', 'desa', 'keluarga', 'nusapati', 'camat', 'sungai', 'pinyuh', 'kabupaten', 'mempawah', 'kunci']",pelaku ambil unit handphone samsung galaxy milik korban parkir gang damai desa keluarga nusapati camat sungai pinyuh kabupaten mempawah kunci
LP/B/127/VIII/2023/Kalbar/Res Mpw/Sek Sui Pinyuh,6 Agustus 2023,Pelaku merusak gembok gudang dan mengambil 1 unit HP Samsung Galaxy.,Pelaku merusak gembok gudang dan mengambil unit HP Samsung Galaxy,pelaku merusak gembok gudang dan mengambil unit hp samsung galaxy,pelaku merusak gembok gudang dan mengambil unit handphone samsung galaxy,"['pelaku', 'merusak', 'gembok', 'gudang', 'dan', 'mengambil', 'unit', 'handphone', 'samsung', 'galaxy']","['pelaku', 'merusak', 'gembok', 'gudang', 'mengambil', 'unit', 'handphone', 'samsung', 'galaxy']","['pelaku', 'rusak', 'gembok', 'gudang', 'ambil', 'unit', 'handphone', 'samsung', 'galaxy']",pelaku rusak gembok gudang ambil unit handphone samsung galaxy
LP/B/129/VIII/2023/Kalbar/Res Mpw/Sek Sui Pinyuh,15 Agustus 2023,Pelaku merusak gembok gudang dan mengambil 1 unit sepeda motor Yamaha NMAX.,Pelaku merusak gembok gudang dan mengambil unit sepeda motor Yamaha NMAX,pelaku merusak gembok gudang dan mengambil unit sepeda motor yamaha nmax,pelaku merusak gembok gudang dan mengambil unit sepeda motor yamaha nmax,"['pelaku', 'merusak', 'gembok', 'gudang', 'dan', 'mengambil', 'unit', 'sepeda', 'motor', 'yamaha', 'nmax']","['pelaku', 'merusak', 'gembok', 'gudang', 'mengambil', 'unit', 'sepeda', 'motor', 'yamaha', 'nmax']","['pelaku', 'rusak', 'gembok', 'gudang', 'ambil', 'unit', 'sepeda', 'motor', 'yamaha', 'nmax']",pelaku rusak gembok gudang ambil unit sepeda motor yamaha nmax
LP/B/131/VIII/2023/Kalbar/Res Mpw/Sek Sui Pinyuh,16 Agustus 2023,"Pelaku mengambil 1 unit HP Samsung Galaxy milik korban yang sedang terparkir di Komp. Terminal, Desa/Kel. Galang, Kec. Sungai Pinyuh, Kab. Mempawah dengan menggunakan kunci T.",Pelaku mengambil unit HP Samsung Galaxy milik korban yang sedang terparkir di Komp Terminal Desa Kel Galang Kec Sungai Pinyuh Kab Mempawah dengan menggunakan kunci T,pelaku mengambil unit hp samsung galaxy milik korban yang sedang terparkir di komp terminal desa kel galang kec sungai pinyuh kab mempawah dengan menggunakan kunci t,pelaku mengambil unit handphone samsung galaxy milik korban yang sedang terparkir di komp terminal desa keluarga galang kecamatan sungai pinyuh kabupaten mempawah dengan menggunakan kunci t,"['pelaku', 'mengambil', 'unit', 'handphone', 'samsung', 'galaxy', 'milik', 'korban', 'yang', 'sedang', 'terparkir', 'di', 'komp', 'terminal', 'desa', 'keluarga', 'galang', 'kecamatan', 'sungai', 'pinyuh', 'kabupaten', 'mempawah', 'dengan', 'menggunakan', 'kunci', 't']","['pelaku', 'mengambil', 'unit', 'handphone', 'samsung', 'galaxy', 'milik', 'korban', 'terparkir', 'komp', 'terminal', 'desa', 'keluarga', 'galang', 'kecamatan', 'sungai', 'pinyuh', 'kabupaten', 'mempawah', 'kunci']","['pelaku', 'ambil', 'unit', 'handphone', 'samsung', 'galaxy', 'milik', 'korban', 'parkir', 'komp', 'terminal', 'desa', 'keluarga', 'galang', 'camat', 'sungai', 'pinyuh', 'kabupaten', 'mempawah', 'kunci']",pelaku ambil unit handphone samsung galaxy milik korban parkir komp terminal desa keluarga galang camat sungai pinyuh kabupaten mempawah kunci
LP/B/132/VIII/2023/Kalbar/Res Mpw/Sek Sui Pinyuh,16 Agustus 2023,Korban dianiaya oleh tetangganya akibat perselisihan batas tanah pekarangan. Perdebatan yang sudah berlangsung beberapa minggu akhirnya memuncak ketika pelaku mendorong dan memukul korban menggunakan kayu yang berada di sekitar lokasi.,Korban dianiaya oleh tetangganya akibat perselisihan batas tanah pekarangan Perdebatan yang sudah berlangsung beberapa minggu akhirnya memuncak ketika pelaku mendorong dan memukul korban menggunakan kayu yang berada di sekitar lokasi,korban dianiaya oleh tetangganya akibat perselisihan batas tanah pekarangan perdebatan yang sudah berlangsung beberapa minggu akhirnya memuncak ketika pelaku mendorong dan memukul korban menggunakan kayu yang berada di sekitar lokasi,korban dianiaya oleh tetangganya akibat perselisihan batas tanah pekarangan perdebatan yang sudah berlangsung beberapa minggu akhirnya memuncak ketika pelaku mendorong dan memukul korban menggunakan kayu yang berada di sekitar lokasi,"['korban', 'dianiaya', 'oleh', 'tetangganya', 'akibat', 'perselisihan', 'batas', 'tanah', 'pekarangan', 'perdebatan', 'yang', 'sudah', 'berlangsung', 'beberapa', 'minggu', 'akhirnya', 'memuncak', 'ketika', 'pelaku', 'mendorong', 'dan', 'memukul', 'korban', 'menggunakan', 'kayu', 'yang', 'berada', 'di', 'sekitar', 'lokasi']","['korban', 'dianiaya', 'tetangganya', 'akibat', 'perselisihan', 'batas', 'tanah', 'pekarangan', 'perdebatan', 'minggu', 'memuncak', 'pelaku', 'mendorong', 'memukul', 'korban', 'kayu', 'lokasi']","['korban', 'aniaya', 'tetangga', 'akibat', 'selisih', 'batas', 'tanah', 'pekarang', 'debat', 'minggu', 'puncak', 'pelaku', 'dorong', 'pukul', 'korban', 'kayu', 'lokasi']",korban aniaya tetangga akibat selisih batas tanah pekarang debat minggu puncak pelaku dorong pukul korban kayu lokasi
LP/B/136/VIII/2023/Kalbar/Res Mpw/Sek Sui Pinyuh,20 Agustus 2023,Pelaku menggadaikan barang elektronik yang ternyata bukan miliknya kepada korban.,Pelaku menggadaikan barang elektronik yang ternyata bukan miliknya kepada korban,pelaku menggadaikan barang elektronik yang ternyata bukan miliknya kepada korban,pelaku menggadaikan barang elektronik yang ternyata bukan miliknya kepada korban,"['pelaku', 'menggadaikan', 'barang', 'elektronik', 'yang', 'ternyata', 'bukan', 'miliknya', 'kepada', 'korban']","['pelaku', 'menggadaikan', 'barang', 'elektronik', 'miliknya', 'korban']","['pelaku', 'gadai', 'barang', 'elektronik', 'milik', 'korban']",pelaku gadai barang elektronik milik korban
LP/B/147/IX/2023/Kalbar/Res Mpw/Sek Sui Pinyuh,2 September 2023,"Pelaku mengambil 1 unit sepeda motor Yamaha NMAX milik korban yang sedang terparkir di Gg. Melati RT 10/RW 01, Peniraman, Kec. Sungai Pinyuh dengan menggunakan kunci T.",Pelaku mengambil unit sepeda motor Yamaha NMAX milik korban yang sedang terparkir di Gg Melati RT RW Peniraman Kec Sungai Pinyuh dengan menggunakan kunci T,pelaku mengambil unit sepeda motor yamaha nmax milik korban yang sedang terparkir di gg melati rt rw peniraman kec sungai pinyuh dengan menggunakan kunci t,pelaku mengambil unit sepeda motor yamaha nmax milik korban yang sedang terparkir di gang melati rukun tetangga rukun warga peniraman kecamatan sungai pinyuh dengan menggunakan kunci t,"['pelaku', 'mengambil', 'unit', 'sepeda', 'motor', 'yamaha', 'nmax', 'milik', 'korban', 'yang', 'sedang', 'terparkir', 'di', 'gang', 'melati', 'rukun', 'tetangga', 'rukun', 'warga', 'peniraman', 'kecamatan', 'sungai', 'pinyuh', 'dengan', 'menggunakan', 'kunci', 't']","['pelaku', 'mengambil', 'unit', 'sepeda', 'motor', 'yamaha', 'nmax', 'milik', 'korban', 'terparkir', 'gang', 'melati', 'rukun', 'tetangga', 'rukun', 'warga', 'peniraman', 'kecamatan', 'sungai', 'pinyuh', 'kunci']","['pelaku', 'ambil', 'unit', 'sepeda', 'motor', 'yamaha', 'nmax', 'milik', 'korban', 'parkir', 'gang', 'melati', 'rukun', 'tetangga', 'rukun', 'warga', 'tiram', 'camat', 'sungai', 'pinyuh', 'kunci']",pelaku ambil unit sepeda motor yamaha nmax milik korban parkir gang melati rukun tetangga rukun warga tiram camat sungai pinyuh kunci
LP/B/148/IX/2023/Kalbar/Res Mpw/Sek Sui Pinyuh,3 September 2023,Pelaku melakukan penganiayaan terhadap korban setelah terjadi kesalahpahaman di jalan raya akibat senggolan kendaraan. Pelaku turun dari kendaraan dan langsung memukul korban.,Pelaku melakukan penganiayaan terhadap korban setelah terjadi kesalahpahaman di jalan raya akibat senggolan kendaraan Pelaku turun dari kendaraan dan langsung memukul korban,pelaku melakukan penganiayaan terhadap korban setelah terjadi kesalahpahaman di jalan raya akibat senggolan kendaraan pelaku turun dari kendaraan dan langsung memukul korban,pelaku melakukan penganiayaan terhadap korban setelah terjadi kesalahpahaman di jalan raya akibat senggolan kendaraan pelaku turun dari kendaraan dan langsung memukul korban,"['pelaku', 'melakukan', 'penganiayaan', 'terhadap', 'korban', 'setelah', 'terjadi', 'kesalahpahaman', 'di', 'jalan', 'raya', 'akibat', 'senggolan', 'kendaraan', 'pelaku', 'turun', 'dari', 'kendaraan', 'dan', 'langsung', 'memukul', 'korban']","['pelaku', 'penganiayaan', 'korban', 'kesalahpahaman', 'jalan', 'raya', 'akibat', 'senggolan', 'kendaraan', 'pelaku', 'turun', 'kendaraan', 'langsung', 'memukul', 'korban']","['pelaku', 'aniaya', 'korban', 'kesalahpahaman', 'jalan', 'raya', 'akibat', 'senggol', 'kendara', 'pelaku', 'turun', 'kendara', 'langsung', 'pukul', 'korban']",pelaku aniaya korban kesalahpahaman jalan raya akibat senggol kendara pelaku turun kendara langsung pukul korban
LP/B/149/IX/2023/Kalbar/Res Mpw/Sek Sui Pinyuh,5 September 2023,"Petugas mendapatkan informasi masyarakat bahwa di Jl. Tani RT 15/RW 05, Sungai Rasau, Kec. Sungai Pinyuh sering terjadi transaksi narkoba, saat digeledah ditemukan timbangan digital di saku celana pelaku.",Petugas mendapatkan informasi masyarakat bahwa di Jl Tani RT RW Sungai Rasau Kec Sungai Pinyuh sering terjadi transaksi narkoba saat digeledah ditemukan timbangan digital di saku celana pelaku,petugas mendapatkan informasi masyarakat bahwa di jl tani rt rw sungai rasau kec sungai pinyuh sering terjadi transaksi narkoba saat digeledah ditemukan timbangan digital di saku celana pelaku,petugas mendapatkan informasi masyarakat bahwa di jalan tani rukun tetangga rukun warga sungai rasau kecamatan sungai pinyuh sering terjadi transaksi narkoba saat digeledah ditemukan timbangan digital di saku celana pelaku,"['petugas', 'mendapatkan', 'informasi', 'masyarakat', 'bahwa', 'di', 'jalan', 'tani', 'rukun', 'tetangga', 'rukun', 'warga', 'sungai', 'rasau', 'kecamatan', 'sungai', 'pinyuh', 'sering', 'terjadi', 'transaksi', 'narkoba', 'saat', 'digeledah', 'ditemukan', 'timbangan', 'digital', 'di', 'saku', 'celana', 'pelaku']","['petugas', 'informasi', 'masyarakat', 'jalan', 'tani', 'rukun', 'tetangga', 'rukun', 'warga', 'sungai', 'rasau', 'kecamatan', 'sungai', 'pinyuh', 'transaksi', 'narkoba', 'digeledah', 'ditemukan', 'timbangan', 'digital', 'saku', 'celana', 'pelaku']","['petugas', 'informasi', 'masyarakat', 'jalan', 'tani', 'rukun', 'tetangga', 'rukun', 'warga', 'sungai', 'rasau', 'camat', 'sungai', 'pinyuh', 'transaksi', 'narkoba', 'geledah', 'temu', 'timbang', 'digital', 'saku', 'celana', 'pelaku']",petugas informasi masyarakat jalan tani rukun tetangga rukun warga sungai rasau camat sungai pinyuh transaksi narkoba geledah temu timbang digital saku celana pelaku
LP/B/151/IX/2023/Kalbar/Res Mpw/Sek Sui Pinyuh,8 September 2023,"Pelaku masuk ke dalam rumah korban dengan cara mencongkel jendela samping menggunakan obeng, kemudian mengambil dompet berisi uang dan surat-surat.",Pelaku masuk ke dalam rumah korban dengan cara mencongkel jendela samping menggunakan obeng kemudian mengambil dompet berisi uang dan surat surat,pelaku masuk ke dalam rumah korban dengan cara mencongkel jendela samping menggunakan obeng kemudian mengambil dompet berisi uang dan surat surat,pelaku masuk ke dalam rumah korban dengan cara mencongkel jendela samping menggunakan obeng kemudian mengambil dompet berisi uang dan surat surat,"['pelaku', 'masuk', 'ke', 'dalam', 'rumah', 'korban', 'dengan', 'cara', 'mencongkel', 'jendela', 'samping', 'menggunakan', 'obeng', 'kemudian', 'mengambil', 'dompet', 'berisi', 'uang', 'dan', 'surat', 'surat']","['pelaku', 'masuk', 'rumah', 'korban', 'mencongkel', 'jendela', 'samping', 'obeng', 'mengambil', 'dompet', 'berisi', 'uang', 'surat', 'surat']","['pelaku', 'masuk', 'rumah', 'korban', 'congkel', 'jendela', 'samping', 'obeng', 'ambil', 'dompet', 'isi', 'uang', 'surat', 'surat']",pelaku masuk rumah korban congkel jendela samping obeng ambil dompet isi uang surat surat
LP/B/152/IX/2023/Kalbar/Res Mpw/Sek Sui Pinyuh,9 September 2023,"Pelaku memesan sepeda motor dalam jumlah banyak dengan pembayaran tempo, namun setelah barang diterima, pelaku menghilang.",Pelaku memesan sepeda motor dalam jumlah banyak dengan pembayaran tempo namun setelah barang diterima pelaku menghilang,pelaku memesan sepeda motor dalam jumlah banyak dengan pembayaran tempo namun setelah barang diterima pelaku menghilang,pelaku memesan sepeda motor dalam jumlah banyak dengan pembayaran tempo namun setelah barang diterima pelaku menghilang,"['pelaku', 'memesan', 'sepeda', 'motor', 'dalam', 'jumlah', 'banyak', 'dengan', 'pembayaran', 'tempo', 'namun', 'setelah', 'barang', 'diterima', 'pelaku', 'menghilang']","['pelaku', 'memesan', 'sepeda', 'motor', 'pembayaran', 'tempo', 'barang', 'diterima', 'pelaku', 'menghilang']","['pelaku', 'mes', 'sepeda', 'motor', 'bayar', 'tempo', 'barang', 'terima', 'pelaku', 'hilang']",pelaku mes sepeda motor bayar tempo barang terima pelaku hilang
LP/B/154/IX/2023/Kalbar/Res Mpw/Sek Sui Pinyuh,13 September 2023,Pelaku mengambil secara paksa cicin liontin dan sepeda motor milik korban,Pelaku mengambil secara paksa cicin liontin dan sepeda motor milik korban,pelaku mengambil secara paksa cicin liontin dan sepeda motor milik korban,pelaku mengambil secara paksa cicin liontin dan sepeda motor milik korban,"['pelaku', 'mengambil', 'secara', 'paksa', 'cicin', 'liontin', 'dan', 'sepeda', 'motor', 'milik', 'korban']","['pelaku', 'mengambil', 'paksa', 'cicin', 'liontin', 'sepeda', 'motor', 'milik', 'korban']","['pelaku', 'ambil', 'paksa', 'cicin', 'liontin', 'sepeda', 'motor', 'milik', 'korban']",pelaku ambil paksa cicin liontin sepeda motor milik korban
LP/B/156/IX/2023/Kalbar/Res Mpw/Sek Sui Pinyuh,15 September 2023,Pelaku melakukan penganiayaan dengan cara mencakar muka korban,Pelaku melakukan penganiayaan dengan cara mencakar muka korban,pelaku melakukan penganiayaan dengan cara mencakar muka korban,pelaku melakukan penganiayaan dengan cara mencakar muka korban,"['pelaku', 'melakukan', 'penganiayaan', 'dengan', 'cara', 'mencakar', 'muka', 'korban']","['pelaku', 'penganiayaan', 'mencakar', 'muka', 'korban']","['pelaku', 'aniaya', 'cakar', 'muka', 'korban']",pelaku aniaya cakar muka korban
LP/B/158/IX/2023/Kalbar/Res Mpw/Sek Sui Pinyuh,23 September 2023,"Pelaku melakukan pencurian dengan pemberatan, merusak pintu ruko dan mengambil uang tunai Rp 5.000.000.",Pelaku melakukan pencurian dengan pemberatan merusak pintu ruko dan mengambil uang tunai Rp,pelaku melakukan pencurian dengan pemberatan merusak pintu ruko dan mengambil uang tunai rp,pelaku melakukan pencurian dengan pemberatan merusak pintu ruko dan mengambil uang tunai rupiah,"['pelaku', 'melakukan', 'pencurian', 'dengan', 'pemberatan', 'merusak', 'pintu', 'ruko', 'dan', 'mengambil', 'uang', 'tunai', 'rupiah']","['pelaku', 'pencurian', 'pemberatan', 'merusak', 'pintu', 'ruko', 'mengambil', 'uang', 'tunai', 'rupiah']","['pelaku', 'curi', 'berat', 'rusak', 'pintu', 'ruko', 'ambil', 'uang', 'tunai', 'rupiah']",pelaku curi berat rusak pintu ruko ambil uang tunai rupiah
LP/B/160/IX/2023/Kalbar/Res Mpw/Sek Sui Pinyuh,25 September 2023,Pelaku masuk melalui pintu belakang yang tidak terkunci dan mengambil 1 unit HP Samsung Galaxy.,Pelaku masuk melalui pintu belakang yang tidak terkunci dan mengambil unit HP Samsung Galaxy,pelaku masuk melalui pintu belakang yang tidak terkunci dan mengambil unit hp samsung galaxy,pelaku masuk melalui pintu belakang yang tidak terkunci dan mengambil unit handphone samsung galaxy,"['pelaku', 'masuk', 'melalui', 'pintu', 'belakang', 'yang', 'tidak', 'terkunci', 'dan', 'mengambil', 'unit', 'handphone', 'samsung', 'galaxy']","['pelaku', 'masuk', 'pintu', 'terkunci', 'mengambil', 'unit', 'handphone', 'samsung', 'galaxy']","['pelaku', 'masuk', 'pintu', 'kunci', 'ambil', 'unit', 'handphone', 'samsung', 'galaxy']",pelaku masuk pintu kunci ambil unit handphone samsung galaxy
LP/B/161/X/2023/Kalbar/Res Mpw/Sek Sui Pinyuh,2 Oktober 2023,"Pelaku memesan barang elektronik dalam jumlah banyak dengan pembayaran tempo, namun setelah barang diterima, pelaku menghilang.",Pelaku memesan barang elektronik dalam jumlah banyak dengan pembayaran tempo namun setelah barang diterima pelaku menghilang,pelaku memesan barang elektronik dalam jumlah banyak dengan pembayaran tempo namun setelah barang diterima pelaku menghilang,pelaku memesan barang elektronik dalam jumlah banyak dengan pembayaran tempo namun setelah barang diterima pelaku menghilang,"['pelaku', 'memesan', 'barang', 'elektronik', 'dalam', 'jumlah', 'banyak', 'dengan', 'pembayaran', 'tempo', 'namun', 'setelah', 'barang', 'diterima', 'pelaku', 'menghilang']","['pelaku', 'memesan', 'barang', 'elektronik', 'pembayaran', 'tempo', 'barang', 'diterima', 'pelaku', 'menghilang']","['pelaku', 'mes', 'barang', 'elektronik', 'bayar', 'tempo', 'barang', 'terima', 'pelaku', 'hilang']",pelaku mes barang elektronik bayar tempo barang terima pelaku hilang
LP/B/166/X/2023/Kalbar/Res Mpw/Sek Sui Pinyuh,8 Oktober 2023,Pelaku merusak gembok gudang dan mengambil 1 unit Laptop ASUS.,Pelaku merusak gembok gudang dan mengambil unit Laptop ASUS,pelaku merusak gembok gudang dan mengambil unit laptop asus,pelaku merusak gembok gudang dan mengambil unit laptop asus,"['pelaku', 'merusak', 'gembok', 'gudang', 'dan', 'mengambil', 'unit', 'laptop', 'asus']","['pelaku', 'merusak', 'gembok', 'gudang', 'mengambil', 'unit', 'laptop', 'asus']","['pelaku', 'rusak', 'gembok', 'gudang', 'ambil', 'unit', 'laptop', 'asus']",pelaku rusak gembok gudang ambil unit laptop asus
LP/B/168/X/2023/Kalbar/Res Mpw/Sek Sui Pinyuh,17 Oktober 2023,Pelaku menggadaikan tanah kavling yang ternyata bukan miliknya kepada korban.,Pelaku menggadaikan tanah kavling yang ternyata bukan miliknya kepada korban,pelaku menggadaikan tanah kavling yang ternyata bukan miliknya kepada korban,pelaku menggadaikan tanah kavling yang ternyata bukan miliknya kepada korban,"['pelaku', 'menggadaikan', 'tanah', 'kavling', 'yang', 'ternyata', 'bukan', 'miliknya', 'kepada', 'korban']","['pelaku', 'menggadaikan', 'tanah', 'kavling', 'miliknya', 'korban']","['pelaku', 'gadai', 'tanah', 'kavling', 'milik', 'korban']",pelaku gadai tanah kavling milik korban
LP/B/170/X/2023/Kalbar/Res Mpw/Sek Sui Pinyuh,21 Oktober 2023,"Pelaku masuk ke dalam rumah korban dengan cara mencongkel jendela samping menggunakan obeng, kemudian mengambil 1 unit sepeda motor Yamaha NMAX.",Pelaku masuk ke dalam rumah korban dengan cara mencongkel jendela samping menggunakan obeng kemudian mengambil unit sepeda motor Yamaha NMAX,pelaku masuk ke dalam rumah korban dengan cara mencongkel jendela samping menggunakan obeng kemudian mengambil unit sepeda motor yamaha nmax,pelaku masuk ke dalam rumah korban dengan cara mencongkel jendela samping menggunakan obeng kemudian mengambil unit sepeda motor yamaha nmax,"['pelaku', 'masuk', 'ke', 'dalam', 'rumah', 'korban', 'dengan', 'cara', 'mencongkel', 'jendela', 'samping', 'menggunakan', 'obeng', 'kemudian', 'mengambil', 'unit', 'sepeda', 'motor', 'yamaha', 'nmax']","['pelaku', 'masuk', 'rumah', 'korban', 'mencongkel', 'jendela', 'samping', 'obeng', 'mengambil', 'unit', 'sepeda', 'motor', 'yamaha', 'nmax']","['pelaku', 'masuk', 'rumah', 'korban', 'congkel', 'jendela', 'samping', 'obeng', 'ambil', 'unit', 'sepeda', 'motor', 'yamaha', 'nmax']",pelaku masuk rumah korban congkel jendela samping obeng ambil unit sepeda motor yamaha nmax
LP/B/172/X/2023/Kalbar/Res Mpw/Sek Sui Pinyuh,25 Oktober 2023,Pelaku mengambil 1 unit HP Samsung Galaxy yang diletakkan korban di dashboard motor saat korban berbelanja.,Pelaku mengambil unit HP Samsung Galaxy yang diletakkan korban di dashboard motor saat korban berbelanja,pelaku mengambil unit hp samsung galaxy yang diletakkan korban di dashboard motor saat korban berbelanja,pelaku mengambil unit handphone samsung galaxy yang diletakkan korban di dashboard motor saat korban berbelanja,"['pelaku', 'mengambil', 'unit', 'handphone', 'samsung', 'galaxy', 'yang', 'diletakkan', 'korban', 'di', 'dashboard', 'motor', 'saat', 'korban', 'berbelanja']","['pelaku', 'mengambil', 'unit', 'handphone', 'samsung', 'galaxy', 'diletakkan', 'korban', 'dashboard', 'motor', 'korban', 'berbelanja']","['pelaku', 'ambil', 'unit', 'handphone', 'samsung', 'galaxy', 'letak', 'korban', 'dashboard', 'motor', 'korban', 'belanja']",pelaku ambil unit handphone samsung galaxy letak korban dashboard motor korban belanja
LP/B/178/XI/2023/Kalbar/Res Mpw/Sek Sui Pinyuh,2 November 2023,"Pelaku berpura-pura bertamu kemudian saat korban lengah, pelaku mengambil 1 unit HP Samsung Galaxy yang ada di meja.",Pelaku berpura pura bertamu kemudian saat korban lengah pelaku mengambil unit HP Samsung Galaxy yang ada di meja,pelaku berpura pura bertamu kemudian saat korban lengah pelaku mengambil unit hp samsung galaxy yang ada di meja,pelaku berpura pura bertamu kemudian saat korban lengah pelaku mengambil unit handphone samsung galaxy yang ada di meja,"['pelaku', 'berpura', 'pura', 'bertamu', 'kemudian', 'saat', 'korban', 'lengah', 'pelaku', 'mengambil', 'unit', 'handphone', 'samsung', 'galaxy', 'yang', 'ada', 'di', 'meja']","['pelaku', 'berpura', 'pura', 'bertamu', 'korban', 'lengah', 'pelaku', 'mengambil', 'unit', 'handphone', 'samsung', 'galaxy', 'meja']","['pelaku', 'pura', 'pura', 'tamu', 'korban', 'lengah', 'pelaku', 'ambil', 'unit', 'handphone', 'samsung', 'galaxy', 'meja']",pelaku pura pura tamu korban lengah pelaku ambil unit handphone samsung galaxy meja
LP/B/181/XI/2023/Kalbar/Res Mpw/Sek Sui Pinyuh,10 November 2023,"Pelaku melakukan pencurian dengan pemberatan, merusak pintu ruko dan mengambil perhiasan emas seberat 10 gram.",Pelaku melakukan pencurian dengan pemberatan merusak pintu ruko dan mengambil perhiasan emas seberat gram,pelaku melakukan pencurian dengan pemberatan merusak pintu ruko dan mengambil perhiasan emas seberat gram,pelaku melakukan pencurian dengan pemberatan merusak pintu ruko dan mengambil perhiasan emas seberat gram,"['pelaku', 'melakukan', 'pencurian', 'dengan', 'pemberatan', 'merusak', 'pintu', 'ruko', 'dan', 'mengambil', 'perhiasan', 'emas', 'seberat', 'gram']","['pelaku', 'pencurian', 'pemberatan', 'merusak', 'pintu', 'ruko', 'mengambil', 'perhiasan', 'emas', 'seberat', 'gram']","['pelaku', 'curi', 'berat', 'rusak', 'pintu', 'ruko', 'ambil', 'hias', 'emas', 'berat', 'gram']",pelaku curi berat rusak pintu ruko ambil hias emas berat gram
LP/B/188/XI/2023/Kalbar/Res Mpw/Sek Sui Pinyuh,21 November 2023,Terjadi penganiayaan di sebuah warung kopi setelah pelaku tersinggung karena merasa diejek oleh korban di depan teman-temannya. Adu mulut yang awalnya ringan berubah menjadi perkelahian. Pelaku memukul korban menggunakan tangan kosong hingga korban mengalami luka lebam di bagian wajah dan harus mendapatkan perawatan medis.,Terjadi penganiayaan di sebuah warung kopi setelah pelaku tersinggung karena merasa diejek oleh korban di depan teman temannya Adu mulut yang awalnya ringan berubah menjadi perkelahian Pelaku memukul korban menggunakan tangan kosong hingga korban mengalami luka lebam di bagian wajah dan harus mendapatkan perawatan medis,terjadi penganiayaan di sebuah warung kopi setelah pelaku tersinggung karena merasa diejek oleh korban di depan teman temannya adu mulut yang awalnya ringan berubah menjadi perkelahian pelaku memukul korban menggunakan tangan kosong hingga korban mengalami luka lebam di bagian wajah dan harus mendapatkan perawatan medis,terjadi penganiayaan di sebuah warung kopi setelah pelaku tersinggung karena merasa diejek oleh korban di depan teman temannya adu mulut yang awalnya ringan berubah menjadi perkelahian pelaku memukul korban menggunakan tangan kosong hingga korban mengalami luka lebam di bagian wajah dan harus mendapatkan perawatan medis,"['terjadi', 'penganiayaan', 'di', 'sebuah', 'warung', 'kopi', 'setelah', 'pelaku', 'tersinggung', 'karena', 'merasa', 'diejek', 'oleh', 'korban', 'di', 'depan', 'teman', 'temannya', 'adu', 'mulut', 'yang', 'awalnya', 'ringan', 'berubah', 'menjadi', 'perkelahian', 'pelaku', 'memukul', 'korban', 'menggunakan', 'tangan', 'kosong', 'hingga', 'korban', 'mengalami', 'luka', 'lebam', 'di', 'bagian', 'wajah', 'dan', 'harus', 'mendapatkan', 'perawatan', 'medis']","['penganiayaan', 'warung', 'kopi', 'pelaku', 'tersinggung', 'diejek', 'korban', 'teman', 'temannya', 'adu', 'mulut', 'ringan', 'berubah', 'perkelahian', 'pelaku', 'memukul', 'korban', 'tangan', 'kosong', 'korban', 'mengalami', 'luka', 'lebam', 'wajah', 'perawatan', 'medis']","['aniaya', 'warung', 'kopi', 'pelaku', 'singgung', 'ejek', 'korban', 'teman', 'teman', 'adu', 'mulut', 'ringan', 'ubah', 'kelahi', 'pelaku', 'pukul', 'korban', 'tangan', 'kosong', 'korban', 'alami', 'luka', 'lebam', 'wajah', 'awat', 'medis']",aniaya warung kopi pelaku singgung ejek korban teman teman adu mulut ringan ubah kelahi pelaku pukul korban tangan kosong korban alami luka lebam wajah awat medis
LP/B/199/XII/2023/Kalbar/Res Mpw/Sek Sui Pinyuh,13 Desember 2023,"Saat dilakukan penggerebekan di sebuah rumah kontrakan di Jl. Tani, Desa/Kel. Sungai Pinyuh, Kec. Sungai Pinyuh, Kab. Mempawah, ditemukan alat hisap sabu dan plastik klip berisi kristal putih.",Saat dilakukan penggerebekan di sebuah rumah kontrakan di Jl Tani Desa Kel Sungai Pinyuh Kec Sungai Pinyuh Kab Mempawah ditemukan alat hisap sabu dan plastik klip berisi kristal putih,saat dilakukan penggerebekan di sebuah rumah kontrakan di jl tani desa kel sungai pinyuh kec sungai pinyuh kab mempawah ditemukan alat hisap sabu dan plastik klip berisi kristal putih,saat dilakukan penggerebekan di sebuah rumah kontrakan di jalan tani desa keluarga sungai pinyuh kecamatan sungai pinyuh kabupaten mempawah ditemukan alat hisap sabu dan plastik klip berisi kristal putih,"['saat', 'dilakukan', 'penggerebekan', 'di', 'sebuah', 'rumah', 'kontrakan', 'di', 'jalan', 'tani', 'desa', 'keluarga', 'sungai', 'pinyuh', 'kecamatan', 'sungai', 'pinyuh', 'kabupaten', 'mempawah', 'ditemukan', 'alat', 'hisap', 'sabu', 'dan', 'plastik', 'klip', 'berisi', 'kristal', 'putih']","['penggerebekan', 'rumah', 'kontrakan', 'jalan', 'tani', 'desa', 'keluarga', 'sungai', 'pinyuh', 'kecamatan', 'sungai', 'pinyuh', 'kabupaten', 'mempawah', 'ditemukan', 'alat', 'hisap', 'sabu', 'plastik', 'klip', 'berisi', 'kristal', 'putih']","['gerebek', 'rumah', 'kontra', 'jalan', 'tani', 'desa', 'keluarga', 'sungai', 'pinyuh', 'camat', 'sungai', 'pinyuh', 'kabupaten', 'mempawah', 'temu', 'alat', 'hisap', 'sabu', 'plastik', 'klip', 'isi', 'kristal', 'putih']",gerebek rumah kontra jalan tani desa keluarga sungai pinyuh camat sungai pinyuh kabupaten mempawah temu alat hisap sabu plastik klip isi kristal putih
LP/B/203/XII/2023/Kalbar/Res Mpw/Sek Sui Pinyuh,21 Desember 2023,"Pelaku (Lidik) masuk ke dalam rumah dengan cara mencongkel jendela samping menggunakan obeng, lalu mengambil 1 unit Laptop Acer di ruang tamu.",Pelaku Lidik masuk ke dalam rumah dengan cara mencongkel jendela samping menggunakan obeng lalu mengambil unit Laptop Acer di ruang tamu,pelaku lidik masuk ke dalam rumah dengan cara mencongkel jendela samping menggunakan obeng lalu mengambil unit laptop acer di ruang tamu,pelaku lidik masuk ke dalam rumah dengan cara mencongkel jendela samping menggunakan obeng lalu mengambil unit laptop acer di ruang tamu,"['pelaku', 'lidik', 'masuk', 'ke', 'dalam', 'rumah', 'dengan', 'cara', 'mencongkel', 'jendela', 'samping', 'menggunakan', 'obeng', 'lalu', 'mengambil', 'unit', 'laptop', 'acer', 'di', 'ruang', 'tamu']","['pelaku', 'lidik', 'masuk', 'rumah', 'mencongkel', 'jendela', 'samping', 'obeng', 'mengambil', 'unit', 'laptop', 'acer', 'ruang', 'tamu']","['pelaku', 'lidik', 'masuk', 'rumah', 'congkel', 'jendela', 'samping', 'obeng', 'ambil', 'unit', 'laptop', 'acer', 'ruang', 'tamu']",pelaku lidik masuk rumah congkel jendela samping obeng ambil unit laptop acer ruang tamu
LP/B/204/XII/2023/Kalbar/Res Mpw/Sek Sui Pinyuh,24 Desember 2023,Pelaku mengambil Perhiasan emas seberat 3 gram milik korban yang tersimpan di dalam rumah.,Pelaku mengambil Perhiasan emas seberat gram milik korban yang tersimpan di dalam rumah,pelaku mengambil perhiasan emas seberat gram milik korban yang tersimpan di dalam rumah,pelaku mengambil perhiasan emas seberat gram milik korban yang tersimpan di dalam rumah,"['pelaku', 'mengambil', 'perhiasan', 'emas', 'seberat', 'gram', 'milik', 'korban', 'yang', 'tersimpan', 'di', 'dalam', 'rumah']","['pelaku', 'mengambil', 'perhiasan', 'emas', 'seberat', 'gram', 'milik', 'korban', 'tersimpan', 'rumah']","['pelaku', 'ambil', 'hias', 'emas', 'berat', 'gram', 'milik', 'korban', 'simpan', 'rumah']",pelaku ambil hias emas berat gram milik korban simpan rumah
LP/B/02/I/2024/Kalbar/Res Mpw/Sek Sui Pinyuh,6 Januari 2024,Terjadi tindak pidana penganiayaan yang dilakukan oleh terlapor dengan cara menendang bagian kepala pelapor karena selisih paham.,Terjadi tindak pidana penganiayaan yang dilakukan oleh terlapor dengan cara menendang bagian kepala pelapor karena selisih paham,terjadi tindak pidana penganiayaan yang dilakukan oleh terlapor dengan cara menendang bagian kepala pelapor karena selisih paham,terjadi tindak pidana penganiayaan yang dilakukan oleh terlapor dengan cara menendang bagian kepala pelapor karena selisih paham,"['terjadi', 'tindak', 'pidana', 'penganiayaan', 'yang', 'dilakukan', 'oleh', 'terlapor', 'dengan', 'cara', 'menendang', 'bagian', 'kepala', 'pelapor', 'karena', 'selisih', 'paham']","['tindak', 'pidana', 'penganiayaan', 'terlapor', 'menendang', 'kepala', 'pelapor', 'selisih', 'paham']","['tindak', 'pidana', 'aniaya', 'terlapor', 'tendang', 'kepala', 'lapor', 'selisih', 'paham']",tindak pidana aniaya terlapor tendang kepala lapor selisih paham
LP/B/03/I/2024/Kalbar/Res Mpw/Sek Sui Pinyuh,7 Januari 2024,"seseorang yang tidak dikenal masuk ke dalam rumah dengan cara mencongkel jendela saat rumah dalam keadaan kosong, kemudian mengambil tanpa izin laptop merk Asus.",seseorang yang tidak dikenal masuk ke dalam rumah dengan cara mencongkel jendela saat rumah dalam keadaan kosong kemudian mengambil tanpa izin laptop merk Asus,seseorang yang tidak dikenal masuk ke dalam rumah dengan cara mencongkel jendela saat rumah dalam keadaan kosong kemudian mengambil tanpa izin laptop merk asus,seseorang yang tidak dikenal masuk ke dalam rumah dengan cara mencongkel jendela saat rumah dalam keadaan kosong kemudian mengambil tanpa izin laptop merk asus,"['seseorang', 'yang', 'tidak', 'dikenal', 'masuk', 'ke', 'dalam', 'rumah', 'dengan', 'cara', 'mencongkel', 'jendela', 'saat', 'rumah', 'dalam', 'keadaan', 'kosong', 'kemudian', 'mengambil', 'tanpa', 'izin', 'laptop', 'merk', 'asus']","['dikenal', 'masuk', 'rumah', 'mencongkel', 'jendela', 'rumah', 'kosong', 'mengambil', 'izin', 'laptop', 'merk', 'asus']","['kenal', 'masuk', 'rumah', 'congkel', 'jendela', 'rumah', 'kosong', 'ambil', 'izin', 'laptop', 'merk', 'asus']",kenal masuk rumah congkel jendela rumah kosong ambil izin laptop merk asus
LP/B/04/I/2024/Kalbar/Res Mpw/Sek Sui Pinyuh,8 Januari 2024,Pelapor terkejut melihat pagar rumah miliknya rusak akibat ulah seseorang yang tidak dikenal yang merusak memakai kayu.,Pelapor terkejut melihat pagar rumah miliknya rusak akibat ulah seseorang yang tidak dikenal yang merusak memakai kayu,pelapor terkejut melihat pagar rumah miliknya rusak akibat ulah seseorang yang tidak dikenal yang merusak memakai kayu,pelapor terkejut melihat pagar rumah miliknya rusak akibat ulah seseorang yang tidak dikenal yang merusak memakai kayu,"['pelapor', 'terkejut', 'melihat', 'pagar', 'rumah', 'miliknya', 'rusak', 'akibat', 'ulah', 'seseorang', 'yang', 'tidak', 'dikenal', 'yang', 'merusak', 'memakai', 'kayu']","['pelapor', 'terkejut', 'pagar', 'rumah', 'miliknya', 'rusak', 'akibat', 'ulah', 'dikenal', 'merusak', 'memakai', 'kayu']","['lapor', 'kejut', 'pagar', 'rumah', 'milik', 'rusak', 'akibat', 'ulah', 'kenal', 'rusak', 'pakai', 'kayu']",lapor kejut pagar rumah milik rusak akibat ulah kenal rusak pakai kayu
LP/B/06/I/2024/Kalbar/Res Mpw/Sek Sui Pinyuh,12 Januari 2024,"Berawal dari adu mulut, oknum pelaku emosi lalu menonjok tangan korban menggunakan tangan kosong setelah cekcok mulut.",Berawal dari adu mulut oknum pelaku emosi lalu menonjok tangan korban menggunakan tangan kosong setelah cekcok mulut,berawal dari adu mulut oknum pelaku emosi lalu menonjok tangan korban menggunakan tangan kosong setelah cekcok mulut,berawal dari adu mulut oknum pelaku emosi lalu menonjok tangan korban menggunakan tangan kosong setelah cekcok mulut,"['berawal', 'dari', 'adu', 'mulut', 'oknum', 'pelaku', 'emosi', 'lalu', 'menonjok', 'tangan', 'korban', 'menggunakan', 'tangan', 'kosong', 'setelah', 'cekcok', 'mulut']","['adu', 'mulut', 'oknum', 'pelaku', 'emosi', 'menonjok', 'tangan', 'korban', 'tangan', 'kosong', 'cekcok', 'mulut']","['adu', 'mulut', 'oknum', 'pelaku', 'emosi', 'tonjok', 'tangan', 'korban', 'tangan', 'kosong', 'cekcok', 'mulut']",adu mulut oknum pelaku emosi tonjok tangan korban tangan kosong cekcok mulut
LP/B/07/I/2024/Kalbar/Res Mpw/Sek Sui Pinyuh,17 Januari 2024,"Kronologis kejadian bermula saat malam hari, terlapor (lidik) merusak kunci pintu memakai linggis, lalu menggasak sepeda motor merk Yamaha Mio milik korban.",Kronologis kejadian bermula saat malam hari terlapor lidik merusak kunci pintu memakai linggis lalu menggasak sepeda motor merk Yamaha Mio milik korban,kronologis kejadian bermula saat malam hari terlapor lidik merusak kunci pintu memakai linggis lalu menggasak sepeda motor merk yamaha mio milik korban,kronologis kejadian bermula saat malam hari terlapor lidik merusak kunci pintu memakai linggis lalu menggasak sepeda motor merk yamaha mio milik korban,"['kronologis', 'kejadian', 'bermula', 'saat', 'malam', 'hari', 'terlapor', 'lidik', 'merusak', 'kunci', 'pintu', 'memakai', 'linggis', 'lalu', 'menggasak', 'sepeda', 'motor', 'merk', 'yamaha', 'mio', 'milik', 'korban']","['kronologis', 'kejadian', 'malam', 'terlapor', 'lidik', 'merusak', 'kunci', 'pintu', 'memakai', 'linggis', 'menggasak', 'sepeda', 'motor', 'merk', 'yamaha', 'mio', 'milik', 'korban']","['kronologis', 'jadi', 'malam', 'terlapor', 'lidik', 'rusak', 'kunci', 'pintu', 'pakai', 'linggis', 'gasak', 'sepeda', 'motor', 'merk', 'yamaha', 'mio', 'milik', 'korban']",kronologis jadi malam terlapor lidik rusak kunci pintu pakai linggis gasak sepeda motor merk yamaha mio milik korban
LP/B/08/I/2024/Kalbar/Res Mpw/Sek Sui Pinyuh,19 Januari 2024,Pelapor terkejut melihat kaca mobil miliknya rusak akibat ulah seseorang yang tidak dikenal yang merusak menggunakan batu.,Pelapor terkejut melihat kaca mobil miliknya rusak akibat ulah seseorang yang tidak dikenal yang merusak menggunakan batu,pelapor terkejut melihat kaca mobil miliknya rusak akibat ulah seseorang yang tidak dikenal yang merusak menggunakan batu,pelapor terkejut melihat kaca mobil miliknya rusak akibat ulah seseorang yang tidak dikenal yang merusak menggunakan batu,"['pelapor', 'terkejut', 'melihat', 'kaca', 'mobil', 'miliknya', 'rusak', 'akibat', 'ulah', 'seseorang', 'yang', 'tidak', 'dikenal', 'yang', 'merusak', 'menggunakan', 'batu']","['pelapor', 'terkejut', 'kaca', 'mobil', 'miliknya', 'rusak', 'akibat', 'ulah', 'dikenal', 'merusak', 'batu']","['lapor', 'kejut', 'kaca', 'mobil', 'milik', 'rusak', 'akibat', 'ulah', 'kenal', 'rusak', 'batu']",lapor kejut kaca mobil milik rusak akibat ulah kenal rusak batu
LP/B/09/I/2024/Kalbar/Res Mpw/Sek Sui Pinyuh,20 Januari 2024,Pelaku diamankan karena petugas karena memiliki narkotika jenis sabu seberat 1.28 gram ,Pelaku diamankan karena petugas karena memiliki narkotika jenis sabu seberat gram,pelaku diamankan karena petugas karena memiliki narkotika jenis sabu seberat gram,pelaku diamankan karena petugas karena memiliki narkotika jenis sabu seberat gram,"['pelaku', 'diamankan', 'karena', 'petugas', 'karena', 'memiliki', 'narkotika', 'jenis', 'sabu', 'seberat', 'gram']","['pelaku', 'diamankan', 'petugas', 'memiliki', 'narkotika', 'jenis', 'sabu', 'seberat', 'gram']","['pelaku', 'aman', 'petugas', 'milik', 'narkotika', 'jenis', 'sabu', 'berat', 'gram']",pelaku aman petugas milik narkotika jenis sabu berat gram
LP/B/10/I/2024/Kalbar/Res Mpw/Sek Sui Pinyuh,21 Januari 2024,"Pelaku menawarkan jasa renovasi rumah dengan memberikan contoh foto proyek yang ternyata bukan hasil pekerjaannya. Korban membayar uang muka dalam jumlah besar, namun pekerjaan tidak pernah dimulai dan pelaku sulit dihubungi.",Pelaku menawarkan jasa renovasi rumah dengan memberikan contoh foto proyek yang ternyata bukan hasil pekerjaannya Korban membayar uang muka dalam jumlah besar namun pekerjaan tidak pernah dimulai dan pelaku sulit dihubungi,pelaku menawarkan jasa renovasi rumah dengan memberikan contoh foto proyek yang ternyata bukan hasil pekerjaannya korban membayar uang muka dalam jumlah besar namun pekerjaan tidak pernah dimulai dan pelaku sulit dihubungi,pelaku menawarkan jasa renovasi rumah dengan memberikan contoh foto proyek yang ternyata bukan hasil pekerjaannya korban membayar uang muka dalam jumlah besar namun pekerjaan tidak pernah dimulai dan pelaku sulit dihubungi,"['pelaku', 'menawarkan', 'jasa', 'renovasi', 'rumah', 'dengan', 'memberikan', 'contoh', 'foto', 'proyek', 'yang', 'ternyata', 'bukan', 'hasil', 'pekerjaannya', 'korban', 'membayar', 'uang', 'muka', 'dalam', 'jumlah', 'besar', 'namun', 'pekerjaan', 'tidak', 'pernah', 'dimulai', 'dan', 'pelaku', 'sulit', 'dihubungi']","['pelaku', 'menawarkan', 'jasa', 'renovasi', 'rumah', 'contoh', 'foto', 'proyek', 'hasil', 'pekerjaannya', 'korban', 'membayar', 'uang', 'muka', 'pekerjaan', 'pelaku', 'sulit', 'dihubungi']","['pelaku', 'tawar', 'jasa', 'renovasi', 'rumah', 'contoh', 'foto', 'proyek', 'hasil', 'kerja', 'korban', 'bayar', 'uang', 'muka', 'kerja', 'pelaku', 'sulit', 'hubung']",pelaku tawar jasa renovasi rumah contoh foto proyek hasil kerja korban bayar uang muka kerja pelaku sulit hubung
LP/B/11/I/2024/Kalbar/Res Mpw/Sek Sui Pinyuh,22 Januari 2024,Telah terjadi pencurian dimana seseorang yang tidak dikenal membawa lari uang tunai sebesar Rp 1.000.000 dengan cara merusak kunci pintu menggunakan tang besi ketika toko sudah tutup.,Telah terjadi pencurian dimana seseorang yang tidak dikenal membawa lari uang tunai sebesar Rp dengan cara merusak kunci pintu menggunakan tang besi ketika toko sudah tutup,telah terjadi pencurian dimana seseorang yang tidak dikenal membawa lari uang tunai sebesar rp dengan cara merusak kunci pintu menggunakan tang besi ketika toko sudah tutup,telah terjadi pencurian dimana seseorang yang tidak dikenal membawa lari uang tunai sebesar rupiah dengan cara merusak kunci pintu menggunakan tang besi ketika toko sudah tutup,"['telah', 'terjadi', 'pencurian', 'dimana', 'seseorang', 'yang', 'tidak', 'dikenal', 'membawa', 'lari', 'uang', 'tunai', 'sebesar', 'rupiah', 'dengan', 'cara', 'merusak', 'kunci', 'pintu', 'menggunakan', 'tang', 'besi', 'ketika', 'toko', 'sudah', 'tutup']","['pencurian', 'dimana', 'dikenal', 'membawa', 'lari', 'uang', 'tunai', 'rupiah', 'merusak', 'kunci', 'pintu', 'tang', 'besi', 'toko', 'tutup']","['curi', 'mana', 'kenal', 'bawa', 'lari', 'uang', 'tunai', 'rupiah', 'rusak', 'kunci', 'pintu', 'tang', 'besi', 'toko', 'tutup']",curi mana kenal bawa lari uang tunai rupiah rusak kunci pintu tang besi toko tutup
LP/B/12/I/2024/Kalbar/Res Mpw/Sek Sui Pinyuh,22 Januari 2024,"seseorang yang tidak dikenal menonjok wajah korban berkali-kali karena selisih paham, menyebabkan korban luka memar.",seseorang yang tidak dikenal menonjok wajah korban berkali kali karena selisih paham menyebabkan korban luka memar,seseorang yang tidak dikenal menonjok wajah korban berkali kali karena selisih paham menyebabkan korban luka memar,seseorang yang tidak dikenal menonjok wajah korban berkali kali karena selisih paham menyebabkan korban luka memar,"['seseorang', 'yang', 'tidak', 'dikenal', 'menonjok', 'wajah', 'korban', 'berkali', 'kali', 'karena', 'selisih', 'paham', 'menyebabkan', 'korban', 'luka', 'memar']","['dikenal', 'menonjok', 'wajah', 'korban', 'berkali', 'kali', 'selisih', 'paham', 'menyebabkan', 'korban', 'luka', 'memar']","['kenal', 'tonjok', 'wajah', 'korban', 'kali', 'kali', 'selisih', 'paham', 'sebab', 'korban', 'luka', 'memar']",kenal tonjok wajah korban kali kali selisih paham sebab korban luka memar
LP/B/13/I/2024/Kalbar/Res Mpw/Sek Sui Pinyuh,23 Januari 2024,"Saat situasi sedang sepi, tersangka masuk lewat pintu dapur yang tidak terkunci dengan tangan kosong, lalu mengambil tabung gas milik korban.",Saat situasi sedang sepi tersangka masuk lewat pintu dapur yang tidak terkunci dengan tangan kosong lalu mengambil tabung gas milik korban,saat situasi sedang sepi tersangka masuk lewat pintu dapur yang tidak terkunci dengan tangan kosong lalu mengambil tabung gas milik korban,saat situasi sedang sepi tersangka masuk lewat pintu dapur yang tidak terkunci dengan tangan kosong lalu mengambil tabung gas milik korban,"['saat', 'situasi', 'sedang', 'sepi', 'tersangka', 'masuk', 'lewat', 'pintu', 'dapur', 'yang', 'tidak', 'terkunci', 'dengan', 'tangan', 'kosong', 'lalu', 'mengambil', 'tabung', 'gas', 'milik', 'korban']","['situasi', 'sepi', 'tersangka', 'masuk', 'pintu', 'dapur', 'terkunci', 'tangan', 'kosong', 'mengambil', 'tabung', 'gas', 'milik', 'korban']","['situasi', 'sepi', 'tersangka', 'masuk', 'pintu', 'dapur', 'kunci', 'tangan', 'kosong', 'ambil', 'tabung', 'gas', 'milik', 'korban']",situasi sepi tersangka masuk pintu dapur kunci tangan kosong ambil tabung gas milik korban
LP/B/14/I/2024/Kalbar/Res Mpw/Sek Sui Pinyuh,24 Januari 2024,"tersangka menendang perut korban berkali-kali setelah cekcok mulut, menyebabkan korban luka memar.",tersangka menendang perut korban berkali kali setelah cekcok mulut menyebabkan korban luka memar,tersangka menendang perut korban berkali kali setelah cekcok mulut menyebabkan korban luka memar,tersangka menendang perut korban berkali kali setelah cekcok mulut menyebabkan korban luka memar,"['tersangka', 'menendang', 'perut', 'korban', 'berkali', 'kali', 'setelah', 'cekcok', 'mulut', 'menyebabkan', 'korban', 'luka', 'memar']","['tersangka', 'menendang', 'perut', 'korban', 'berkali', 'kali', 'cekcok', 'mulut', 'menyebabkan', 'korban', 'luka', 'memar']","['tersangka', 'tendang', 'perut', 'korban', 'kali', 'kali', 'cekcok', 'mulut', 'sebab', 'korban', 'luka', 'memar']",tersangka tendang perut korban kali kali cekcok mulut sebab korban luka memar
LP/B/15/I/2024/Kalbar/Res Mpw/Sek Sui Pinyuh,26 Januari 2024,"Mulanya korban sedang tidur, orang tak dikenal masuk lewat pintu dapur yang tidak terkunci memakai benda tumpul, lalu mengambil paksa sepeda motor merk Honda Beat milik korban.",Mulanya korban sedang tidur orang tak dikenal masuk lewat pintu dapur yang tidak terkunci memakai benda tumpul lalu mengambil paksa sepeda motor merk Honda Beat milik korban,mulanya korban sedang tidur orang tak dikenal masuk lewat pintu dapur yang tidak terkunci memakai benda tumpul lalu mengambil paksa sepeda motor merk honda beat milik korban,mulanya korban sedang tidur orang tak dikenal masuk lewat pintu dapur yang tidak terkunci memakai benda tumpul lalu mengambil paksa sepeda motor merk honda beat milik korban,"['mulanya', 'korban', 'sedang', 'tidur', 'orang', 'tak', 'dikenal', 'masuk', 'lewat', 'pintu', 'dapur', 'yang', 'tidak', 'terkunci', 'memakai', 'benda', 'tumpul', 'lalu', 'mengambil', 'paksa', 'sepeda', 'motor', 'merk', 'honda', 'beat', 'milik', 'korban']","['korban', 'tidur', 'orang', 'dikenal', 'masuk', 'pintu', 'dapur', 'terkunci', 'memakai', 'benda', 'tumpul', 'mengambil', 'paksa', 'sepeda', 'motor', 'merk', 'honda', 'beat', 'milik', 'korban']","['korban', 'tidur', 'orang', 'kenal', 'masuk', 'pintu', 'dapur', 'kunci', 'pakai', 'benda', 'tumpul', 'ambil', 'paksa', 'sepeda', 'motor', 'merk', 'honda', 'beat', 'milik', 'korban']",korban tidur orang kenal masuk pintu dapur kunci pakai benda tumpul ambil paksa sepeda motor merk honda beat milik korban
LP/B/16/I/2024/Kalbar/Res Mpw/Sek Sui Pinyuh,26 Januari 2024,Pelaku merusak kaca depan rumah korban dengan melempar batu pada malam hari karena merasa tersinggung setelah ditegur terkait kebisingan. Tindakan dilakukan dalam keadaan emosi sehingga menyebabkan kerusakan pada bagian jendela dan kusen rumah.,Pelaku merusak kaca depan rumah korban dengan melempar batu pada malam hari karena merasa tersinggung setelah ditegur terkait kebisingan Tindakan dilakukan dalam keadaan emosi sehingga menyebabkan kerusakan pada bagian jendela dan kusen rumah,pelaku merusak kaca depan rumah korban dengan melempar batu pada malam hari karena merasa tersinggung setelah ditegur terkait kebisingan tindakan dilakukan dalam keadaan emosi sehingga menyebabkan kerusakan pada bagian jendela dan kusen rumah,pelaku merusak kaca depan rumah korban dengan melempar batu pada malam hari karena merasa tersinggung setelah ditegur terkait kebisingan tindakan dilakukan dalam keadaan emosi sehingga menyebabkan kerusakan pada bagian jendela dan kusen rumah,"['pelaku', 'merusak', 'kaca', 'depan', 'rumah', 'korban', 'dengan', 'melempar', 'batu', 'pada', 'malam', 'hari', 'karena', 'merasa', 'tersinggung', 'setelah', 'ditegur', 'terkait', 'kebisingan', 'tindakan', 'dilakukan', 'dalam', 'keadaan', 'emosi', 'sehingga', 'menyebabkan', 'kerusakan', 'pada', 'bagian', 'jendela', 'dan', 'kusen', 'rumah']","['pelaku', 'merusak', 'kaca', 'rumah', 'korban', 'melempar', 'batu', 'malam', 'tersinggung', 'ditegur', 'terkait', 'kebisingan', 'tindakan', 'emosi', 'menyebabkan', 'kerusakan', 'jendela', 'kusen', 'rumah']","['pelaku', 'rusak', 'kaca', 'rumah', 'korban', 'lempar', 'batu', 'malam', 'singgung', 'tegur', 'kait', 'bising', 'tindak', 'emosi', 'sebab', 'rusa', 'jendela', 'kusen', 'rumah']",pelaku rusak kaca rumah korban lempar batu malam singgung tegur kait bising tindak emosi sebab rusa jendela kusen rumah
LP/B/17/I/2024/Kalbar/Res Mpw/Sek Sui Pinyuh,27 Januari 2024,"Saat malam hari, pelaku masuk lewat pintu dapur yang tidak terkunci dengan alat bantu kunci T, lalu mencuri perhiasan emas milik korban.",Saat malam hari pelaku masuk lewat pintu dapur yang tidak terkunci dengan alat bantu kunci T lalu mencuri perhiasan emas milik korban,saat malam hari pelaku masuk lewat pintu dapur yang tidak terkunci dengan alat bantu kunci t lalu mencuri perhiasan emas milik korban,saat malam hari pelaku masuk lewat pintu dapur yang tidak terkunci dengan alat bantu kunci t lalu mencuri perhiasan emas milik korban,"['saat', 'malam', 'hari', 'pelaku', 'masuk', 'lewat', 'pintu', 'dapur', 'yang', 'tidak', 'terkunci', 'dengan', 'alat', 'bantu', 'kunci', 't', 'lalu', 'mencuri', 'perhiasan', 'emas', 'milik', 'korban']","['malam', 'pelaku', 'masuk', 'pintu', 'dapur', 'terkunci', 'alat', 'bantu', 'kunci', 'mencuri', 'perhiasan', 'emas', 'milik', 'korban']","['malam', 'pelaku', 'masuk', 'pintu', 'dapur', 'kunci', 'alat', 'bantu', 'kunci', 'curi', 'hias', 'emas', 'milik', 'korban']",malam pelaku masuk pintu dapur kunci alat bantu kunci curi hias emas milik korban
LP/B/18/I/2024/Kalbar/Res Mpw/Sek Sui Pinyuh,28 Januari 2024,"Berdasarkan informasi warga, petugas mengamankan pelaku yang memiliki sabu 0.69 gram di dalam lemari kamar.",Berdasarkan informasi warga petugas mengamankan pelaku yang memiliki sabu gram di dalam lemari kamar,berdasarkan informasi warga petugas mengamankan pelaku yang memiliki sabu gram di dalam lemari kamar,berdasarkan informasi warga petugas mengamankan pelaku yang memiliki sabu gram di dalam lemari kamar,"['berdasarkan', 'informasi', 'warga', 'petugas', 'mengamankan', 'pelaku', 'yang', 'memiliki', 'sabu', 'gram', 'di', 'dalam', 'lemari', 'kamar']","['berdasarkan', 'informasi', 'warga', 'petugas', 'mengamankan', 'pelaku', 'memiliki', 'sabu', 'gram', 'lemari', 'kamar']","['dasar', 'informasi', 'warga', 'petugas', 'aman', 'pelaku', 'milik', 'sabu', 'gram', 'lemari', 'kamar']",dasar informasi warga petugas aman pelaku milik sabu gram lemari kamar
LP/B/19/I/2024/Kalbar/Res Mpw/Sek Sui Pinyuh,30 Januari 2024,Korban mengalami kerugian Rp 10.000.000 akibat ulah terlapor yang menggelapkan uang pura-pura meminjam uang.,Korban mengalami kerugian Rp akibat ulah terlapor yang menggelapkan uang pura pura meminjam uang,korban mengalami kerugian rp akibat ulah terlapor yang menggelapkan uang pura pura meminjam uang,korban mengalami kerugian rupiah akibat ulah terlapor yang menggelapkan uang pura pura meminjam uang,"['korban', 'mengalami', 'kerugian', 'rupiah', 'akibat', 'ulah', 'terlapor', 'yang', 'menggelapkan', 'uang', 'pura', 'pura', 'meminjam', 'uang']","['korban', 'mengalami', 'kerugian', 'rupiah', 'akibat', 'ulah', 'terlapor', 'menggelapkan', 'uang', 'pura', 'pura', 'meminjam', 'uang']","['korban', 'alami', 'rugi', 'rupiah', 'akibat', 'ulah', 'terlapor', 'gelap', 'uang', 'pura', 'pura', 'pinjam', 'uang']",korban alami rugi rupiah akibat ulah terlapor gelap uang pura pura pinjam uang
LP/B/20/I/2024/Kalbar/Res Mpw/Sek Sui Pinyuh,31 Januari 2024,Telah terjadi pencurian dimana terlapor menggasak 1 unit HP merk Samsung dengan cara membobol ventilasi memakai benda tumpul ketika korban sedang beristirahat.,Telah terjadi pencurian dimana terlapor menggasak unit HP merk Samsung dengan cara membobol ventilasi memakai benda tumpul ketika korban sedang beristirahat,telah terjadi pencurian dimana terlapor menggasak unit hp merk samsung dengan cara membobol ventilasi memakai benda tumpul ketika korban sedang beristirahat,telah terjadi pencurian dimana terlapor menggasak unit handphone merk samsung dengan cara membobol ventilasi memakai benda tumpul ketika korban sedang beristirahat,"['telah', 'terjadi', 'pencurian', 'dimana', 'terlapor', 'menggasak', 'unit', 'handphone', 'merk', 'samsung', 'dengan', 'cara', 'membobol', 'ventilasi', 'memakai', 'benda', 'tumpul', 'ketika', 'korban', 'sedang', 'beristirahat']","['pencurian', 'dimana', 'terlapor', 'menggasak', 'unit', 'handphone', 'merk', 'samsung', 'membobol', 'ventilasi', 'memakai', 'benda', 'tumpul', 'korban', 'beristirahat']","['curi', 'mana', 'terlapor', 'gasak', 'unit', 'handphone', 'merk', 'samsung', 'bobol', 'ventilasi', 'pakai', 'benda', 'tumpul', 'korban', 'istirahat']",curi mana terlapor gasak unit handphone merk samsung bobol ventilasi pakai benda tumpul korban istirahat
LP/B/21/I/2024/Kalbar/Res Mpw/Sek Sui Pinyuh,31 Januari 2024,"pelaku melakukan penipuan sebesar Rp 10.000.000 dengan menjanjikan pekerjaan, namun janji tersebut tidak ditepati.",pelaku melakukan penipuan sebesar Rp dengan menjanjikan pekerjaan namun janji tersebut tidak ditepati,pelaku melakukan penipuan sebesar rp dengan menjanjikan pekerjaan namun janji tersebut tidak ditepati,pelaku melakukan penipuan sebesar rupiah dengan menjanjikan pekerjaan namun janji tersebut tidak ditepati,"['pelaku', 'melakukan', 'penipuan', 'sebesar', 'rupiah', 'dengan', 'menjanjikan', 'pekerjaan', 'namun', 'janji', 'tersebut', 'tidak', 'ditepati']","['pelaku', 'penipuan', 'rupiah', 'menjanjikan', 'pekerjaan', 'janji', 'ditepati']","['pelaku', 'tipu', 'rupiah', 'janji', 'kerja', 'janji', 'tepat']",pelaku tipu rupiah janji kerja janji tepat
LP/B/22/II/2024/Kalbar/Res Mpw/Sek Sui Pinyuh,02 Februari 2024,"orang tak dikenal membawa kabur uang sebesar Rp 500.000 dengan modus penggandaan uang, namun janji tersebut tidak ditepati.",orang tak dikenal membawa kabur uang sebesar Rp dengan modus penggandaan uang namun janji tersebut tidak ditepati,orang tak dikenal membawa kabur uang sebesar rp dengan modus penggandaan uang namun janji tersebut tidak ditepati,orang tak dikenal membawa kabur uang sebesar rupiah dengan modus penggandaan uang namun janji tersebut tidak ditepati,"['orang', 'tak', 'dikenal', 'membawa', 'kabur', 'uang', 'sebesar', 'rupiah', 'dengan', 'modus', 'penggandaan', 'uang', 'namun', 'janji', 'tersebut', 'tidak', 'ditepati']","['orang', 'dikenal', 'membawa', 'kabur', 'uang', 'rupiah', 'modus', 'penggandaan', 'uang', 'janji', 'ditepati']","['orang', 'kenal', 'bawa', 'kabur', 'uang', 'rupiah', 'modus', 'ganda', 'uang', 'janji', 'tepat']",orang kenal bawa kabur uang rupiah modus ganda uang janji tepat
LP/B/23/II/2024/Kalbar/Res Mpw/Sek Sui Pinyuh,4 Februari 2024,"Pelaku mengaku sebagai distributor pupuk bersubsidi dan menawarkan harga lebih murah kepada petani. Setelah korban melakukan pembayaran penuh, pupuk tidak pernah dikirim dan nomor pelaku tidak aktif.",Pelaku mengaku sebagai distributor pupuk bersubsidi dan menawarkan harga lebih murah kepada petani Setelah korban melakukan pembayaran penuh pupuk tidak pernah dikirim dan nomor pelaku tidak aktif,pelaku mengaku sebagai distributor pupuk bersubsidi dan menawarkan harga lebih murah kepada petani setelah korban melakukan pembayaran penuh pupuk tidak pernah dikirim dan nomor pelaku tidak aktif,pelaku mengaku sebagai distributor pupuk bersubsidi dan menawarkan harga lebih murah kepada petani setelah korban melakukan pembayaran penuh pupuk tidak pernah dikirim dan nomor pelaku tidak aktif,"['pelaku', 'mengaku', 'sebagai', 'distributor', 'pupuk', 'bersubsidi', 'dan', 'menawarkan', 'harga', 'lebih', 'murah', 'kepada', 'petani', 'setelah', 'korban', 'melakukan', 'pembayaran', 'penuh', 'pupuk', 'tidak', 'pernah', 'dikirim', 'dan', 'nomor', 'pelaku', 'tidak', 'aktif']","['pelaku', 'mengaku', 'distributor', 'pupuk', 'bersubsidi', 'menawarkan', 'harga', 'murah', 'petani', 'korban', 'pembayaran', 'penuh', 'pupuk', 'dikirim', 'nomor', 'pelaku', 'aktif']","['pelaku', 'aku', 'distributor', 'pupuk', 'subsidi', 'tawar', 'harga', 'murah', 'tani', 'korban', 'bayar', 'penuh', 'pupuk', 'kirim', 'nomor', 'pelaku', 'aktif']",pelaku aku distributor pupuk subsidi tawar harga murah tani korban bayar penuh pupuk kirim nomor pelaku aktif
LP/B/24/II/2024/Kalbar/Res Mpw/Sek Sui Pinyuh,6 Februari 2024,Pelapor terkejut melihat pintu rumah miliknya rusak akibat ulah tersangka yang menebas menggunakan batu.,Pelapor terkejut melihat pintu rumah miliknya rusak akibat ulah tersangka yang menebas menggunakan batu,pelapor terkejut melihat pintu rumah miliknya rusak akibat ulah tersangka yang menebas menggunakan batu,pelapor terkejut melihat pintu rumah miliknya rusak akibat ulah tersangka yang menebas menggunakan batu,"['pelapor', 'terkejut', 'melihat', 'pintu', 'rumah', 'miliknya', 'rusak', 'akibat', 'ulah', 'tersangka', 'yang', 'menebas', 'menggunakan', 'batu']","['pelapor', 'terkejut', 'pintu', 'rumah', 'miliknya', 'rusak', 'akibat', 'ulah', 'tersangka', 'menebas', 'batu']","['lapor', 'kejut', 'pintu', 'rumah', 'milik', 'rusak', 'akibat', 'ulah', 'tersangka', 'tebas', 'batu']",lapor kejut pintu rumah milik rusak akibat ulah tersangka tebas batu
LP/B/25/II/2024/Kalbar/Res Mpw/Sek Sui Pinyuh,6 Februari 2024,Telah terjadi pencurian dimana oknum pelaku membawa lari mesin air dengan cara masuk melalui atap menggunakan obeng ketika rumah dalam keadaan kosong.,Telah terjadi pencurian dimana oknum pelaku membawa lari mesin air dengan cara masuk melalui atap menggunakan obeng ketika rumah dalam keadaan kosong,telah terjadi pencurian dimana oknum pelaku membawa lari mesin air dengan cara masuk melalui atap menggunakan obeng ketika rumah dalam keadaan kosong,telah terjadi pencurian dimana oknum pelaku membawa lari mesin air dengan cara masuk melalui atap menggunakan obeng ketika rumah dalam keadaan kosong,"['telah', 'terjadi', 'pencurian', 'dimana', 'oknum', 'pelaku', 'membawa', 'lari', 'mesin', 'air', 'dengan', 'cara', 'masuk', 'melalui', 'atap', 'menggunakan', 'obeng', 'ketika', 'rumah', 'dalam', 'keadaan', 'kosong']","['pencurian', 'dimana', 'oknum', 'pelaku', 'membawa', 'lari', 'mesin', 'air', 'masuk', 'atap', 'obeng', 'rumah', 'kosong']","['curi', 'mana', 'oknum', 'pelaku', 'bawa', 'lari', 'mesin', 'air', 'masuk', 'atap', 'obeng', 'rumah', 'kosong']",curi mana oknum pelaku bawa lari mesin air masuk atap obeng rumah kosong
LP/B/26/II/2024/Kalbar/Res Mpw/Sek Sui Pinyuh,11 Februari 2024,Terjadi tindak pidana penganiayaan yang dilakukan oleh pelaku dengan cara mendorong bagian kepala pelapor karena selisih paham.,Terjadi tindak pidana penganiayaan yang dilakukan oleh pelaku dengan cara mendorong bagian kepala pelapor karena selisih paham,terjadi tindak pidana penganiayaan yang dilakukan oleh pelaku dengan cara mendorong bagian kepala pelapor karena selisih paham,terjadi tindak pidana penganiayaan yang dilakukan oleh pelaku dengan cara mendorong bagian kepala pelapor karena selisih paham,"['terjadi', 'tindak', 'pidana', 'penganiayaan', 'yang', 'dilakukan', 'oleh', 'pelaku', 'dengan', 'cara', 'mendorong', 'bagian', 'kepala', 'pelapor', 'karena', 'selisih', 'paham']","['tindak', 'pidana', 'penganiayaan', 'pelaku', 'mendorong', 'kepala', 'pelapor', 'selisih', 'paham']","['tindak', 'pidana', 'aniaya', 'pelaku', 'dorong', 'kepala', 'lapor', 'selisih', 'paham']",tindak pidana aniaya pelaku dorong kepala lapor selisih paham
LP/B/27/II/2024/Kalbar/Res Mpw/Sek Sui Pinyuh,12 Februari 2024,Telah terjadi pencurian dimana terlapor menggasak perhiasan emas dengan cara masuk lewat pintu dapur yang tidak terkunci dengan tangan kosong ketika toko sudah tutup.,Telah terjadi pencurian dimana terlapor menggasak perhiasan emas dengan cara masuk lewat pintu dapur yang tidak terkunci dengan tangan kosong ketika toko sudah tutup,telah terjadi pencurian dimana terlapor menggasak perhiasan emas dengan cara masuk lewat pintu dapur yang tidak terkunci dengan tangan kosong ketika toko sudah tutup,telah terjadi pencurian dimana terlapor menggasak perhiasan emas dengan cara masuk lewat pintu dapur yang tidak terkunci dengan tangan kosong ketika toko sudah tutup,"['telah', 'terjadi', 'pencurian', 'dimana', 'terlapor', 'menggasak', 'perhiasan', 'emas', 'dengan', 'cara', 'masuk', 'lewat', 'pintu', 'dapur', 'yang', 'tidak', 'terkunci', 'dengan', 'tangan', 'kosong', 'ketika', 'toko', 'sudah', 'tutup']","['pencurian', 'dimana', 'terlapor', 'menggasak', 'perhiasan', 'emas', 'masuk', 'pintu', 'dapur', 'terkunci', 'tangan', 'kosong', 'toko', 'tutup']","['curi', 'mana', 'terlapor', 'gasak', 'hias', 'emas', 'masuk', 'pintu', 'dapur', 'kunci', 'tangan', 'kosong', 'toko', 'tutup']",curi mana terlapor gasak hias emas masuk pintu dapur kunci tangan kosong toko tutup
LP/B/29/II/2024/Kalbar/Res Mpw/Sek Sui Pinyuh,13 Februari 2024,Pelaku merusak pintu kios korban dengan cara menendang dan memukul menggunakan benda keras setelah terjadi perselisihan terkait penempatan lapak.,Pelaku merusak pintu kios korban dengan cara menendang dan memukul menggunakan benda keras setelah terjadi perselisihan terkait penempatan lapak,pelaku merusak pintu kios korban dengan cara menendang dan memukul menggunakan benda keras setelah terjadi perselisihan terkait penempatan lapak,pelaku merusak pintu kios korban dengan cara menendang dan memukul menggunakan benda keras setelah terjadi perselisihan terkait penempatan lapak,"['pelaku', 'merusak', 'pintu', 'kios', 'korban', 'dengan', 'cara', 'menendang', 'dan', 'memukul', 'menggunakan', 'benda', 'keras', 'setelah', 'terjadi', 'perselisihan', 'terkait', 'penempatan', 'lapak']","['pelaku', 'merusak', 'pintu', 'kios', 'korban', 'menendang', 'memukul', 'benda', 'keras', 'perselisihan', 'terkait', 'penempatan', 'lapak']","['pelaku', 'rusak', 'pintu', 'kios', 'korban', 'tendang', 'pukul', 'benda', 'keras', 'selisih', 'kait', 'tempat', 'lapak']",pelaku rusak pintu kios korban tendang pukul benda keras selisih kait tempat lapak
LP/B/30/II/2024/Kalbar/Res Mpw/Sek Sui Pinyuh,14 Februari 2024,"Berawal dari adu mulut, pelaku emosi lalu mendorong wajah korban menggunakan tangan kosong karena tersinggung.",Berawal dari adu mulut pelaku emosi lalu mendorong wajah korban menggunakan tangan kosong karena tersinggung,berawal dari adu mulut pelaku emosi lalu mendorong wajah korban menggunakan tangan kosong karena tersinggung,berawal dari adu mulut pelaku emosi lalu mendorong wajah korban menggunakan tangan kosong karena tersinggung,"['berawal', 'dari', 'adu', 'mulut', 'pelaku', 'emosi', 'lalu', 'mendorong', 'wajah', 'korban', 'menggunakan', 'tangan', 'kosong', 'karena', 'tersinggung']","['adu', 'mulut', 'pelaku', 'emosi', 'mendorong', 'wajah', 'korban', 'tangan', 'kosong', 'tersinggung']","['adu', 'mulut', 'pelaku', 'emosi', 'dorong', 'wajah', 'korban', 'tangan', 'kosong', 'singgung']",adu mulut pelaku emosi dorong wajah korban tangan kosong singgung
LP/B/31/II/2024/Kalbar/Res Mpw/Sek Sui Pinyuh,15 Februari 2024,"pelaku membawa kabur uang sebesar Rp 5.000.000 dengan menjanjikan pekerjaan, namun janji tersebut tidak ditepati.",pelaku membawa kabur uang sebesar Rp dengan menjanjikan pekerjaan namun janji tersebut tidak ditepati,pelaku membawa kabur uang sebesar rp dengan menjanjikan pekerjaan namun janji tersebut tidak ditepati,pelaku membawa kabur uang sebesar rupiah dengan menjanjikan pekerjaan namun janji tersebut tidak ditepati,"['pelaku', 'membawa', 'kabur', 'uang', 'sebesar', 'rupiah', 'dengan', 'menjanjikan', 'pekerjaan', 'namun', 'janji', 'tersebut', 'tidak', 'ditepati']","['pelaku', 'membawa', 'kabur', 'uang', 'rupiah', 'menjanjikan', 'pekerjaan', 'janji', 'ditepati']","['pelaku', 'bawa', 'kabur', 'uang', 'rupiah', 'janji', 'kerja', 'janji', 'tepat']",pelaku bawa kabur uang rupiah janji kerja janji tepat
LP/B/32/II/2024/Kalbar/Res Mpw/Sek Sui Pinyuh,16 Februari 2024,"oknum pelaku masuk ke dalam rumah dengan cara mendobrak pintu belakang saat rumah dalam keadaan kosong, kemudian mengambil paksa laptop merk HP.",oknum pelaku masuk ke dalam rumah dengan cara mendobrak pintu belakang saat rumah dalam keadaan kosong kemudian mengambil paksa laptop merk HP,oknum pelaku masuk ke dalam rumah dengan cara mendobrak pintu belakang saat rumah dalam keadaan kosong kemudian mengambil paksa laptop merk hp,oknum pelaku masuk ke dalam rumah dengan cara mendobrak pintu belakang saat rumah dalam keadaan kosong kemudian mengambil paksa laptop merk handphone,"['oknum', 'pelaku', 'masuk', 'ke', 'dalam', 'rumah', 'dengan', 'cara', 'mendobrak', 'pintu', 'belakang', 'saat', 'rumah', 'dalam', 'keadaan', 'kosong', 'kemudian', 'mengambil', 'paksa', 'laptop', 'merk', 'handphone']","['oknum', 'pelaku', 'masuk', 'rumah', 'mendobrak', 'pintu', 'rumah', 'kosong', 'mengambil', 'paksa', 'laptop', 'merk', 'handphone']","['oknum', 'pelaku', 'masuk', 'rumah', 'dobrak', 'pintu', 'rumah', 'kosong', 'ambil', 'paksa', 'laptop', 'merk', 'handphone']",oknum pelaku masuk rumah dobrak pintu rumah kosong ambil paksa laptop merk handphone
LP/B/33/II/2024/Kalbar/Res Mpw/Sek Sui Pinyuh,28 Februari 2024,"Berdasarkan informasi warga, petugas mengamankan pelaku (Lidik) yang menyimpan sabu 1.07 gram",Berdasarkan informasi warga petugas mengamankan pelaku Lidik yang menyimpan sabu gram,berdasarkan informasi warga petugas mengamankan pelaku lidik yang menyimpan sabu gram,berdasarkan informasi warga petugas mengamankan pelaku lidik yang menyimpan sabu gram,"['berdasarkan', 'informasi', 'warga', 'petugas', 'mengamankan', 'pelaku', 'lidik', 'yang', 'menyimpan', 'sabu', 'gram']","['berdasarkan', 'informasi', 'warga', 'petugas', 'mengamankan', 'pelaku', 'lidik', 'menyimpan', 'sabu', 'gram']","['dasar', 'informasi', 'warga', 'petugas', 'aman', 'pelaku', 'lidik', 'simpan', 'sabu', 'gram']",dasar informasi warga petugas aman pelaku lidik simpan sabu gram
LP/B/34/III/2024/Kalbar/Res Mpw/Sek Sui Pinyuh,2 Maret 2024,"seseorang yang tidak dikenal menonjok kaki korban berkali-kali karena selisih paham, menyebabkan korban luka memar.",seseorang yang tidak dikenal menonjok kaki korban berkali kali karena selisih paham menyebabkan korban luka memar,seseorang yang tidak dikenal menonjok kaki korban berkali kali karena selisih paham menyebabkan korban luka memar,seseorang yang tidak dikenal menonjok kaki korban berkali kali karena selisih paham menyebabkan korban luka memar,"['seseorang', 'yang', 'tidak', 'dikenal', 'menonjok', 'kaki', 'korban', 'berkali', 'kali', 'karena', 'selisih', 'paham', 'menyebabkan', 'korban', 'luka', 'memar']","['dikenal', 'menonjok', 'kaki', 'korban', 'berkali', 'kali', 'selisih', 'paham', 'menyebabkan', 'korban', 'luka', 'memar']","['kenal', 'tonjok', 'kaki', 'korban', 'kali', 'kali', 'selisih', 'paham', 'sebab', 'korban', 'luka', 'memar']",kenal tonjok kaki korban kali kali selisih paham sebab korban luka memar
LP/B/35/III/2024/Kalbar/Res Mpw/Sek Sui Pinyuh,5 Maret 2024,"Pelaku diamankan karena kedapatan menyimpan narkotika jenis sabu di dalam saku celana saat dilakukan pemeriksaan oleh petugas. Berdasarkan hasil interogasi awal, pelaku mengaku membeli barang tersebut untuk digunakan sendiri.",Pelaku diamankan karena kedapatan menyimpan narkotika jenis sabu di dalam saku celana saat dilakukan pemeriksaan oleh petugas Berdasarkan hasil interogasi awal pelaku mengaku membeli barang tersebut untuk digunakan sendiri,pelaku diamankan karena kedapatan menyimpan narkotika jenis sabu di dalam saku celana saat dilakukan pemeriksaan oleh petugas berdasarkan hasil interogasi awal pelaku mengaku membeli barang tersebut untuk digunakan sendiri,pelaku diamankan karena kedapatan menyimpan narkotika jenis sabu di dalam saku celana saat dilakukan pemeriksaan oleh petugas berdasarkan hasil interogasi awal pelaku mengaku membeli barang tersebut untuk digunakan sendiri,"['pelaku', 'diamankan', 'karena', 'kedapatan', 'menyimpan', 'narkotika', 'jenis', 'sabu', 'di', 'dalam', 'saku', 'celana', 'saat', 'dilakukan', 'pemeriksaan', 'oleh', 'petugas', 'berdasarkan', 'hasil', 'interogasi', 'awal', 'pelaku', 'mengaku', 'membeli', 'barang', 'tersebut', 'untuk', 'digunakan', 'sendiri']","['pelaku', 'diamankan', 'kedapatan', 'menyimpan', 'narkotika', 'jenis', 'sabu', 'saku', 'celana', 'pemeriksaan', 'petugas', 'berdasarkan', 'hasil', 'interogasi', 'pelaku', 'mengaku', 'membeli', 'barang']","['pelaku', 'aman', 'dapat', 'simpan', 'narkotika', 'jenis', 'sabu', 'saku', 'celana', 'periksa', 'petugas', 'dasar', 'hasil', 'interogasi', 'pelaku', 'aku', 'beli', 'barang']",pelaku aman dapat simpan narkotika jenis sabu saku celana periksa petugas dasar hasil interogasi pelaku aku beli barang
LP/B/36/III/2024/Kalbar/Res Mpw/Sek Sui Pinyuh,5 Maret 2024,Telah terjadi pencurian dimana tersangka mencuri uang tunai sebesar Rp 500.000 dengan cara masuk lewat pintu dapur yang tidak terkunci memakai linggis ketika rumah dalam keadaan kosong.,Telah terjadi pencurian dimana tersangka mencuri uang tunai sebesar Rp dengan cara masuk lewat pintu dapur yang tidak terkunci memakai linggis ketika rumah dalam keadaan kosong,telah terjadi pencurian dimana tersangka mencuri uang tunai sebesar rp dengan cara masuk lewat pintu dapur yang tidak terkunci memakai linggis ketika rumah dalam keadaan kosong,telah terjadi pencurian dimana tersangka mencuri uang tunai sebesar rupiah dengan cara masuk lewat pintu dapur yang tidak terkunci memakai linggis ketika rumah dalam keadaan kosong,"['telah', 'terjadi', 'pencurian', 'dimana', 'tersangka', 'mencuri', 'uang', 'tunai', 'sebesar', 'rupiah', 'dengan', 'cara', 'masuk', 'lewat', 'pintu', 'dapur', 'yang', 'tidak', 'terkunci', 'memakai', 'linggis', 'ketika', 'rumah', 'dalam', 'keadaan', 'kosong']","['pencurian', 'dimana', 'tersangka', 'mencuri', 'uang', 'tunai', 'rupiah', 'masuk', 'pintu', 'dapur', 'terkunci', 'memakai', 'linggis', 'rumah', 'kosong']","['curi', 'mana', 'tersangka', 'curi', 'uang', 'tunai', 'rupiah', 'masuk', 'pintu', 'dapur', 'kunci', 'pakai', 'linggis', 'rumah', 'kosong']",curi mana tersangka curi uang tunai rupiah masuk pintu dapur kunci pakai linggis rumah kosong
LP/B/38/III/2024/Kalbar/Res Mpw/Sek Sui Pinyuh,8 Maret 2024,Pelapor terkejut melihat kaca jendela rumah miliknya rusak akibat ulah oknum pelaku yang menebas menggunakan batu.,Pelapor terkejut melihat kaca jendela rumah miliknya rusak akibat ulah oknum pelaku yang menebas menggunakan batu,pelapor terkejut melihat kaca jendela rumah miliknya rusak akibat ulah oknum pelaku yang menebas menggunakan batu,pelapor terkejut melihat kaca jendela rumah miliknya rusak akibat ulah oknum pelaku yang menebas menggunakan batu,"['pelapor', 'terkejut', 'melihat', 'kaca', 'jendela', 'rumah', 'miliknya', 'rusak', 'akibat', 'ulah', 'oknum', 'pelaku', 'yang', 'menebas', 'menggunakan', 'batu']","['pelapor', 'terkejut', 'kaca', 'jendela', 'rumah', 'miliknya', 'rusak', 'akibat', 'ulah', 'oknum', 'pelaku', 'menebas', 'batu']","['lapor', 'kejut', 'kaca', 'jendela', 'rumah', 'milik', 'rusak', 'akibat', 'ulah', 'oknum', 'pelaku', 'tebas', 'batu']",lapor kejut kaca jendela rumah milik rusak akibat ulah oknum pelaku tebas batu
LP/B/39/III/2024/Kalbar/Res Mpw/Sek Sui Pinyuh,8 Maret 2024,Terjadi tindak pidana penganiayaan yang dilakukan oleh orang tak dikenal dengan cara menampar bagian kepala pelapor karena selisih paham.,Terjadi tindak pidana penganiayaan yang dilakukan oleh orang tak dikenal dengan cara menampar bagian kepala pelapor karena selisih paham,terjadi tindak pidana penganiayaan yang dilakukan oleh orang tak dikenal dengan cara menampar bagian kepala pelapor karena selisih paham,terjadi tindak pidana penganiayaan yang dilakukan oleh orang tak dikenal dengan cara menampar bagian kepala pelapor karena selisih paham,"['terjadi', 'tindak', 'pidana', 'penganiayaan', 'yang', 'dilakukan', 'oleh', 'orang', 'tak', 'dikenal', 'dengan', 'cara', 'menampar', 'bagian', 'kepala', 'pelapor', 'karena', 'selisih', 'paham']","['tindak', 'pidana', 'penganiayaan', 'orang', 'dikenal', 'menampar', 'kepala', 'pelapor', 'selisih', 'paham']","['tindak', 'pidana', 'aniaya', 'orang', 'kenal', 'tampar', 'kepala', 'lapor', 'selisih', 'paham']",tindak pidana aniaya orang kenal tampar kepala lapor selisih paham
LP/B/40/III/2024/Kalbar/Res Mpw/Sek Sui Pinyuh,11 Maret 2024,Pelaku melakukan pencurian mengambil HP yang diletakkan diatas meja saat pelapor bekerja menebang pohon,Pelaku melakukan pencurian mengambil HP yang diletakkan diatas meja saat pelapor bekerja menebang pohon,pelaku melakukan pencurian mengambil hp yang diletakkan diatas meja saat pelapor bekerja menebang pohon,pelaku melakukan pencurian mengambil handphone yang diletakkan diatas meja saat pelapor bekerja menebang pohon,"['pelaku', 'melakukan', 'pencurian', 'mengambil', 'handphone', 'yang', 'diletakkan', 'diatas', 'meja', 'saat', 'pelapor', 'bekerja', 'menebang', 'pohon']","['pelaku', 'pencurian', 'mengambil', 'handphone', 'diletakkan', 'diatas', 'meja', 'pelapor', 'menebang', 'pohon']","['pelaku', 'curi', 'ambil', 'handphone', 'letak', 'atas', 'meja', 'lapor', 'tebang', 'pohon']",pelaku curi ambil handphone letak atas meja lapor tebang pohon
LP/B/41/III/2024/Kalbar/Res Mpw/Sek Sui Pinyuh,13 Maret 2024,Terjadi tindak pidana penganiayaan yang dilakukan oleh oknum pelaku dengan cara menendang bagian perut pelapor akibat masalah hutang.,Terjadi tindak pidana penganiayaan yang dilakukan oleh oknum pelaku dengan cara menendang bagian perut pelapor akibat masalah hutang,terjadi tindak pidana penganiayaan yang dilakukan oleh oknum pelaku dengan cara menendang bagian perut pelapor akibat masalah hutang,terjadi tindak pidana penganiayaan yang dilakukan oleh oknum pelaku dengan cara menendang bagian perut pelapor akibat masalah hutang,"['terjadi', 'tindak', 'pidana', 'penganiayaan', 'yang', 'dilakukan', 'oleh', 'oknum', 'pelaku', 'dengan', 'cara', 'menendang', 'bagian', 'perut', 'pelapor', 'akibat', 'masalah', 'hutang']","['tindak', 'pidana', 'penganiayaan', 'oknum', 'pelaku', 'menendang', 'perut', 'pelapor', 'akibat', 'hutang']","['tindak', 'pidana', 'aniaya', 'oknum', 'pelaku', 'tendang', 'perut', 'lapor', 'akibat', 'hutang']",tindak pidana aniaya oknum pelaku tendang perut lapor akibat hutang
LP/B/43/III/2024/Kalbar/Res Mpw/Sek Sui Pinyuh,21 Maret 2024,"Karena emosi karena selisih paham, terlapor melempar kaca jendela rumah milik pelapor dengan tangan kosong.",Karena emosi karena selisih paham terlapor melempar kaca jendela rumah milik pelapor dengan tangan kosong,karena emosi karena selisih paham terlapor melempar kaca jendela rumah milik pelapor dengan tangan kosong,karena emosi karena selisih paham terlapor melempar kaca jendela rumah milik pelapor dengan tangan kosong,"['karena', 'emosi', 'karena', 'selisih', 'paham', 'terlapor', 'melempar', 'kaca', 'jendela', 'rumah', 'milik', 'pelapor', 'dengan', 'tangan', 'kosong']","['emosi', 'selisih', 'paham', 'terlapor', 'melempar', 'kaca', 'jendela', 'rumah', 'milik', 'pelapor', 'tangan', 'kosong']","['emosi', 'selisih', 'paham', 'terlapor', 'lempar', 'kaca', 'jendela', 'rumah', 'milik', 'lapor', 'tangan', 'kosong']",emosi selisih paham terlapor lempar kaca jendela rumah milik lapor tangan kosong
LP/B/45/III/2024/Kalbar/Res Mpw/Sek Sui Pinyuh,28 Maret 2024,Terjadi tindak pidana penganiayaan yang dilakukan oleh tersangka dengan cara menonjok bagian wajah pelapor karena tersinggung.,Terjadi tindak pidana penganiayaan yang dilakukan oleh tersangka dengan cara menonjok bagian wajah pelapor karena tersinggung,terjadi tindak pidana penganiayaan yang dilakukan oleh tersangka dengan cara menonjok bagian wajah pelapor karena tersinggung,terjadi tindak pidana penganiayaan yang dilakukan oleh tersangka dengan cara menonjok bagian wajah pelapor karena tersinggung,"['terjadi', 'tindak', 'pidana', 'penganiayaan', 'yang', 'dilakukan', 'oleh', 'tersangka', 'dengan', 'cara', 'menonjok', 'bagian', 'wajah', 'pelapor', 'karena', 'tersinggung']","['tindak', 'pidana', 'penganiayaan', 'tersangka', 'menonjok', 'wajah', 'pelapor', 'tersinggung']","['tindak', 'pidana', 'aniaya', 'tersangka', 'tonjok', 'wajah', 'lapor', 'singgung']",tindak pidana aniaya tersangka tonjok wajah lapor singgung
LP/B/46/III/2024/Kalbar/Res Mpw/Sek Sui Pinyuh,31 Maret 2024,Pelaku menyembunyikan narkotika di dalam kamar kos yang disewa atas nama orang lain untuk menghindari identifikasi.,Pelaku menyembunyikan narkotika di dalam kamar kos yang disewa atas nama orang lain untuk menghindari identifikasi,pelaku menyembunyikan narkotika di dalam kamar kos yang disewa atas nama orang lain untuk menghindari identifikasi,pelaku menyembunyikan narkotika di dalam kamar kos yang disewa atas nama orang lain untuk menghindari identifikasi,"['pelaku', 'menyembunyikan', 'narkotika', 'di', 'dalam', 'kamar', 'kos', 'yang', 'disewa', 'atas', 'nama', 'orang', 'lain', 'untuk', 'menghindari', 'identifikasi']","['pelaku', 'menyembunyikan', 'narkotika', 'kamar', 'kos', 'disewa', 'nama', 'orang', 'menghindari', 'identifikasi']","['pelaku', 'sembunyi', 'narkotika', 'kamar', 'kos', 'sewa', 'nama', 'orang', 'hindar', 'identifikasi']",pelaku sembunyi narkotika kamar kos sewa nama orang hindar identifikasi
LP/B/47/III/2024/Kalbar/Res Mpw/Sek Sui Pinyuh,31 Maret 2024,Telah terjadi pencurian dimana pelaku (Lidik) membawa lari uang tunai sebesar Rp 5.000.000 dengan cara merusak kunci pintu menggunakan tang besi ketika korban lengah.,Telah terjadi pencurian dimana pelaku Lidik membawa lari uang tunai sebesar Rp dengan cara merusak kunci pintu menggunakan tang besi ketika korban lengah,telah terjadi pencurian dimana pelaku lidik membawa lari uang tunai sebesar rp dengan cara merusak kunci pintu menggunakan tang besi ketika korban lengah,telah terjadi pencurian dimana pelaku lidik membawa lari uang tunai sebesar rupiah dengan cara merusak kunci pintu menggunakan tang besi ketika korban lengah,"['telah', 'terjadi', 'pencurian', 'dimana', 'pelaku', 'lidik', 'membawa', 'lari', 'uang', 'tunai', 'sebesar', 'rupiah', 'dengan', 'cara', 'merusak', 'kunci', 'pintu', 'menggunakan', 'tang', 'besi', 'ketika', 'korban', 'lengah']","['pencurian', 'dimana', 'pelaku', 'lidik', 'membawa', 'lari', 'uang', 'tunai', 'rupiah', 'merusak', 'kunci', 'pintu', 'tang', 'besi', 'korban', 'lengah']","['curi', 'mana', 'pelaku', 'lidik', 'bawa', 'lari', 'uang', 'tunai', 'rupiah', 'rusak', 'kunci', 'pintu', 'tang', 'besi', 'korban', 'lengah']",curi mana pelaku lidik bawa lari uang tunai rupiah rusak kunci pintu tang besi korban lengah
LP/B/48/IV/2024/Kalbar/Res Mpw/Sek Sui Pinyuh,4 April 2024,"terlapor (lidik) memukul wajah korban berkali-kali setelah cekcok mulut, menyebabkan korban luka memar.",terlapor lidik memukul wajah korban berkali kali setelah cekcok mulut menyebabkan korban luka memar,terlapor lidik memukul wajah korban berkali kali setelah cekcok mulut menyebabkan korban luka memar,terlapor lidik memukul wajah korban berkali kali setelah cekcok mulut menyebabkan korban luka memar,"['terlapor', 'lidik', 'memukul', 'wajah', 'korban', 'berkali', 'kali', 'setelah', 'cekcok', 'mulut', 'menyebabkan', 'korban', 'luka', 'memar']","['terlapor', 'lidik', 'memukul', 'wajah', 'korban', 'berkali', 'kali', 'cekcok', 'mulut', 'menyebabkan', 'korban', 'luka', 'memar']","['terlapor', 'lidik', 'pukul', 'wajah', 'korban', 'kali', 'kali', 'cekcok', 'mulut', 'sebab', 'korban', 'luka', 'memar']",terlapor lidik pukul wajah korban kali kali cekcok mulut sebab korban luka memar
LP/B/49/IV/2024/Kalbar/Res Mpw/Sek Sui Pinyuh,5 April 2024,Korban mengalami kerugian Rp 5.000.000 akibat ulah seseorang yang tidak dikenal yang membawa kabur uang dengan menjanjikan pekerjaan.,Korban mengalami kerugian Rp akibat ulah seseorang yang tidak dikenal yang membawa kabur uang dengan menjanjikan pekerjaan,korban mengalami kerugian rp akibat ulah seseorang yang tidak dikenal yang membawa kabur uang dengan menjanjikan pekerjaan,korban mengalami kerugian rupiah akibat ulah seseorang yang tidak dikenal yang membawa kabur uang dengan menjanjikan pekerjaan,"['korban', 'mengalami', 'kerugian', 'rupiah', 'akibat', 'ulah', 'seseorang', 'yang', 'tidak', 'dikenal', 'yang', 'membawa', 'kabur', 'uang', 'dengan', 'menjanjikan', 'pekerjaan']","['korban', 'mengalami', 'kerugian', 'rupiah', 'akibat', 'ulah', 'dikenal', 'membawa', 'kabur', 'uang', 'menjanjikan', 'pekerjaan']","['korban', 'alami', 'rugi', 'rupiah', 'akibat', 'ulah', 'kenal', 'bawa', 'kabur', 'uang', 'janji', 'kerja']",korban alami rugi rupiah akibat ulah kenal bawa kabur uang janji kerja
LP/B/50/IV/2024/Kalbar/Res Mpw/Sek Sui Pinyuh,5 April 2024,Korban mengalami kerugian Rp 10.000.000 akibat ulah orang tak dikenal yang memberikan janji palsu dengan modus penggandaan uang.,Korban mengalami kerugian Rp akibat ulah orang tak dikenal yang memberikan janji palsu dengan modus penggandaan uang,korban mengalami kerugian rp akibat ulah orang tak dikenal yang memberikan janji palsu dengan modus penggandaan uang,korban mengalami kerugian rupiah akibat ulah orang tak dikenal yang memberikan janji palsu dengan modus penggandaan uang,"['korban', 'mengalami', 'kerugian', 'rupiah', 'akibat', 'ulah', 'orang', 'tak', 'dikenal', 'yang', 'memberikan', 'janji', 'palsu', 'dengan', 'modus', 'penggandaan', 'uang']","['korban', 'mengalami', 'kerugian', 'rupiah', 'akibat', 'ulah', 'orang', 'dikenal', 'janji', 'palsu', 'modus', 'penggandaan', 'uang']","['korban', 'alami', 'rugi', 'rupiah', 'akibat', 'ulah', 'orang', 'kenal', 'janji', 'palsu', 'modus', 'ganda', 'uang']",korban alami rugi rupiah akibat ulah orang kenal janji palsu modus ganda uang
LP/B/51/IV/2024/Kalbar/Res Mpw/Sek Sui Pinyuh,6 April 2024,"Kronologis kejadian bermula saat toko sudah tutup, terlapor masuk lewat pintu dapur yang tidak terkunci memakai linggis, lalu mencuri sepeda motor merk Yamaha NMAX milik korban.",Kronologis kejadian bermula saat toko sudah tutup terlapor masuk lewat pintu dapur yang tidak terkunci memakai linggis lalu mencuri sepeda motor merk Yamaha NMAX milik korban,kronologis kejadian bermula saat toko sudah tutup terlapor masuk lewat pintu dapur yang tidak terkunci memakai linggis lalu mencuri sepeda motor merk yamaha nmax milik korban,kronologis kejadian bermula saat toko sudah tutup terlapor masuk lewat pintu dapur yang tidak terkunci memakai linggis lalu mencuri sepeda motor merk yamaha nmax milik korban,"['kronologis', 'kejadian', 'bermula', 'saat', 'toko', 'sudah', 'tutup', 'terlapor', 'masuk', 'lewat', 'pintu', 'dapur', 'yang', 'tidak', 'terkunci', 'memakai', 'linggis', 'lalu', 'mencuri', 'sepeda', 'motor', 'merk', 'yamaha', 'nmax', 'milik', 'korban']","['kronologis', 'kejadian', 'toko', 'tutup', 'terlapor', 'masuk', 'pintu', 'dapur', 'terkunci', 'memakai', 'linggis', 'mencuri', 'sepeda', 'motor', 'merk', 'yamaha', 'nmax', 'milik', 'korban']","['kronologis', 'jadi', 'toko', 'tutup', 'terlapor', 'masuk', 'pintu', 'dapur', 'kunci', 'pakai', 'linggis', 'curi', 'sepeda', 'motor', 'merk', 'yamaha', 'nmax', 'milik', 'korban']",kronologis jadi toko tutup terlapor masuk pintu dapur kunci pakai linggis curi sepeda motor merk yamaha nmax milik korban
LP/B/52/IV/2024/Kalbar/Res Mpw/Sek Sui Pinyuh,7 April 2024,"orang tak dikenal melakukan penipuan sebesar Rp 5.000.000 dengan modus penggandaan uang, namun janji tersebut tidak ditepati.",orang tak dikenal melakukan penipuan sebesar Rp dengan modus penggandaan uang namun janji tersebut tidak ditepati,orang tak dikenal melakukan penipuan sebesar rp dengan modus penggandaan uang namun janji tersebut tidak ditepati,orang tak dikenal melakukan penipuan sebesar rupiah dengan modus penggandaan uang namun janji tersebut tidak ditepati,"['orang', 'tak', 'dikenal', 'melakukan', 'penipuan', 'sebesar', 'rupiah', 'dengan', 'modus', 'penggandaan', 'uang', 'namun', 'janji', 'tersebut', 'tidak', 'ditepati']","['orang', 'dikenal', 'penipuan', 'rupiah', 'modus', 'penggandaan', 'uang', 'janji', 'ditepati']","['orang', 'kenal', 'tipu', 'rupiah', 'modus', 'ganda', 'uang', 'janji', 'tepat']",orang kenal tipu rupiah modus ganda uang janji tepat
LP/B/53/IV/2024/Kalbar/Res Mpw/Sek Sui Pinyuh,9 April 2024,"orang tak dikenal melakukan penipuan sebesar Rp 500.000 dengan modus penggandaan uang, namun janji tersebut tidak ditepati.",orang tak dikenal melakukan penipuan sebesar Rp dengan modus penggandaan uang namun janji tersebut tidak ditepati,orang tak dikenal melakukan penipuan sebesar rp dengan modus penggandaan uang namun janji tersebut tidak ditepati,orang tak dikenal melakukan penipuan sebesar rupiah dengan modus penggandaan uang namun janji tersebut tidak ditepati,"['orang', 'tak', 'dikenal', 'melakukan', 'penipuan', 'sebesar', 'rupiah', 'dengan', 'modus', 'penggandaan', 'uang', 'namun', 'janji', 'tersebut', 'tidak', 'ditepati']","['orang', 'dikenal', 'penipuan', 'rupiah', 'modus', 'penggandaan', 'uang', 'janji', 'ditepati']","['orang', 'kenal', 'tipu', 'rupiah', 'modus', 'ganda', 'uang', 'janji', 'tepat']",orang kenal tipu rupiah modus ganda uang janji tepat
LP/B/54/IV/2024/Kalbar/Res Mpw/Sek Sui Pinyuh,11 April 2024,"Saat dilakukan penggeledahan, ditemukan paket sabu seberat 1.3 gram yang disembunyikan di dalam lemari kamar oleh pelaku.",Saat dilakukan penggeledahan ditemukan paket sabu seberat gram yang disembunyikan di dalam lemari kamar oleh pelaku,saat dilakukan penggeledahan ditemukan paket sabu seberat gram yang disembunyikan di dalam lemari kamar oleh pelaku,saat dilakukan penggeledahan ditemukan paket sabu seberat gram yang disembunyikan di dalam lemari kamar oleh pelaku,"['saat', 'dilakukan', 'penggeledahan', 'ditemukan', 'paket', 'sabu', 'seberat', 'gram', 'yang', 'disembunyikan', 'di', 'dalam', 'lemari', 'kamar', 'oleh', 'pelaku']","['penggeledahan', 'ditemukan', 'paket', 'sabu', 'seberat', 'gram', 'disembunyikan', 'lemari', 'kamar', 'pelaku']","['geledah', 'temu', 'paket', 'sabu', 'berat', 'gram', 'sembunyi', 'lemari', 'kamar', 'pelaku']",geledah temu paket sabu berat gram sembunyi lemari kamar pelaku
LP/B/55/IV/2024/Kalbar/Res Mpw/Sek Sui Pinyuh,13 April 2024,"orang tak dikenal membujuk korban terkait arisan bodong, sehingga korban menyerahkan uang Rp 10.000.000 namun ternyata ditipu.",orang tak dikenal membujuk korban terkait arisan bodong sehingga korban menyerahkan uang Rp namun ternyata ditipu,orang tak dikenal membujuk korban terkait arisan bodong sehingga korban menyerahkan uang rp namun ternyata ditipu,orang tak dikenal membujuk korban terkait arisan bodong sehingga korban menyerahkan uang rupiah namun ternyata ditipu,"['orang', 'tak', 'dikenal', 'membujuk', 'korban', 'terkait', 'arisan', 'bodong', 'sehingga', 'korban', 'menyerahkan', 'uang', 'rupiah', 'namun', 'ternyata', 'ditipu']","['orang', 'dikenal', 'membujuk', 'korban', 'terkait', 'arisan', 'bodong', 'korban', 'menyerahkan', 'uang', 'rupiah', 'ditipu']","['orang', 'kenal', 'bujuk', 'korban', 'kait', 'arisan', 'bodong', 'korban', 'serah', 'uang', 'rupiah', 'tipu']",orang kenal bujuk korban kait arisan bodong korban serah uang rupiah tipu
LP/B/56/IV/2024/Kalbar/Res Mpw/Sek Sui Pinyuh,13 April 2024,"Berawal dari adu mulut, oknum pelaku emosi lalu menganiaya tangan korban menggunakan tangan kosong karena selisih paham.",Berawal dari adu mulut oknum pelaku emosi lalu menganiaya tangan korban menggunakan tangan kosong karena selisih paham,berawal dari adu mulut oknum pelaku emosi lalu menganiaya tangan korban menggunakan tangan kosong karena selisih paham,berawal dari adu mulut oknum pelaku emosi lalu menganiaya tangan korban menggunakan tangan kosong karena selisih paham,"['berawal', 'dari', 'adu', 'mulut', 'oknum', 'pelaku', 'emosi', 'lalu', 'menganiaya', 'tangan', 'korban', 'menggunakan', 'tangan', 'kosong', 'karena', 'selisih', 'paham']","['adu', 'mulut', 'oknum', 'pelaku', 'emosi', 'menganiaya', 'tangan', 'korban', 'tangan', 'kosong', 'selisih', 'paham']","['adu', 'mulut', 'oknum', 'pelaku', 'emosi', 'aniaya', 'tangan', 'korban', 'tangan', 'kosong', 'selisih', 'paham']",adu mulut oknum pelaku emosi aniaya tangan korban tangan kosong selisih paham
LP/B/57/IV/2024/Kalbar/Res Mpw/Sek Sui Pinyuh,15 April 2024,"oknum pelaku (Lidik) membujuk korban terkait arisan bodong, sehingga korban menyerahkan uang Rp 2.000.000 namun ternyata ditipu.",oknum pelaku Lidik membujuk korban terkait arisan bodong sehingga korban menyerahkan uang Rp namun ternyata ditipu,oknum pelaku lidik membujuk korban terkait arisan bodong sehingga korban menyerahkan uang rp namun ternyata ditipu,oknum pelaku lidik membujuk korban terkait arisan bodong sehingga korban menyerahkan uang rupiah namun ternyata ditipu,"['oknum', 'pelaku', 'lidik', 'membujuk', 'korban', 'terkait', 'arisan', 'bodong', 'sehingga', 'korban', 'menyerahkan', 'uang', 'rupiah', 'namun', 'ternyata', 'ditipu']","['oknum', 'pelaku', 'lidik', 'membujuk', 'korban', 'terkait', 'arisan', 'bodong', 'korban', 'menyerahkan', 'uang', 'rupiah', 'ditipu']","['oknum', 'pelaku', 'lidik', 'bujuk', 'korban', 'kait', 'arisan', 'bodong', 'korban', 'serah', 'uang', 'rupiah', 'tipu']",oknum pelaku lidik bujuk korban kait arisan bodong korban serah uang rupiah tipu
LP/B/58/IV/2024/Kalbar/Res Mpw/Sek Sui Pinyuh,15 April 2024,"pelaku menonjok wajah korban berkali-kali tanpa alasan jelas, menyebabkan korban luka memar.",pelaku menonjok wajah korban berkali kali tanpa alasan jelas menyebabkan korban luka memar,pelaku menonjok wajah korban berkali kali tanpa alasan jelas menyebabkan korban luka memar,pelaku menonjok wajah korban berkali kali tanpa alasan jelas menyebabkan korban luka memar,"['pelaku', 'menonjok', 'wajah', 'korban', 'berkali', 'kali', 'tanpa', 'alasan', 'jelas', 'menyebabkan', 'korban', 'luka', 'memar']","['pelaku', 'menonjok', 'wajah', 'korban', 'berkali', 'kali', 'alasan', 'menyebabkan', 'korban', 'luka', 'memar']","['pelaku', 'tonjok', 'wajah', 'korban', 'kali', 'kali', 'alas', 'sebab', 'korban', 'luka', 'memar']",pelaku tonjok wajah korban kali kali alas sebab korban luka memar
LP/B/60/IV/2024/Kalbar/Res Mpw/Sek Sui Pinyuh,19 April 2024,"Berawal dari adu mulut, orang tak dikenal emosi lalu memukul perut korban menggunakan tangan kosong karena cemburu.",Berawal dari adu mulut orang tak dikenal emosi lalu memukul perut korban menggunakan tangan kosong karena cemburu,berawal dari adu mulut orang tak dikenal emosi lalu memukul perut korban menggunakan tangan kosong karena cemburu,berawal dari adu mulut orang tak dikenal emosi lalu memukul perut korban menggunakan tangan kosong karena cemburu,"['berawal', 'dari', 'adu', 'mulut', 'orang', 'tak', 'dikenal', 'emosi', 'lalu', 'memukul', 'perut', 'korban', 'menggunakan', 'tangan', 'kosong', 'karena', 'cemburu']","['adu', 'mulut', 'orang', 'dikenal', 'emosi', 'memukul', 'perut', 'korban', 'tangan', 'kosong', 'cemburu']","['adu', 'mulut', 'orang', 'kenal', 'emosi', 'pukul', 'perut', 'korban', 'tangan', 'kosong', 'cemburu']",adu mulut orang kenal emosi pukul perut korban tangan kosong cemburu
LP/B/61/IV/2024/Kalbar/Res Mpw/Sek Sui Pinyuh,21 April 2024,Terjadi perusakan kendaraan bermotor milik korban dengan cara menggores bodi dan memecahkan kaca spion akibat konflik persaingan usaha yang telah berlangsung beberapa bulan sebelumnya.,Terjadi perusakan kendaraan bermotor milik korban dengan cara menggores bodi dan memecahkan kaca spion akibat konflik persaingan usaha yang telah berlangsung beberapa bulan sebelumnya,terjadi perusakan kendaraan bermotor milik korban dengan cara menggores bodi dan memecahkan kaca spion akibat konflik persaingan usaha yang telah berlangsung beberapa bulan sebelumnya,terjadi perusakan kendaraan bermotor milik korban dengan cara menggores bodi dan memecahkan kaca spion akibat konflik persaingan usaha yang telah berlangsung beberapa bulan sebelumnya,"['terjadi', 'perusakan', 'kendaraan', 'bermotor', 'milik', 'korban', 'dengan', 'cara', 'menggores', 'bodi', 'dan', 'memecahkan', 'kaca', 'spion', 'akibat', 'konflik', 'persaingan', 'usaha', 'yang', 'telah', 'berlangsung', 'beberapa', 'bulan', 'sebelumnya']","['perusakan', 'kendaraan', 'bermotor', 'milik', 'korban', 'menggores', 'bodi', 'memecahkan', 'kaca', 'spion', 'akibat', 'konflik', 'persaingan', 'usaha']","['perusakan', 'kendara', 'motor', 'milik', 'korban', 'gores', 'bodi', 'pecah', 'kaca', 'spion', 'akibat', 'konflik', 'saing', 'usaha']",perusakan kendara motor milik korban gores bodi pecah kaca spion akibat konflik saing usaha
LP/B/62/IV/2024/Kalbar/Res Mpw/Sek Sui Pinyuh,27 April 2024,"pelaku masuk ke dalam rumah dengan cara masuk melalui atap saat korban sedang tidur, kemudian mengambil laptop merk Acer.",pelaku masuk ke dalam rumah dengan cara masuk melalui atap saat korban sedang tidur kemudian mengambil laptop merk Acer,pelaku masuk ke dalam rumah dengan cara masuk melalui atap saat korban sedang tidur kemudian mengambil laptop merk acer,pelaku masuk ke dalam rumah dengan cara masuk melalui atap saat korban sedang tidur kemudian mengambil laptop merk acer,"['pelaku', 'masuk', 'ke', 'dalam', 'rumah', 'dengan', 'cara', 'masuk', 'melalui', 'atap', 'saat', 'korban', 'sedang', 'tidur', 'kemudian', 'mengambil', 'laptop', 'merk', 'acer']","['pelaku', 'masuk', 'rumah', 'masuk', 'atap', 'korban', 'tidur', 'mengambil', 'laptop', 'merk', 'acer']","['pelaku', 'masuk', 'rumah', 'masuk', 'atap', 'korban', 'tidur', 'ambil', 'laptop', 'merk', 'acer']",pelaku masuk rumah masuk atap korban tidur ambil laptop merk acer
LP/B/63/VI/2024/Kalbar/Res Mpw/Sek Sui Pinyuh,29 April 2024,Pelaku kedapatan menyimpan narkotika di dalam rumah kontrakan yang digunakan sebagai tempat penyimpanan sementara sebelum diedarkan kepada pembeli.,Pelaku kedapatan menyimpan narkotika di dalam rumah kontrakan yang digunakan sebagai tempat penyimpanan sementara sebelum diedarkan kepada pembeli,pelaku kedapatan menyimpan narkotika di dalam rumah kontrakan yang digunakan sebagai tempat penyimpanan sementara sebelum diedarkan kepada pembeli,pelaku kedapatan menyimpan narkotika di dalam rumah kontrakan yang digunakan sebagai tempat penyimpanan sementara sebelum diedarkan kepada pembeli,"['pelaku', 'kedapatan', 'menyimpan', 'narkotika', 'di', 'dalam', 'rumah', 'kontrakan', 'yang', 'digunakan', 'sebagai', 'tempat', 'penyimpanan', 'sementara', 'sebelum', 'diedarkan', 'kepada', 'pembeli']","['pelaku', 'kedapatan', 'menyimpan', 'narkotika', 'rumah', 'kontrakan', 'penyimpanan', 'diedarkan', 'pembeli']","['pelaku', 'dapat', 'simpan', 'narkotika', 'rumah', 'kontra', 'simpan', 'edar', 'pembeli']",pelaku dapat simpan narkotika rumah kontra simpan edar pembeli
LP/B/66/V/2024/Kalbar/Res Mpw/Sek Sui Pinyuh,9 Mei 2024,Telah terjadi pencurian dimana terlapor mengambil paksa uang tunai sebesar Rp 2.500.000 dengan cara merusak kunci pintu menggunakan obeng ketika korban lengah.,Telah terjadi pencurian dimana terlapor mengambil paksa uang tunai sebesar Rp dengan cara merusak kunci pintu menggunakan obeng ketika korban lengah,telah terjadi pencurian dimana terlapor mengambil paksa uang tunai sebesar rp dengan cara merusak kunci pintu menggunakan obeng ketika korban lengah,telah terjadi pencurian dimana terlapor mengambil paksa uang tunai sebesar rupiah dengan cara merusak kunci pintu menggunakan obeng ketika korban lengah,"['telah', 'terjadi', 'pencurian', 'dimana', 'terlapor', 'mengambil', 'paksa', 'uang', 'tunai', 'sebesar', 'rupiah', 'dengan', 'cara', 'merusak', 'kunci', 'pintu', 'menggunakan', 'obeng', 'ketika', 'korban', 'lengah']","['pencurian', 'dimana', 'terlapor', 'mengambil', 'paksa', 'uang', 'tunai', 'rupiah', 'merusak', 'kunci', 'pintu', 'obeng', 'korban', 'lengah']","['curi', 'mana', 'terlapor', 'ambil', 'paksa', 'uang', 'tunai', 'rupiah', 'rusak', 'kunci', 'pintu', 'obeng', 'korban', 'lengah']",curi mana terlapor ambil paksa uang tunai rupiah rusak kunci pintu obeng korban lengah
LP/B/67/V/2024/Kalbar/Res Mpw/Sek Sui Pinyuh,12 Mei 2024,"Pada waktu situasi sedang sepi, terlapor memanjat pagar dengan tangan kosong, lalu mengambil tanpa izin 1 unit HP merk Xiaomi milik korban.",Pada waktu situasi sedang sepi terlapor memanjat pagar dengan tangan kosong lalu mengambil tanpa izin unit HP merk Xiaomi milik korban,pada waktu situasi sedang sepi terlapor memanjat pagar dengan tangan kosong lalu mengambil tanpa izin unit hp merk xiaomi milik korban,pada waktu situasi sedang sepi terlapor memanjat pagar dengan tangan kosong lalu mengambil tanpa izin unit handphone merk xiaomi milik korban,"['pada', 'waktu', 'situasi', 'sedang', 'sepi', 'terlapor', 'memanjat', 'pagar', 'dengan', 'tangan', 'kosong', 'lalu', 'mengambil', 'tanpa', 'izin', 'unit', 'handphone', 'merk', 'xiaomi', 'milik', 'korban']","['situasi', 'sepi', 'terlapor', 'memanjat', 'pagar', 'tangan', 'kosong', 'mengambil', 'izin', 'unit', 'handphone', 'merk', 'xiaomi', 'milik', 'korban']","['situasi', 'sepi', 'terlapor', 'panjat', 'pagar', 'tangan', 'kosong', 'ambil', 'izin', 'unit', 'handphone', 'merk', 'xiaomi', 'milik', 'korban']",situasi sepi terlapor panjat pagar tangan kosong ambil izin unit handphone merk xiaomi milik korban
LP/B/68/V/2024/Kalbar/Res Mpw/Sek Sui Pinyuh,16 Mei 2024,"Pada waktu korban lengah, tersangka membobol ventilasi memakai linggis, lalu mencuri mesin air milik korban.",Pada waktu korban lengah tersangka membobol ventilasi memakai linggis lalu mencuri mesin air milik korban,pada waktu korban lengah tersangka membobol ventilasi memakai linggis lalu mencuri mesin air milik korban,pada waktu korban lengah tersangka membobol ventilasi memakai linggis lalu mencuri mesin air milik korban,"['pada', 'waktu', 'korban', 'lengah', 'tersangka', 'membobol', 'ventilasi', 'memakai', 'linggis', 'lalu', 'mencuri', 'mesin', 'air', 'milik', 'korban']","['korban', 'lengah', 'tersangka', 'membobol', 'ventilasi', 'memakai', 'linggis', 'mencuri', 'mesin', 'air', 'milik', 'korban']","['korban', 'lengah', 'tersangka', 'bobol', 'ventilasi', 'pakai', 'linggis', 'curi', 'mesin', 'air', 'milik', 'korban']",korban lengah tersangka bobol ventilasi pakai linggis curi mesin air milik korban
LP/B/69/V/2024/Kalbar/Res Mpw/Sek Sui Pinyuh,19 Mei 2024,"Berawal dari adu mulut, tersangka emosi lalu mendorong dada korban menggunakan tangan kosong tanpa alasan jelas.",Berawal dari adu mulut tersangka emosi lalu mendorong dada korban menggunakan tangan kosong tanpa alasan jelas,berawal dari adu mulut tersangka emosi lalu mendorong dada korban menggunakan tangan kosong tanpa alasan jelas,berawal dari adu mulut tersangka emosi lalu mendorong dada korban menggunakan tangan kosong tanpa alasan jelas,"['berawal', 'dari', 'adu', 'mulut', 'tersangka', 'emosi', 'lalu', 'mendorong', 'dada', 'korban', 'menggunakan', 'tangan', 'kosong', 'tanpa', 'alasan', 'jelas']","['adu', 'mulut', 'tersangka', 'emosi', 'mendorong', 'dada', 'korban', 'tangan', 'kosong', 'alasan']","['adu', 'mulut', 'tersangka', 'emosi', 'dorong', 'dada', 'korban', 'tangan', 'kosong', 'alas']",adu mulut tersangka emosi dorong dada korban tangan kosong alas
LP/B/70/V/2024/Kalbar/Res Mpw/Sek Sui Pinyuh,19 Mei 2024,"tersangka memukul wajah korban berkali-kali karena selisih paham, menyebabkan korban luka memar.",tersangka memukul wajah korban berkali kali karena selisih paham menyebabkan korban luka memar,tersangka memukul wajah korban berkali kali karena selisih paham menyebabkan korban luka memar,tersangka memukul wajah korban berkali kali karena selisih paham menyebabkan korban luka memar,"['tersangka', 'memukul', 'wajah', 'korban', 'berkali', 'kali', 'karena', 'selisih', 'paham', 'menyebabkan', 'korban', 'luka', 'memar']","['tersangka', 'memukul', 'wajah', 'korban', 'berkali', 'kali', 'selisih', 'paham', 'menyebabkan', 'korban', 'luka', 'memar']","['tersangka', 'pukul', 'wajah', 'korban', 'kali', 'kali', 'selisih', 'paham', 'sebab', 'korban', 'luka', 'memar']",tersangka pukul wajah korban kali kali selisih paham sebab korban luka memar
LP/B/74/V/2024/Kalbar/Res Mpw/Sek Sui Pinyuh,27 Mei 2024,"oknum pelaku menendang perut korban berkali-kali tanpa alasan jelas, menyebabkan korban luka memar.",oknum pelaku menendang perut korban berkali kali tanpa alasan jelas menyebabkan korban luka memar,oknum pelaku menendang perut korban berkali kali tanpa alasan jelas menyebabkan korban luka memar,oknum pelaku menendang perut korban berkali kali tanpa alasan jelas menyebabkan korban luka memar,"['oknum', 'pelaku', 'menendang', 'perut', 'korban', 'berkali', 'kali', 'tanpa', 'alasan', 'jelas', 'menyebabkan', 'korban', 'luka', 'memar']","['oknum', 'pelaku', 'menendang', 'perut', 'korban', 'berkali', 'kali', 'alasan', 'menyebabkan', 'korban', 'luka', 'memar']","['oknum', 'pelaku', 'tendang', 'perut', 'korban', 'kali', 'kali', 'alas', 'sebab', 'korban', 'luka', 'memar']",oknum pelaku tendang perut korban kali kali alas sebab korban luka memar
LP/B/76/VI/2024/Kalbar/Res Mpw/Sek Sui Pinyuh,02 Juni 2024,Pelaku bersama-sama melakukan pencurian 2 (dua) buah aki kering yang terpasang dikendaraan dump truk yang diparkir digarasi,Pelaku bersama sama melakukan pencurian dua buah aki kering yang terpasang dikendaraan dump truk yang diparkir digarasi,pelaku bersama sama melakukan pencurian dua buah aki kering yang terpasang dikendaraan dump truk yang diparkir digarasi,pelaku bersama sama melakukan pencurian dua buah aki kering yang terpasang dikendaraan dump truk yang diparkir digarasi,"['pelaku', 'bersama', 'sama', 'melakukan', 'pencurian', 'dua', 'buah', 'aki', 'kering', 'yang', 'terpasang', 'dikendaraan', 'dump', 'truk', 'yang', 'diparkir', 'digarasi']","['pelaku', 'pencurian', 'buah', 'aki', 'kering', 'terpasang', 'dikendaraan', 'dump', 'truk', 'diparkir', 'digarasi']","['pelaku', 'curi', 'buah', 'aki', 'kering', 'pasang', 'kendara', 'dump', 'truk', 'parkir', 'garasi']",pelaku curi buah aki kering pasang kendara dump truk parkir garasi
LP/B/77/VI/2024/Kalbar/Res Mpw/Sek Sui Pinyuh,02 Juni 2024,Pelaku bersama-sama melakukan pecurian dengan masuk kedalam gudang mengcongkel dinding papan dan mengambil 1(satu) Buah timbangan gantung,Pelaku bersama sama melakukan pecurian dengan masuk kedalam gudang mengcongkel dinding papan dan mengambil satu Buah timbangan gantung,pelaku bersama sama melakukan pecurian dengan masuk kedalam gudang mengcongkel dinding papan dan mengambil satu buah timbangan gantung,pelaku bersama sama melakukan pecurian dengan masuk kedalam gudang mengcongkel dinding papan dan mengambil satu buah timbangan gantung,"['pelaku', 'bersama', 'sama', 'melakukan', 'pecurian', 'dengan', 'masuk', 'kedalam', 'gudang', 'mengcongkel', 'dinding', 'papan', 'dan', 'mengambil', 'satu', 'buah', 'timbangan', 'gantung']","['pelaku', 'pecurian', 'masuk', 'kedalam', 'gudang', 'mengcongkel', 'dinding', 'papan', 'mengambil', 'buah', 'timbangan', 'gantung']","['pelaku', 'curi', 'masuk', 'dalam', 'gudang', 'mengcongkel', 'dinding', 'papan', 'ambil', 'buah', 'timbang', 'gantung']",pelaku curi masuk dalam gudang mengcongkel dinding papan ambil buah timbang gantung
LP/B/78/VI/2024/Kalbar/Res Mpw/Sek Sui Pinyuh,3 Juni 2024,Korban mengalami kerugian Rp 2.000.000 akibat ulah terlapor (lidik) yang melakukan penipuan dengan modus jual beli online.,Korban mengalami kerugian Rp akibat ulah terlapor lidik yang melakukan penipuan dengan modus jual beli online,korban mengalami kerugian rp akibat ulah terlapor lidik yang melakukan penipuan dengan modus jual beli online,korban mengalami kerugian rupiah akibat ulah terlapor lidik yang melakukan penipuan dengan modus jual beli online,"['korban', 'mengalami', 'kerugian', 'rupiah', 'akibat', 'ulah', 'terlapor', 'lidik', 'yang', 'melakukan', 'penipuan', 'dengan', 'modus', 'jual', 'beli', 'online']","['korban', 'mengalami', 'kerugian', 'rupiah', 'akibat', 'ulah', 'terlapor', 'lidik', 'penipuan', 'modus', 'jual', 'beli', 'online']","['korban', 'alami', 'rugi', 'rupiah', 'akibat', 'ulah', 'terlapor', 'lidik', 'tipu', 'modus', 'jual', 'beli', 'online']",korban alami rugi rupiah akibat ulah terlapor lidik tipu modus jual beli online
LP/B/80/VI/2024/Kalbar/Res Mpw/Sek Sui Pinyuh,7 Juni 2024,"Tersangka datang ke rumah korban pada malam hari dengan membawa cat semprot (pilox) merah dan dua kantong plastik berisi kotoran hewan peliharaan. Tersangka mencoret-coret tembok depan dan garasi rumah dengan tulisan makian dan tagihan utang. Setelah itu, tersangka melempar kotoran hewan tersebut ke kaca jendela utama hingga pecah, merusak keindahan dan struktur fasad rumah korban.",Tersangka datang ke rumah korban pada malam hari dengan membawa cat semprot pilox merah dan dua kantong plastik berisi kotoran hewan peliharaan Tersangka mencoret coret tembok depan dan garasi rumah dengan tulisan makian dan tagihan utang Setelah itu tersangka melempar kotoran hewan tersebut ke kaca jendela utama hingga pecah merusak keindahan dan struktur fasad rumah korban,tersangka datang ke rumah korban pada malam hari dengan membawa cat semprot pilox merah dan dua kantong plastik berisi kotoran hewan peliharaan tersangka mencoret coret tembok depan dan garasi rumah dengan tulisan makian dan tagihan utang setelah itu tersangka melempar kotoran hewan tersebut ke kaca jendela utama hingga pecah merusak keindahan dan struktur fasad rumah korban,tersangka datang ke rumah korban pada malam hari dengan membawa cat semprot pilox merah dan dua kantong plastik berisi kotoran hewan peliharaan tersangka mencoret coret tembok depan dan garasi rumah dengan tulisan makian dan tagihan utang setelah itu tersangka melempar kotoran hewan tersebut ke kaca jendela utama hingga pecah merusak keindahan dan struktur fasad rumah korban,"['tersangka', 'datang', 'ke', 'rumah', 'korban', 'pada', 'malam', 'hari', 'dengan', 'membawa', 'cat', 'semprot', 'pilox', 'merah', 'dan', 'dua', 'kantong', 'plastik', 'berisi', 'kotoran', 'hewan', 'peliharaan', 'tersangka', 'mencoret', 'coret', 'tembok', 'depan', 'dan', 'garasi', 'rumah', 'dengan', 'tulisan', 'makian', 'dan', 'tagihan', 'utang', 'setelah', 'itu', 'tersangka', 'melempar', 'kotoran', 'hewan', 'tersebut', 'ke', 'kaca', 'jendela', 'utama', 'hingga', 'pecah', 'merusak', 'keindahan', 'dan', 'struktur', 'fasad', 'rumah', 'korban']","['tersangka', 'rumah', 'korban', 'malam', 'membawa', 'cat', 'semprot', 'pilox', 'merah', 'kantong', 'plastik', 'berisi', 'kotoran', 'hewan', 'peliharaan', 'tersangka', 'mencoret', 'coret', 'tembok', 'garasi', 'rumah', 'tulisan', 'makian', 'tagihan', 'utang', 'tersangka', 'melempar', 'kotoran', 'hewan', 'kaca', 'jendela', 'utama', 'pecah', 'merusak', 'keindahan', 'struktur', 'fasad', 'rumah', 'korban']","['tersangka', 'rumah', 'korban', 'malam', 'bawa', 'cat', 'semprot', 'pilox', 'merah', 'kantong', 'plastik', 'isi', 'kotor', 'hewan', 'pelihara', 'tersangka', 'coret', 'coret', 'tembok', 'garasi', 'rumah', 'tulis', 'maki', 'tagih', 'utang', 'tersangka', 'lempar', 'kotor', 'hewan', 'kaca', 'jendela', 'utama', 'pecah', 'rusak', 'indah', 'struktur', 'fasad', 'rumah', 'korban']",tersangka rumah korban malam bawa cat semprot pilox merah kantong plastik isi kotor hewan pelihara tersangka coret coret tembok garasi rumah tulis maki tagih utang tersangka lempar kotor hewan kaca jendela utama pecah rusak indah struktur fasad rumah korban
LP/B/82/VI/2024/Kalbar/Res Mpw/Sek Sui Pinyuh,12 Juni 2024,Pelaku bersama-sama melakukan pencurian sepeda motor yang diparkir ditempat pencucian sepada motor,Pelaku bersama sama melakukan pencurian sepeda motor yang diparkir ditempat pencucian sepada motor,pelaku bersama sama melakukan pencurian sepeda motor yang diparkir ditempat pencucian sepada motor,pelaku bersama sama melakukan pencurian sepeda motor yang diparkir ditempat pencucian sepada motor,"['pelaku', 'bersama', 'sama', 'melakukan', 'pencurian', 'sepeda', 'motor', 'yang', 'diparkir', 'ditempat', 'pencucian', 'sepada', 'motor']","['pelaku', 'pencurian', 'sepeda', 'motor', 'diparkir', 'ditempat', 'pencucian', 'sepada', 'motor']","['pelaku', 'curi', 'sepeda', 'motor', 'parkir', 'tempat', 'cuci', 'sepada', 'motor']",pelaku curi sepeda motor parkir tempat cuci sepada motor
LP/B/83/VI/2024/Kalbar/Res Mpw/Sek Sui Pinyuh,14 Juni 2024,Korban mengalami kerugian Rp 2.000.000 akibat ulah pelaku (Lidik) yang memberikan janji palsu dengan menjanjikan pekerjaan.,Korban mengalami kerugian Rp akibat ulah pelaku Lidik yang memberikan janji palsu dengan menjanjikan pekerjaan,korban mengalami kerugian rp akibat ulah pelaku lidik yang memberikan janji palsu dengan menjanjikan pekerjaan,korban mengalami kerugian rupiah akibat ulah pelaku lidik yang memberikan janji palsu dengan menjanjikan pekerjaan,"['korban', 'mengalami', 'kerugian', 'rupiah', 'akibat', 'ulah', 'pelaku', 'lidik', 'yang', 'memberikan', 'janji', 'palsu', 'dengan', 'menjanjikan', 'pekerjaan']","['korban', 'mengalami', 'kerugian', 'rupiah', 'akibat', 'ulah', 'pelaku', 'lidik', 'janji', 'palsu', 'menjanjikan', 'pekerjaan']","['korban', 'alami', 'rugi', 'rupiah', 'akibat', 'ulah', 'pelaku', 'lidik', 'janji', 'palsu', 'janji', 'kerja']",korban alami rugi rupiah akibat ulah pelaku lidik janji palsu janji kerja
LP/B/84/VI/2024/Kalbar/Res Mpw/Sek Sui Pinyuh,16 Juni 2024,"terlapor (lidik) menganiaya kepala korban berkali-kali akibat masalah hutang, menyebabkan korban luka memar.",terlapor lidik menganiaya kepala korban berkali kali akibat masalah hutang menyebabkan korban luka memar,terlapor lidik menganiaya kepala korban berkali kali akibat masalah hutang menyebabkan korban luka memar,terlapor lidik menganiaya kepala korban berkali kali akibat masalah hutang menyebabkan korban luka memar,"['terlapor', 'lidik', 'menganiaya', 'kepala', 'korban', 'berkali', 'kali', 'akibat', 'masalah', 'hutang', 'menyebabkan', 'korban', 'luka', 'memar']","['terlapor', 'lidik', 'menganiaya', 'kepala', 'korban', 'berkali', 'kali', 'akibat', 'hutang', 'menyebabkan', 'korban', 'luka', 'memar']","['terlapor', 'lidik', 'aniaya', 'kepala', 'korban', 'kali', 'kali', 'akibat', 'hutang', 'sebab', 'korban', 'luka', 'memar']",terlapor lidik aniaya kepala korban kali kali akibat hutang sebab korban luka memar
LP/B/85/VI/2024/Kalbar/Res Mpw/Sek Sui Pinyuh,19 Juni 2024,"Berawal dari adu mulut, terlapor emosi lalu menganiaya perut korban menggunakan tangan kosong akibat masalah hutang.",Berawal dari adu mulut terlapor emosi lalu menganiaya perut korban menggunakan tangan kosong akibat masalah hutang,berawal dari adu mulut terlapor emosi lalu menganiaya perut korban menggunakan tangan kosong akibat masalah hutang,berawal dari adu mulut terlapor emosi lalu menganiaya perut korban menggunakan tangan kosong akibat masalah hutang,"['berawal', 'dari', 'adu', 'mulut', 'terlapor', 'emosi', 'lalu', 'menganiaya', 'perut', 'korban', 'menggunakan', 'tangan', 'kosong', 'akibat', 'masalah', 'hutang']","['adu', 'mulut', 'terlapor', 'emosi', 'menganiaya', 'perut', 'korban', 'tangan', 'kosong', 'akibat', 'hutang']","['adu', 'mulut', 'terlapor', 'emosi', 'aniaya', 'perut', 'korban', 'tangan', 'kosong', 'akibat', 'hutang']",adu mulut terlapor emosi aniaya perut korban tangan kosong akibat hutang
LP/B/86/VI/2024/Kalbar/Res Mpw/Sek Sui Pinyuh,20 Juni 2024,"oknum pelaku (Lidik) menampar tangan korban berkali-kali karena tersinggung, menyebabkan korban luka memar.",oknum pelaku Lidik menampar tangan korban berkali kali karena tersinggung menyebabkan korban luka memar,oknum pelaku lidik menampar tangan korban berkali kali karena tersinggung menyebabkan korban luka memar,oknum pelaku lidik menampar tangan korban berkali kali karena tersinggung menyebabkan korban luka memar,"['oknum', 'pelaku', 'lidik', 'menampar', 'tangan', 'korban', 'berkali', 'kali', 'karena', 'tersinggung', 'menyebabkan', 'korban', 'luka', 'memar']","['oknum', 'pelaku', 'lidik', 'menampar', 'tangan', 'korban', 'berkali', 'kali', 'tersinggung', 'menyebabkan', 'korban', 'luka', 'memar']","['oknum', 'pelaku', 'lidik', 'tampar', 'tangan', 'korban', 'kali', 'kali', 'singgung', 'sebab', 'korban', 'luka', 'memar']",oknum pelaku lidik tampar tangan korban kali kali singgung sebab korban luka memar
LP/B/87/VI/2024/Kalbar/Res Mpw/Sek Sui Pinyuh,21 Juni 2024,Telah terjadi pencurian dimana pelaku mengambil paksa mesin air dengan cara merusak kunci pintu menggunakan tang besi ketika situasi sedang sepi.,Telah terjadi pencurian dimana pelaku mengambil paksa mesin air dengan cara merusak kunci pintu menggunakan tang besi ketika situasi sedang sepi,telah terjadi pencurian dimana pelaku mengambil paksa mesin air dengan cara merusak kunci pintu menggunakan tang besi ketika situasi sedang sepi,telah terjadi pencurian dimana pelaku mengambil paksa mesin air dengan cara merusak kunci pintu menggunakan tang besi ketika situasi sedang sepi,"['telah', 'terjadi', 'pencurian', 'dimana', 'pelaku', 'mengambil', 'paksa', 'mesin', 'air', 'dengan', 'cara', 'merusak', 'kunci', 'pintu', 'menggunakan', 'tang', 'besi', 'ketika', 'situasi', 'sedang', 'sepi']","['pencurian', 'dimana', 'pelaku', 'mengambil', 'paksa', 'mesin', 'air', 'merusak', 'kunci', 'pintu', 'tang', 'besi', 'situasi', 'sepi']","['curi', 'mana', 'pelaku', 'ambil', 'paksa', 'mesin', 'air', 'rusak', 'kunci', 'pintu', 'tang', 'besi', 'situasi', 'sepi']",curi mana pelaku ambil paksa mesin air rusak kunci pintu tang besi situasi sepi
LP/B/88/VI/2024/Kalbar/Res Mpw/Sek Sui Pinyuh,22 Juni 2024,"Saat dilakukan penggeledahan, ditemukan paket sabu seberat 0.82 gram yang disembunyikan di dalam lemari kamar oleh pelaku.",Saat dilakukan penggeledahan ditemukan paket sabu seberat gram yang disembunyikan di dalam lemari kamar oleh pelaku,saat dilakukan penggeledahan ditemukan paket sabu seberat gram yang disembunyikan di dalam lemari kamar oleh pelaku,saat dilakukan penggeledahan ditemukan paket sabu seberat gram yang disembunyikan di dalam lemari kamar oleh pelaku,"['saat', 'dilakukan', 'penggeledahan', 'ditemukan', 'paket', 'sabu', 'seberat', 'gram', 'yang', 'disembunyikan', 'di', 'dalam', 'lemari', 'kamar', 'oleh', 'pelaku']","['penggeledahan', 'ditemukan', 'paket', 'sabu', 'seberat', 'gram', 'disembunyikan', 'lemari', 'kamar', 'pelaku']","['geledah', 'temu', 'paket', 'sabu', 'berat', 'gram', 'sembunyi', 'lemari', 'kamar', 'pelaku']",geledah temu paket sabu berat gram sembunyi lemari kamar pelaku
LP/B/89/VI/2024/Kalbar/Res Mpw/Sek Sui Pinyuh,25 Juni 2024,Terjadi tindak pidana penganiayaan yang dilakukan oleh orang tak dikenal dengan cara menampar bagian wajah pelapor tanpa alasan jelas.,Terjadi tindak pidana penganiayaan yang dilakukan oleh orang tak dikenal dengan cara menampar bagian wajah pelapor tanpa alasan jelas,terjadi tindak pidana penganiayaan yang dilakukan oleh orang tak dikenal dengan cara menampar bagian wajah pelapor tanpa alasan jelas,terjadi tindak pidana penganiayaan yang dilakukan oleh orang tak dikenal dengan cara menampar bagian wajah pelapor tanpa alasan jelas,"['terjadi', 'tindak', 'pidana', 'penganiayaan', 'yang', 'dilakukan', 'oleh', 'orang', 'tak', 'dikenal', 'dengan', 'cara', 'menampar', 'bagian', 'wajah', 'pelapor', 'tanpa', 'alasan', 'jelas']","['tindak', 'pidana', 'penganiayaan', 'orang', 'dikenal', 'menampar', 'wajah', 'pelapor', 'alasan']","['tindak', 'pidana', 'aniaya', 'orang', 'kenal', 'tampar', 'wajah', 'lapor', 'alas']",tindak pidana aniaya orang kenal tampar wajah lapor alas
LP/B/90/VI/2024/Kalbar/Res Mpw/Sek Sui Pinyuh,26 Juni 2024,"Korban (wanita lajang) merasa kesepian dan mencari pasangan hidup, lalu berkenalan dengan pria (Tersangka) yang mengaku sebagai tentara/insinyur lewat aplikasi kencan.",Korban wanita lajang merasa kesepian dan mencari pasangan hidup lalu berkenalan dengan pria Tersangka yang mengaku sebagai tentara insinyur lewat aplikasi kencan,korban wanita lajang merasa kesepian dan mencari pasangan hidup lalu berkenalan dengan pria tersangka yang mengaku sebagai tentara insinyur lewat aplikasi kencan,korban wanita lajang merasa kesepian dan mencari pasangan hidup lalu berkenalan dengan pria tersangka yang mengaku sebagai tentara insinyur lewat aplikasi kencan,"['korban', 'wanita', 'lajang', 'merasa', 'kesepian', 'dan', 'mencari', 'pasangan', 'hidup', 'lalu', 'berkenalan', 'dengan', 'pria', 'tersangka', 'yang', 'mengaku', 'sebagai', 'tentara', 'insinyur', 'lewat', 'aplikasi', 'kencan']","['korban', 'wanita', 'lajang', 'kesepian', 'mencari', 'pasangan', 'hidup', 'berkenalan', 'pria', 'tersangka', 'mengaku', 'tentara', 'insinyur', 'aplikasi', 'kencan']","['korban', 'wanita', 'lajang', 'sepi', 'cari', 'pasang', 'hidup', 'nal', 'pria', 'tersangka', 'aku', 'tentara', 'insinyur', 'aplikasi', 'kencan']",korban wanita lajang sepi cari pasang hidup nal pria tersangka aku tentara insinyur aplikasi kencan
LP/B/91/VI/2024/Kalbar/Res Mpw/Sek Sui Pinyuh,30 Juni 2024,Pelaku merusak pohon sawit korban,Pelaku merusak pohon sawit korban,pelaku merusak pohon sawit korban,pelaku merusak pohon sawit korban,"['pelaku', 'merusak', 'pohon', 'sawit', 'korban']","['pelaku', 'merusak', 'pohon', 'sawit', 'korban']","['pelaku', 'rusak', 'pohon', 'sawit', 'korban']",pelaku rusak pohon sawit korban
LP/B/92/VII/2024/Kalbar/Res Mpw/Sek Sui Pinyuh,1 Juli 2024,Telah terjadi pencurian dimana oknum pelaku (Lidik) menggasak mesin air dengan cara memanjat pagar menggunakan tang besi ketika toko sudah tutup.,Telah terjadi pencurian dimana oknum pelaku Lidik menggasak mesin air dengan cara memanjat pagar menggunakan tang besi ketika toko sudah tutup,telah terjadi pencurian dimana oknum pelaku lidik menggasak mesin air dengan cara memanjat pagar menggunakan tang besi ketika toko sudah tutup,telah terjadi pencurian dimana oknum pelaku lidik menggasak mesin air dengan cara memanjat pagar menggunakan tang besi ketika toko sudah tutup,"['telah', 'terjadi', 'pencurian', 'dimana', 'oknum', 'pelaku', 'lidik', 'menggasak', 'mesin', 'air', 'dengan', 'cara', 'memanjat', 'pagar', 'menggunakan', 'tang', 'besi', 'ketika', 'toko', 'sudah', 'tutup']","['pencurian', 'dimana', 'oknum', 'pelaku', 'lidik', 'menggasak', 'mesin', 'air', 'memanjat', 'pagar', 'tang', 'besi', 'toko', 'tutup']","['curi', 'mana', 'oknum', 'pelaku', 'lidik', 'gasak', 'mesin', 'air', 'panjat', 'pagar', 'tang', 'besi', 'toko', 'tutup']",curi mana oknum pelaku lidik gasak mesin air panjat pagar tang besi toko tutup
LP/B/93/VII/2024/Kalbar/Res Mpw/Sek Sui Pinyuh,2 Juli 2024,Terjadi tindak pidana penganiayaan yang dilakukan oleh tersangka dengan cara memukul bagian kaki pelapor akibat masalah hutang.,Terjadi tindak pidana penganiayaan yang dilakukan oleh tersangka dengan cara memukul bagian kaki pelapor akibat masalah hutang,terjadi tindak pidana penganiayaan yang dilakukan oleh tersangka dengan cara memukul bagian kaki pelapor akibat masalah hutang,terjadi tindak pidana penganiayaan yang dilakukan oleh tersangka dengan cara memukul bagian kaki pelapor akibat masalah hutang,"['terjadi', 'tindak', 'pidana', 'penganiayaan', 'yang', 'dilakukan', 'oleh', 'tersangka', 'dengan', 'cara', 'memukul', 'bagian', 'kaki', 'pelapor', 'akibat', 'masalah', 'hutang']","['tindak', 'pidana', 'penganiayaan', 'tersangka', 'memukul', 'kaki', 'pelapor', 'akibat', 'hutang']","['tindak', 'pidana', 'aniaya', 'tersangka', 'pukul', 'kaki', 'lapor', 'akibat', 'hutang']",tindak pidana aniaya tersangka pukul kaki lapor akibat hutang
LP/B/94/VII/2024/Kalbar/Res Mpw/Sek Sui Pinyuh,3 Juli 2024,"Pelaku menjanjikan pengurusan pencairan asuransi dengan meminta biaya administrasi terlebih dahulu. Setelah dana diterima, klaim asuransi tidak pernah diproses dan pelaku menghindar.",Pelaku menjanjikan pengurusan pencairan asuransi dengan meminta biaya administrasi terlebih dahulu Setelah dana diterima klaim asuransi tidak pernah diproses dan pelaku menghindar,pelaku menjanjikan pengurusan pencairan asuransi dengan meminta biaya administrasi terlebih dahulu setelah dana diterima klaim asuransi tidak pernah diproses dan pelaku menghindar,pelaku menjanjikan pengurusan pencairan asuransi dengan meminta biaya administrasi terlebih dahulu setelah dana diterima klaim asuransi tidak pernah diproses dan pelaku menghindar,"['pelaku', 'menjanjikan', 'pengurusan', 'pencairan', 'asuransi', 'dengan', 'meminta', 'biaya', 'administrasi', 'terlebih', 'dahulu', 'setelah', 'dana', 'diterima', 'klaim', 'asuransi', 'tidak', 'pernah', 'diproses', 'dan', 'pelaku', 'menghindar']","['pelaku', 'menjanjikan', 'pengurusan', 'pencairan', 'asuransi', 'biaya', 'administrasi', 'dana', 'diterima', 'klaim', 'asuransi', 'diproses', 'pelaku', 'menghindar']","['pelaku', 'janji', 'urus', 'cair', 'asuransi', 'biaya', 'administrasi', 'dana', 'terima', 'klaim', 'asuransi', 'proses', 'pelaku', 'hindar']",pelaku janji urus cair asuransi biaya administrasi dana terima klaim asuransi proses pelaku hindar
LP/B/95/VII/2024/Kalbar/Res Mpw/Sek Sui Pinyuh,3 Juli 2024,Telah terjadi pencurian dimana oknum pelaku mengambil paksa sepeda motor merk Honda Vario dengan cara membobol ventilasi memakai benda tumpul ketika korban lengah.,Telah terjadi pencurian dimana oknum pelaku mengambil paksa sepeda motor merk Honda Vario dengan cara membobol ventilasi memakai benda tumpul ketika korban lengah,telah terjadi pencurian dimana oknum pelaku mengambil paksa sepeda motor merk honda vario dengan cara membobol ventilasi memakai benda tumpul ketika korban lengah,telah terjadi pencurian dimana oknum pelaku mengambil paksa sepeda motor merk honda vario dengan cara membobol ventilasi memakai benda tumpul ketika korban lengah,"['telah', 'terjadi', 'pencurian', 'dimana', 'oknum', 'pelaku', 'mengambil', 'paksa', 'sepeda', 'motor', 'merk', 'honda', 'vario', 'dengan', 'cara', 'membobol', 'ventilasi', 'memakai', 'benda', 'tumpul', 'ketika', 'korban', 'lengah']","['pencurian', 'dimana', 'oknum', 'pelaku', 'mengambil', 'paksa', 'sepeda', 'motor', 'merk', 'honda', 'vario', 'membobol', 'ventilasi', 'memakai', 'benda', 'tumpul', 'korban', 'lengah']","['curi', 'mana', 'oknum', 'pelaku', 'ambil', 'paksa', 'sepeda', 'motor', 'merk', 'honda', 'vario', 'bobol', 'ventilasi', 'pakai', 'benda', 'tumpul', 'korban', 'lengah']",curi mana oknum pelaku ambil paksa sepeda motor merk honda vario bobol ventilasi pakai benda tumpul korban lengah
LP/B/96/VII/2024/Kalbar/Res Mpw/Sek Sui Pinyuh,3 Juli 2024,"Kejadian bermula ketika rumah dalam keadaan kosong, pelaku membobol ventilasi menggunakan obeng, lalu mengambil laptop merk Acer milik korban.",Kejadian bermula ketika rumah dalam keadaan kosong pelaku membobol ventilasi menggunakan obeng lalu mengambil laptop merk Acer milik korban,kejadian bermula ketika rumah dalam keadaan kosong pelaku membobol ventilasi menggunakan obeng lalu mengambil laptop merk acer milik korban,kejadian bermula ketika rumah dalam keadaan kosong pelaku membobol ventilasi menggunakan obeng lalu mengambil laptop merk acer milik korban,"['kejadian', 'bermula', 'ketika', 'rumah', 'dalam', 'keadaan', 'kosong', 'pelaku', 'membobol', 'ventilasi', 'menggunakan', 'obeng', 'lalu', 'mengambil', 'laptop', 'merk', 'acer', 'milik', 'korban']","['kejadian', 'rumah', 'kosong', 'pelaku', 'membobol', 'ventilasi', 'obeng', 'mengambil', 'laptop', 'merk', 'acer', 'milik', 'korban']","['jadi', 'rumah', 'kosong', 'pelaku', 'bobol', 'ventilasi', 'obeng', 'ambil', 'laptop', 'merk', 'acer', 'milik', 'korban']",jadi rumah kosong pelaku bobol ventilasi obeng ambil laptop merk acer milik korban
LP/B/97/VII/2024/Kalbar/Res Mpw/Sek Sui Pinyuh,5 Juli 2024,"Berdasarkan informasi warga, petugas mengamankan pelaku yang memiliki sabu 1.02 gram di bawah jok motor.",Berdasarkan informasi warga petugas mengamankan pelaku yang memiliki sabu gram di bawah jok motor,berdasarkan informasi warga petugas mengamankan pelaku yang memiliki sabu gram di bawah jok motor,berdasarkan informasi warga petugas mengamankan pelaku yang memiliki sabu gram di bawah jok motor,"['berdasarkan', 'informasi', 'warga', 'petugas', 'mengamankan', 'pelaku', 'yang', 'memiliki', 'sabu', 'gram', 'di', 'bawah', 'jok', 'motor']","['berdasarkan', 'informasi', 'warga', 'petugas', 'mengamankan', 'pelaku', 'memiliki', 'sabu', 'gram', 'jok', 'motor']","['dasar', 'informasi', 'warga', 'petugas', 'aman', 'pelaku', 'milik', 'sabu', 'gram', 'jok', 'motor']",dasar informasi warga petugas aman pelaku milik sabu gram jok motor
LP/B/98/VII/2024/Kalbar/Res Mpw/Sek Sui Pinyuh,6 Juli 2024,"Saat pelapor meninggalkan rumah, tersangka mencongkel jendela dengan alat bantu kunci T, lalu mengambil tanpa izin 1 unit HP merk Vivo milik korban.",Saat pelapor meninggalkan rumah tersangka mencongkel jendela dengan alat bantu kunci T lalu mengambil tanpa izin unit HP merk Vivo milik korban,saat pelapor meninggalkan rumah tersangka mencongkel jendela dengan alat bantu kunci t lalu mengambil tanpa izin unit hp merk vivo milik korban,saat pelapor meninggalkan rumah tersangka mencongkel jendela dengan alat bantu kunci t lalu mengambil tanpa izin unit handphone merk vivo milik korban,"['saat', 'pelapor', 'meninggalkan', 'rumah', 'tersangka', 'mencongkel', 'jendela', 'dengan', 'alat', 'bantu', 'kunci', 't', 'lalu', 'mengambil', 'tanpa', 'izin', 'unit', 'handphone', 'merk', 'vivo', 'milik', 'korban']","['pelapor', 'meninggalkan', 'rumah', 'tersangka', 'mencongkel', 'jendela', 'alat', 'bantu', 'kunci', 'mengambil', 'izin', 'unit', 'handphone', 'merk', 'vivo', 'milik', 'korban']","['lapor', 'tinggal', 'rumah', 'tersangka', 'congkel', 'jendela', 'alat', 'bantu', 'kunci', 'ambil', 'izin', 'unit', 'handphone', 'merk', 'vivo', 'milik', 'korban']",lapor tinggal rumah tersangka congkel jendela alat bantu kunci ambil izin unit handphone merk vivo milik korban
LP/B/99/VII/2024/Kalbar/Res Mpw/Sek Sui Pinyuh,13 Juli 2024,"Berawal dari adu mulut, oknum pelaku emosi lalu menganiaya punggung korban menggunakan tangan kosong karena tersinggung.",Berawal dari adu mulut oknum pelaku emosi lalu menganiaya punggung korban menggunakan tangan kosong karena tersinggung,berawal dari adu mulut oknum pelaku emosi lalu menganiaya punggung korban menggunakan tangan kosong karena tersinggung,berawal dari adu mulut oknum pelaku emosi lalu menganiaya punggung korban menggunakan tangan kosong karena tersinggung,"['berawal', 'dari', 'adu', 'mulut', 'oknum', 'pelaku', 'emosi', 'lalu', 'menganiaya', 'punggung', 'korban', 'menggunakan', 'tangan', 'kosong', 'karena', 'tersinggung']","['adu', 'mulut', 'oknum', 'pelaku', 'emosi', 'menganiaya', 'punggung', 'korban', 'tangan', 'kosong', 'tersinggung']","['adu', 'mulut', 'oknum', 'pelaku', 'emosi', 'aniaya', 'punggung', 'korban', 'tangan', 'kosong', 'singgung']",adu mulut oknum pelaku emosi aniaya punggung korban tangan kosong singgung
LP/B/100/VII/2024/Kalbar/Res Mpw/Sek Sui Pinyuh,14 Juli 2024,Perusakan dilakukan terhadap tanaman kebun milik korban dengan cara mencabut dan merusak batang tanaman akibat konflik lama terkait kepemilikan lahan.,Perusakan dilakukan terhadap tanaman kebun milik korban dengan cara mencabut dan merusak batang tanaman akibat konflik lama terkait kepemilikan lahan,perusakan dilakukan terhadap tanaman kebun milik korban dengan cara mencabut dan merusak batang tanaman akibat konflik lama terkait kepemilikan lahan,perusakan dilakukan terhadap tanaman kebun milik korban dengan cara mencabut dan merusak batang tanaman akibat konflik lama terkait kepemilikan lahan,"['perusakan', 'dilakukan', 'terhadap', 'tanaman', 'kebun', 'milik', 'korban', 'dengan', 'cara', 'mencabut', 'dan', 'merusak', 'batang', 'tanaman', 'akibat', 'konflik', 'lama', 'terkait', 'kepemilikan', 'lahan']","['perusakan', 'tanaman', 'kebun', 'milik', 'korban', 'mencabut', 'merusak', 'batang', 'tanaman', 'akibat', 'konflik', 'terkait', 'kepemilikan', 'lahan']","['perusakan', 'tanam', 'kebun', 'milik', 'korban', 'cabut', 'rusak', 'batang', 'tanam', 'akibat', 'konflik', 'kait', 'milik', 'lahan']",perusakan tanam kebun milik korban cabut rusak batang tanam akibat konflik kait milik lahan
LP/B/101/VII/2024/Kalbar/Res Mpw/Sek Sui Pinyuh,16 Juli 2024,"Ketika korban sedang beristirahat, oknum pelaku memanjat pagar menggunakan tang besi, lalu mengambil tanpa izin mesin air milik korban.",Ketika korban sedang beristirahat oknum pelaku memanjat pagar menggunakan tang besi lalu mengambil tanpa izin mesin air milik korban,ketika korban sedang beristirahat oknum pelaku memanjat pagar menggunakan tang besi lalu mengambil tanpa izin mesin air milik korban,ketika korban sedang beristirahat oknum pelaku memanjat pagar menggunakan tang besi lalu mengambil tanpa izin mesin air milik korban,"['ketika', 'korban', 'sedang', 'beristirahat', 'oknum', 'pelaku', 'memanjat', 'pagar', 'menggunakan', 'tang', 'besi', 'lalu', 'mengambil', 'tanpa', 'izin', 'mesin', 'air', 'milik', 'korban']","['korban', 'beristirahat', 'oknum', 'pelaku', 'memanjat', 'pagar', 'tang', 'besi', 'mengambil', 'izin', 'mesin', 'air', 'milik', 'korban']","['korban', 'istirahat', 'oknum', 'pelaku', 'panjat', 'pagar', 'tang', 'besi', 'ambil', 'izin', 'mesin', 'air', 'milik', 'korban']",korban istirahat oknum pelaku panjat pagar tang besi ambil izin mesin air milik korban
LP/B/103/VII/2024/Kalbar/Res Mpw/Sek Sui Pinyuh,20 Juli 2024,"seseorang yang tidak dikenal masuk ke dalam rumah dengan cara masuk melalui atap saat situasi sedang sepi, kemudian mengambil mesin air.",seseorang yang tidak dikenal masuk ke dalam rumah dengan cara masuk melalui atap saat situasi sedang sepi kemudian mengambil mesin air,seseorang yang tidak dikenal masuk ke dalam rumah dengan cara masuk melalui atap saat situasi sedang sepi kemudian mengambil mesin air,seseorang yang tidak dikenal masuk ke dalam rumah dengan cara masuk melalui atap saat situasi sedang sepi kemudian mengambil mesin air,"['seseorang', 'yang', 'tidak', 'dikenal', 'masuk', 'ke', 'dalam', 'rumah', 'dengan', 'cara', 'masuk', 'melalui', 'atap', 'saat', 'situasi', 'sedang', 'sepi', 'kemudian', 'mengambil', 'mesin', 'air']","['dikenal', 'masuk', 'rumah', 'masuk', 'atap', 'situasi', 'sepi', 'mengambil', 'mesin', 'air']","['kenal', 'masuk', 'rumah', 'masuk', 'atap', 'situasi', 'sepi', 'ambil', 'mesin', 'air']",kenal masuk rumah masuk atap situasi sepi ambil mesin air
LP/B/104/VII/2024/Kalbar/Res Mpw/Sek Sui Pinyuh,22 Juli 2024,"Pelaku menjual mobil bekas dengan dokumen yang ternyata palsu. Setelah transaksi selesai dan pembayaran dilakukan, diketahui kendaraan tersebut masih dalam status kredit dan bermasalah secara hukum.",Pelaku menjual mobil bekas dengan dokumen yang ternyata palsu Setelah transaksi selesai dan pembayaran dilakukan diketahui kendaraan tersebut masih dalam status kredit dan bermasalah secara hukum,pelaku menjual mobil bekas dengan dokumen yang ternyata palsu setelah transaksi selesai dan pembayaran dilakukan diketahui kendaraan tersebut masih dalam status kredit dan bermasalah secara hukum,pelaku menjual mobil bekas dengan dokumen yang ternyata palsu setelah transaksi selesai dan pembayaran dilakukan diketahui kendaraan tersebut masih dalam status kredit dan bermasalah secara hukum,"['pelaku', 'menjual', 'mobil', 'bekas', 'dengan', 'dokumen', 'yang', 'ternyata', 'palsu', 'setelah', 'transaksi', 'selesai', 'dan', 'pembayaran', 'dilakukan', 'diketahui', 'kendaraan', 'tersebut', 'masih', 'dalam', 'status', 'kredit', 'dan', 'bermasalah', 'secara', 'hukum']","['pelaku', 'menjual', 'mobil', 'bekas', 'dokumen', 'palsu', 'transaksi', 'selesai', 'pembayaran', 'kendaraan', 'status', 'kredit', 'bermasalah', 'hukum']","['pelaku', 'jual', 'mobil', 'bekas', 'dokumen', 'palsu', 'transaksi', 'selesai', 'bayar', 'kendara', 'status', 'kredit', 'masalah', 'hukum']",pelaku jual mobil bekas dokumen palsu transaksi selesai bayar kendara status kredit masalah hukum
LP/B/105/VII/2024/Kalbar/Res Mpw/Sek Sui Pinyuh,23 Juli 2024,"Mulanya pelapor meninggalkan rumah, seseorang yang tidak dikenal mendobrak pintu belakang dengan tangan kosong, lalu mengambil mesin air milik korban.",Mulanya pelapor meninggalkan rumah seseorang yang tidak dikenal mendobrak pintu belakang dengan tangan kosong lalu mengambil mesin air milik korban,mulanya pelapor meninggalkan rumah seseorang yang tidak dikenal mendobrak pintu belakang dengan tangan kosong lalu mengambil mesin air milik korban,mulanya pelapor meninggalkan rumah seseorang yang tidak dikenal mendobrak pintu belakang dengan tangan kosong lalu mengambil mesin air milik korban,"['mulanya', 'pelapor', 'meninggalkan', 'rumah', 'seseorang', 'yang', 'tidak', 'dikenal', 'mendobrak', 'pintu', 'belakang', 'dengan', 'tangan', 'kosong', 'lalu', 'mengambil', 'mesin', 'air', 'milik', 'korban']","['pelapor', 'meninggalkan', 'rumah', 'dikenal', 'mendobrak', 'pintu', 'tangan', 'kosong', 'mengambil', 'mesin', 'air', 'milik', 'korban']","['lapor', 'tinggal', 'rumah', 'kenal', 'dobrak', 'pintu', 'tangan', 'kosong', 'ambil', 'mesin', 'air', 'milik', 'korban']",lapor tinggal rumah kenal dobrak pintu tangan kosong ambil mesin air milik korban
LP/B/106/VII/2024/Kalbar/Res Mpw/Sek Sui Pinyuh,24 Juli 2024,Korban mengalami kerugian Rp 2.000.000 akibat ulah tersangka yang menipu korban terkait arisan bodong.,Korban mengalami kerugian Rp akibat ulah tersangka yang menipu korban terkait arisan bodong,korban mengalami kerugian rp akibat ulah tersangka yang menipu korban terkait arisan bodong,korban mengalami kerugian rupiah akibat ulah tersangka yang menipu korban terkait arisan bodong,"['korban', 'mengalami', 'kerugian', 'rupiah', 'akibat', 'ulah', 'tersangka', 'yang', 'menipu', 'korban', 'terkait', 'arisan', 'bodong']","['korban', 'mengalami', 'kerugian', 'rupiah', 'akibat', 'ulah', 'tersangka', 'menipu', 'korban', 'terkait', 'arisan', 'bodong']","['korban', 'alami', 'rugi', 'rupiah', 'akibat', 'ulah', 'tersangka', 'tipu', 'korban', 'kait', 'arisan', 'bodong']",korban alami rugi rupiah akibat ulah tersangka tipu korban kait arisan bodong
LP/B/107/VII/2024/Kalbar/Res Mpw/Sek Sui Pinyuh,24 Juli 2024,"Karena emosi karena tersinggung, pelaku memecahkan pintu rumah milik pelapor menggunakan helm.",Karena emosi karena tersinggung pelaku memecahkan pintu rumah milik pelapor menggunakan helm,karena emosi karena tersinggung pelaku memecahkan pintu rumah milik pelapor menggunakan helm,karena emosi karena tersinggung pelaku memecahkan pintu rumah milik pelapor menggunakan helm,"['karena', 'emosi', 'karena', 'tersinggung', 'pelaku', 'memecahkan', 'pintu', 'rumah', 'milik', 'pelapor', 'menggunakan', 'helm']","['emosi', 'tersinggung', 'pelaku', 'memecahkan', 'pintu', 'rumah', 'milik', 'pelapor', 'helm']","['emosi', 'singgung', 'pelaku', 'pecah', 'pintu', 'rumah', 'milik', 'lapor', 'helm']",emosi singgung pelaku pecah pintu rumah milik lapor helm
LP/B/108/VII/2024/Kalbar/Res Mpw/Sek Sui Pinyuh,25 Juli 2024,"seseorang yang tidak dikenal masuk ke dalam rumah dengan cara merusak kunci pintu saat korban sedang tidur, kemudian mengambil laptop merk Asus.",seseorang yang tidak dikenal masuk ke dalam rumah dengan cara merusak kunci pintu saat korban sedang tidur kemudian mengambil laptop merk Asus,seseorang yang tidak dikenal masuk ke dalam rumah dengan cara merusak kunci pintu saat korban sedang tidur kemudian mengambil laptop merk asus,seseorang yang tidak dikenal masuk ke dalam rumah dengan cara merusak kunci pintu saat korban sedang tidur kemudian mengambil laptop merk asus,"['seseorang', 'yang', 'tidak', 'dikenal', 'masuk', 'ke', 'dalam', 'rumah', 'dengan', 'cara', 'merusak', 'kunci', 'pintu', 'saat', 'korban', 'sedang', 'tidur', 'kemudian', 'mengambil', 'laptop', 'merk', 'asus']","['dikenal', 'masuk', 'rumah', 'merusak', 'kunci', 'pintu', 'korban', 'tidur', 'mengambil', 'laptop', 'merk', 'asus']","['kenal', 'masuk', 'rumah', 'rusak', 'kunci', 'pintu', 'korban', 'tidur', 'ambil', 'laptop', 'merk', 'asus']",kenal masuk rumah rusak kunci pintu korban tidur ambil laptop merk asus
LP/B/109/VII/2024/Kalbar/Res Mpw/Sek Sui Pinyuh,26 Juli 2024,terlapor (lidik) datang ke rumah korban lalu memecahkan kaca mobil memakai kayu setelah cekcok mulut.,terlapor lidik datang ke rumah korban lalu memecahkan kaca mobil memakai kayu setelah cekcok mulut,terlapor lidik datang ke rumah korban lalu memecahkan kaca mobil memakai kayu setelah cekcok mulut,terlapor lidik datang ke rumah korban lalu memecahkan kaca mobil memakai kayu setelah cekcok mulut,"['terlapor', 'lidik', 'datang', 'ke', 'rumah', 'korban', 'lalu', 'memecahkan', 'kaca', 'mobil', 'memakai', 'kayu', 'setelah', 'cekcok', 'mulut']","['terlapor', 'lidik', 'rumah', 'korban', 'memecahkan', 'kaca', 'mobil', 'memakai', 'kayu', 'cekcok', 'mulut']","['terlapor', 'lidik', 'rumah', 'korban', 'pecah', 'kaca', 'mobil', 'pakai', 'kayu', 'cekcok', 'mulut']",terlapor lidik rumah korban pecah kaca mobil pakai kayu cekcok mulut
LP/B/110/VII/2024/Kalbar/Res Mpw/Sek Sui Pinyuh,26 Juli 2024,"Pelaku menyembunyikan narkotika di dalam kendaraan roda dua untuk menghindari pemeriksaan, namun berhasil ditemukan saat razia rutin.",Pelaku menyembunyikan narkotika di dalam kendaraan roda dua untuk menghindari pemeriksaan namun berhasil ditemukan saat razia rutin,pelaku menyembunyikan narkotika di dalam kendaraan roda dua untuk menghindari pemeriksaan namun berhasil ditemukan saat razia rutin,pelaku menyembunyikan narkotika di dalam kendaraan roda dua untuk menghindari pemeriksaan namun berhasil ditemukan saat razia rutin,"['pelaku', 'menyembunyikan', 'narkotika', 'di', 'dalam', 'kendaraan', 'roda', 'dua', 'untuk', 'menghindari', 'pemeriksaan', 'namun', 'berhasil', 'ditemukan', 'saat', 'razia', 'rutin']","['pelaku', 'menyembunyikan', 'narkotika', 'kendaraan', 'roda', 'menghindari', 'pemeriksaan', 'berhasil', 'ditemukan', 'razia', 'rutin']","['pelaku', 'sembunyi', 'narkotika', 'kendara', 'roda', 'hindar', 'periksa', 'hasil', 'temu', 'razia', 'rutin']",pelaku sembunyi narkotika kendara roda hindar periksa hasil temu razia rutin
LP/B/111/VII/2024/Kalbar/Res Mpw/Sek Sui Pinyuh,28 Juli 2024,Terjadi perusakan kaca mobil dengan cara dilempar batu setelah terjadi pertengkaran di jalan raya akibat senggolan kendaraan.,Terjadi perusakan kaca mobil dengan cara dilempar batu setelah terjadi pertengkaran di jalan raya akibat senggolan kendaraan,terjadi perusakan kaca mobil dengan cara dilempar batu setelah terjadi pertengkaran di jalan raya akibat senggolan kendaraan,terjadi perusakan kaca mobil dengan cara dilempar batu setelah terjadi pertengkaran di jalan raya akibat senggolan kendaraan,"['terjadi', 'perusakan', 'kaca', 'mobil', 'dengan', 'cara', 'dilempar', 'batu', 'setelah', 'terjadi', 'pertengkaran', 'di', 'jalan', 'raya', 'akibat', 'senggolan', 'kendaraan']","['perusakan', 'kaca', 'mobil', 'dilempar', 'batu', 'pertengkaran', 'jalan', 'raya', 'akibat', 'senggolan', 'kendaraan']","['perusakan', 'kaca', 'mobil', 'lempar', 'batu', 'tengkar', 'jalan', 'raya', 'akibat', 'senggol', 'kendara']",perusakan kaca mobil lempar batu tengkar jalan raya akibat senggol kendara
LP/B/112/VII/2024/Kalbar/Res Mpw/Sek Sui Pinyuh,28 Juli 2024,"Pelaku mengaku sebagai agen perjalanan resmi dan menawarkan paket wisata keluarga dengan harga promosi. Setelah korban membayar, jadwal keberangkatan dibatalkan tanpa pengembalian dana.",Pelaku mengaku sebagai agen perjalanan resmi dan menawarkan paket wisata keluarga dengan harga promosi Setelah korban membayar jadwal keberangkatan dibatalkan tanpa pengembalian dana,pelaku mengaku sebagai agen perjalanan resmi dan menawarkan paket wisata keluarga dengan harga promosi setelah korban membayar jadwal keberangkatan dibatalkan tanpa pengembalian dana,pelaku mengaku sebagai agen perjalanan resmi dan menawarkan paket wisata keluarga dengan harga promosi setelah korban membayar jadwal keberangkatan dibatalkan tanpa pengembalian dana,"['pelaku', 'mengaku', 'sebagai', 'agen', 'perjalanan', 'resmi', 'dan', 'menawarkan', 'paket', 'wisata', 'keluarga', 'dengan', 'harga', 'promosi', 'setelah', 'korban', 'membayar', 'jadwal', 'keberangkatan', 'dibatalkan', 'tanpa', 'pengembalian', 'dana']","['pelaku', 'mengaku', 'agen', 'perjalanan', 'resmi', 'menawarkan', 'paket', 'wisata', 'keluarga', 'harga', 'promosi', 'korban', 'membayar', 'jadwal', 'keberangkatan', 'dibatalkan', 'pengembalian', 'dana']","['pelaku', 'aku', 'agen', 'jalan', 'resmi', 'tawar', 'paket', 'wisata', 'keluarga', 'harga', 'promosi', 'korban', 'bayar', 'jadwal', 'berangkat', 'batal', 'kembali', 'dana']",pelaku aku agen jalan resmi tawar paket wisata keluarga harga promosi korban bayar jadwal berangkat batal kembali dana
LP/B/113/VII/2024/Kalbar/Res Mpw/Sek Sui Pinyuh,28 Juli 2024,Terjadi perusakan terhadap pintu gudang dengan cara dibongkar paksa akibat pelaku menuduh korban menyimpan barang miliknya.,Terjadi perusakan terhadap pintu gudang dengan cara dibongkar paksa akibat pelaku menuduh korban menyimpan barang miliknya,terjadi perusakan terhadap pintu gudang dengan cara dibongkar paksa akibat pelaku menuduh korban menyimpan barang miliknya,terjadi perusakan terhadap pintu gudang dengan cara dibongkar paksa akibat pelaku menuduh korban menyimpan barang miliknya,"['terjadi', 'perusakan', 'terhadap', 'pintu', 'gudang', 'dengan', 'cara', 'dibongkar', 'paksa', 'akibat', 'pelaku', 'menuduh', 'korban', 'menyimpan', 'barang', 'miliknya']","['perusakan', 'pintu', 'gudang', 'dibongkar', 'paksa', 'akibat', 'pelaku', 'menuduh', 'korban', 'menyimpan', 'barang', 'miliknya']","['perusakan', 'pintu', 'gudang', 'bongkar', 'paksa', 'akibat', 'pelaku', 'tuduh', 'korban', 'simpan', 'barang', 'milik']",perusakan pintu gudang bongkar paksa akibat pelaku tuduh korban simpan barang milik
LP/B/114/VII/2024/Kalbar/Res Mpw/Sek Sui Pinyuh,30 Juli 2024,"Pelaku mengambil terpal, mesin pompa air, timbangan digital dan kopling selang pemadam dalam gudang yang tidak terkunci",Pelaku mengambil terpal mesin pompa air timbangan digital dan kopling selang pemadam dalam gudang yang tidak terkunci,pelaku mengambil terpal mesin pompa air timbangan digital dan kopling selang pemadam dalam gudang yang tidak terkunci,pelaku mengambil terpal mesin pompa air timbangan digital dan kopling selang pemadam dalam gudang yang tidak terkunci,"['pelaku', 'mengambil', 'terpal', 'mesin', 'pompa', 'air', 'timbangan', 'digital', 'dan', 'kopling', 'selang', 'pemadam', 'dalam', 'gudang', 'yang', 'tidak', 'terkunci']","['pelaku', 'mengambil', 'terpal', 'mesin', 'pompa', 'air', 'timbangan', 'digital', 'kopling', 'selang', 'pemadam', 'gudang', 'terkunci']","['pelaku', 'ambil', 'terpal', 'mesin', 'pompa', 'air', 'timbang', 'digital', 'kopling', 'selang', 'madam', 'gudang', 'kunci']",pelaku ambil terpal mesin pompa air timbang digital kopling selang madam gudang kunci
LP/B/115/VII/2024/Kalbar/Res Mpw/Sek Sui Pinyuh,30 Juli 2024,"Tersangka menelepon korban saat jam sekolah, mengaku sebagai guru atau pihak rumah sakit. Dengan suara latar sirine ambulans (rekaman), tersangka mengatakan anak korban jatuh dari tangga sekolah dan mengalami pendarahan otak kritis. Tersangka meminta transfer uang segera untuk pembelian alat medis khusus yang tidak ditanggung asuransi agar operasi bisa segera dilakukan. Korban yang panik langsung mentransfer tanpa mengecek ke sekolah.",Tersangka menelepon korban saat jam sekolah mengaku sebagai guru atau pihak rumah sakit Dengan suara latar sirine ambulans rekaman tersangka mengatakan anak korban jatuh dari tangga sekolah dan mengalami pendarahan otak kritis Tersangka meminta transfer uang segera untuk pembelian alat medis khusus yang tidak ditanggung asuransi agar operasi bisa segera dilakukan Korban yang panik langsung mentransfer tanpa mengecek ke sekolah,tersangka menelepon korban saat jam sekolah mengaku sebagai guru atau pihak rumah sakit dengan suara latar sirine ambulans rekaman tersangka mengatakan anak korban jatuh dari tangga sekolah dan mengalami pendarahan otak kritis tersangka meminta transfer uang segera untuk pembelian alat medis khusus yang tidak ditanggung asuransi agar operasi bisa segera dilakukan korban yang panik langsung mentransfer tanpa mengecek ke sekolah,tersangka menelepon korban saat jam sekolah mengaku sebagai guru atau pihak rumah sakit dengan suara latar sirine ambulans rekaman tersangka mengatakan anak korban jatuh dari tangga sekolah dan mengalami pendarahan otak kritis tersangka meminta transfer uang segera untuk pembelian alat medis khusus yang tidak ditanggung asuransi agar operasi bisa segera dilakukan korban yang panik langsung mentransfer tanpa mengecek ke sekolah,"['tersangka', 'menelepon', 'korban', 'saat', 'jam', 'sekolah', 'mengaku', 'sebagai', 'guru', 'atau', 'pihak', 'rumah', 'sakit', 'dengan', 'suara', 'latar', 'sirine', 'ambulans', 'rekaman', 'tersangka', 'mengatakan', 'anak', 'korban', 'jatuh', 'dari', 'tangga', 'sekolah', 'dan', 'mengalami', 'pendarahan', 'otak', 'kritis', 'tersangka', 'meminta', 'transfer', 'uang', 'segera', 'untuk', 'pembelian', 'alat', 'medis', 'khusus', 'yang', 'tidak', 'ditanggung', 'asuransi', 'agar', 'operasi', 'bisa', 'segera', 'dilakukan', 'korban', 'yang', 'panik', 'langsung', 'mentransfer', 'tanpa', 'mengecek', 'ke', 'sekolah']","['tersangka', 'menelepon', 'korban', 'jam', 'sekolah', 'mengaku', 'guru', 'rumah', 'sakit', 'suara', 'latar', 'sirine', 'ambulans', 'rekaman', 'tersangka', 'anak', 'korban', 'jatuh', 'tangga', 'sekolah', 'mengalami', 'pendarahan', 'otak', 'kritis', 'tersangka', 'transfer', 'uang', 'pembelian', 'alat', 'medis', 'khusus', 'ditanggung', 'asuransi', 'operasi', 'korban', 'panik', 'langsung', 'mentransfer', 'mengecek', 'sekolah']","['tersangka', 'telepon', 'korban', 'jam', 'sekolah', 'aku', 'guru', 'rumah', 'sakit', 'suara', 'latar', 'sirine', 'ambulans', 'rekam', 'tersangka', 'anak', 'korban', 'jatuh', 'tangga', 'sekolah', 'alami', 'darah', 'otak', 'kritis', 'tersangka', 'transfer', 'uang', 'beli', 'alat', 'medis', 'khusus', 'tanggung', 'asuransi', 'operasi', 'korban', 'panik', 'langsung', 'transfer', 'ecek', 'sekolah']",tersangka telepon korban jam sekolah aku guru rumah sakit suara latar sirine ambulans rekam tersangka anak korban jatuh tangga sekolah alami darah otak kritis tersangka transfer uang beli alat medis khusus tanggung asuransi operasi korban panik langsung transfer ecek sekolah
LP/B/119/VIII/2024/Kalbar/Res/Mpw/Sek/Sui Pinyuh,5 Agustus 2024,"Pelaku melihat uang tunai Rp 10.000.000 yang diletakkan korban di Jl. Pendidikan, Desa/Kel. Galang, Kec. Sungai Pinyuh, kemudian dengan cepat mengambil barang berharga tersebut.",Pelaku melihat uang tunai Rp yang diletakkan korban di Jl Pendidikan Desa Kel Galang Kec Sungai Pinyuh kemudian dengan cepat mengambil barang berharga tersebut,pelaku melihat uang tunai rp yang diletakkan korban di jl pendidikan desa kel galang kec sungai pinyuh kemudian dengan cepat mengambil barang berharga tersebut,pelaku melihat uang tunai rupiah yang diletakkan korban di jalan pendidikan desa keluarga galang kecamatan sungai pinyuh kemudian dengan cepat mengambil barang berharga tersebut,"['pelaku', 'melihat', 'uang', 'tunai', 'rupiah', 'yang', 'diletakkan', 'korban', 'di', 'jalan', 'pendidikan', 'desa', 'keluarga', 'galang', 'kecamatan', 'sungai', 'pinyuh', 'kemudian', 'dengan', 'cepat', 'mengambil', 'barang', 'berharga', 'tersebut']","['pelaku', 'uang', 'tunai', 'rupiah', 'diletakkan', 'korban', 'jalan', 'pendidikan', 'desa', 'keluarga', 'galang', 'kecamatan', 'sungai', 'pinyuh', 'cepat', 'mengambil', 'barang', 'berharga']","['pelaku', 'uang', 'tunai', 'rupiah', 'letak', 'korban', 'jalan', 'didik', 'desa', 'keluarga', 'galang', 'camat', 'sungai', 'pinyuh', 'cepat', 'ambil', 'barang', 'harga']",pelaku uang tunai rupiah letak korban jalan didik desa keluarga galang camat sungai pinyuh cepat ambil barang harga
LP/B/122/VIII/2024/Kalbar/Res/Mpw/Sek/Sui Pinyuh,18 Agustus 2024,"Pelaku merusak kunci stang motor menggunakan kunci T saat motor diparkir di Jl. Raya Nusapati, Desa/Kel. Nusapati, Kec. Sungai Pinyuh, lalu membawanya kabur.",Pelaku merusak kunci stang motor menggunakan kunci T saat motor diparkir di Jl Raya Nusapati Desa Kel Nusapati Kec Sungai Pinyuh lalu membawanya kabur,pelaku merusak kunci stang motor menggunakan kunci t saat motor diparkir di jl raya nusapati desa kel nusapati kec sungai pinyuh lalu membawanya kabur,pelaku merusak kunci stang motor menggunakan kunci t saat motor diparkir di jalan raya nusapati desa keluarga nusapati kecamatan sungai pinyuh lalu membawanya kabur,"['pelaku', 'merusak', 'kunci', 'stang', 'motor', 'menggunakan', 'kunci', 't', 'saat', 'motor', 'diparkir', 'di', 'jalan', 'raya', 'nusapati', 'desa', 'keluarga', 'nusapati', 'kecamatan', 'sungai', 'pinyuh', 'lalu', 'membawanya', 'kabur']","['pelaku', 'merusak', 'kunci', 'stang', 'motor', 'kunci', 'motor', 'diparkir', 'jalan', 'raya', 'nusapati', 'desa', 'keluarga', 'nusapati', 'kecamatan', 'sungai', 'pinyuh', 'membawanya', 'kabur']","['pelaku', 'rusak', 'kunci', 'stang', 'motor', 'kunci', 'motor', 'parkir', 'jalan', 'raya', 'nusapati', 'desa', 'keluarga', 'nusapati', 'camat', 'sungai', 'pinyuh', 'bawa', 'kabur']",pelaku rusak kunci stang motor kunci motor parkir jalan raya nusapati desa keluarga nusapati camat sungai pinyuh bawa kabur
LP/B/123/VIII/2024/Kalbar/Res/Mpw/Sek/Sui Pinyuh,19 Agustus 2024,"Pelaku menjual hewan ternak dengan menunjukkan foto dan video meyakinkan, namun setelah korban mentransfer dana, hewan yang dijanjikan tidak pernah dikirim.",Pelaku menjual hewan ternak dengan menunjukkan foto dan video meyakinkan namun setelah korban mentransfer dana hewan yang dijanjikan tidak pernah dikirim,pelaku menjual hewan ternak dengan menunjukkan foto dan video meyakinkan namun setelah korban mentransfer dana hewan yang dijanjikan tidak pernah dikirim,pelaku menjual hewan ternak dengan menunjukkan foto dan video meyakinkan namun setelah korban mentransfer dana hewan yang dijanjikan tidak pernah dikirim,"['pelaku', 'menjual', 'hewan', 'ternak', 'dengan', 'menunjukkan', 'foto', 'dan', 'video', 'meyakinkan', 'namun', 'setelah', 'korban', 'mentransfer', 'dana', 'hewan', 'yang', 'dijanjikan', 'tidak', 'pernah', 'dikirim']","['pelaku', 'menjual', 'hewan', 'ternak', 'foto', 'video', 'korban', 'mentransfer', 'dana', 'hewan', 'dijanjikan', 'dikirim']","['pelaku', 'jual', 'hewan', 'ternak', 'foto', 'video', 'korban', 'transfer', 'dana', 'hewan', 'janji', 'kirim']",pelaku jual hewan ternak foto video korban transfer dana hewan janji kirim
LP/B/124/VIII/2024/Kalbar/Res/Mpw/Sek/Sui Pinyuh,19 Agustus 2024,"Pelaku masuk ke dalam gudang dengan cara merusak gembok, kemudian mengambil perhiasan emas seberat 15 gram.",Pelaku masuk ke dalam gudang dengan cara merusak gembok kemudian mengambil perhiasan emas seberat gram,pelaku masuk ke dalam gudang dengan cara merusak gembok kemudian mengambil perhiasan emas seberat gram,pelaku masuk ke dalam gudang dengan cara merusak gembok kemudian mengambil perhiasan emas seberat gram,"['pelaku', 'masuk', 'ke', 'dalam', 'gudang', 'dengan', 'cara', 'merusak', 'gembok', 'kemudian', 'mengambil', 'perhiasan', 'emas', 'seberat', 'gram']","['pelaku', 'masuk', 'gudang', 'merusak', 'gembok', 'mengambil', 'perhiasan', 'emas', 'seberat', 'gram']","['pelaku', 'masuk', 'gudang', 'rusak', 'gembok', 'ambil', 'hias', 'emas', 'berat', 'gram']",pelaku masuk gudang rusak gembok ambil hias emas berat gram
LP/B/125/VIII/2024/Kalbar/Res/Mpw/Sek/Sui Pinyuh,21 Agustus 2024,"Berdasarkan informasi warga, petugas melakukan penggerebekan di Gg. Sepakat RT 01/RW 09, Sungai Batang, Kec. Sungai Pinyuh, Kab. Mempawah dan mendapati pelaku sedang membagi paket ganja.",Berdasarkan informasi warga petugas melakukan penggerebekan di Gg Sepakat RT RW Sungai Batang Kec Sungai Pinyuh Kab Mempawah dan mendapati pelaku sedang membagi paket ganja,berdasarkan informasi warga petugas melakukan penggerebekan di gg sepakat rt rw sungai batang kec sungai pinyuh kab mempawah dan mendapati pelaku sedang membagi paket ganja,berdasarkan informasi warga petugas melakukan penggerebekan di gang sepakat rukun tetangga rukun warga sungai batang kecamatan sungai pinyuh kabupaten mempawah dan mendapati pelaku sedang membagi paket ganja,"['berdasarkan', 'informasi', 'warga', 'petugas', 'melakukan', 'penggerebekan', 'di', 'gang', 'sepakat', 'rukun', 'tetangga', 'rukun', 'warga', 'sungai', 'batang', 'kecamatan', 'sungai', 'pinyuh', 'kabupaten', 'mempawah', 'dan', 'mendapati', 'pelaku', 'sedang', 'membagi', 'paket', 'ganja']","['berdasarkan', 'informasi', 'warga', 'petugas', 'penggerebekan', 'gang', 'sepakat', 'rukun', 'tetangga', 'rukun', 'warga', 'sungai', 'batang', 'kecamatan', 'sungai', 'pinyuh', 'kabupaten', 'mempawah', 'mendapati', 'pelaku', 'membagi', 'paket', 'ganja']","['dasar', 'informasi', 'warga', 'petugas', 'gerebek', 'gang', 'sepakat', 'rukun', 'tetangga', 'rukun', 'warga', 'sungai', 'batang', 'camat', 'sungai', 'pinyuh', 'kabupaten', 'mempawah', 'dapat', 'pelaku', 'bagi', 'paket', 'ganja']",dasar informasi warga petugas gerebek gang sepakat rukun tetangga rukun warga sungai batang camat sungai pinyuh kabupaten mempawah dapat pelaku bagi paket ganja
LP/B/127/VIII/2024/Kalbar/Res/Mpw/Sek/Sui Pinyuh,23 Agustus 2024,Terjadi perusakan terhadap atap seng rumah korban dengan cara dilempari benda keras akibat dendam pribadi yang belum terselesaikan.,Terjadi perusakan terhadap atap seng rumah korban dengan cara dilempari benda keras akibat dendam pribadi yang belum terselesaikan,terjadi perusakan terhadap atap seng rumah korban dengan cara dilempari benda keras akibat dendam pribadi yang belum terselesaikan,terjadi perusakan terhadap atap seng rumah korban dengan cara dilempari benda keras akibat dendam pribadi yang belum terselesaikan,"['terjadi', 'perusakan', 'terhadap', 'atap', 'seng', 'rumah', 'korban', 'dengan', 'cara', 'dilempari', 'benda', 'keras', 'akibat', 'dendam', 'pribadi', 'yang', 'belum', 'terselesaikan']","['perusakan', 'atap', 'seng', 'rumah', 'korban', 'dilempari', 'benda', 'keras', 'akibat', 'dendam', 'pribadi', 'terselesaikan']","['perusakan', 'atap', 'seng', 'rumah', 'korban', 'lempari', 'benda', 'keras', 'akibat', 'dendam', 'pribadi', 'selesai']",perusakan atap seng rumah korban lempari benda keras akibat dendam pribadi selesai
LP/B/130/VIII/2024/Kalbar/Res/Mpw/Sek/Sui Pinyuh,29 Agustus 2024,"Tersangka mengirimkan pesan WhatsApp massal dengan logo bank, menyatakan bahwa tarif transfer bank akan naik menjadi Rp150.000/bulan, kecuali nasabah mengisi formulir penolakan. Pesan tersebut menyertakan Link Phishing (tautan palsu) yang tampilannya mirip website bank resmi. Saat korban mengisi data (Nomor Kartu, CVV, OTP) di web palsu tersebut, tersangka menggunakan data itu secara real-time untuk menguras isi rekening korban.",Tersangka mengirimkan pesan WhatsApp massal dengan logo bank menyatakan bahwa tarif transfer bank akan naik menjadi Rp bulan kecuali nasabah mengisi formulir penolakan Pesan tersebut menyertakan Link Phishing tautan palsu yang tampilannya mirip website bank resmi Saat korban mengisi data Nomor Kartu CVV OTP di web palsu tersebut tersangka menggunakan data itu secara real time untuk menguras isi rekening korban,tersangka mengirimkan pesan whatsapp massal dengan logo bank menyatakan bahwa tarif transfer bank akan naik menjadi rp bulan kecuali nasabah mengisi formulir penolakan pesan tersebut menyertakan link phishing tautan palsu yang tampilannya mirip website bank resmi saat korban mengisi data nomor kartu cvv otp di web palsu tersebut tersangka menggunakan data itu secara real time untuk menguras isi rekening korban,tersangka mengirimkan pesan whatsapp massal dengan logo bank menyatakan bahwa tarif transfer bank akan naik menjadi rupiah bulan kecuali nasabah mengisi formulir penolakan pesan tersebut menyertakan link phishing tautan palsu yang tampilannya mirip website bank resmi saat korban mengisi data nomor kartu cvv otp di web palsu tersebut tersangka menggunakan data itu secara real time untuk menguras isi rekening korban,"['tersangka', 'mengirimkan', 'pesan', 'whatsapp', 'massal', 'dengan', 'logo', 'bank', 'menyatakan', 'bahwa', 'tarif', 'transfer', 'bank', 'akan', 'naik', 'menjadi', 'rupiah', 'bulan', 'kecuali', 'nasabah', 'mengisi', 'formulir', 'penolakan', 'pesan', 'tersebut', 'menyertakan', 'link', 'phishing', 'tautan', 'palsu', 'yang', 'tampilannya', 'mirip', 'website', 'bank', 'resmi', 'saat', 'korban', 'mengisi', 'data', 'nomor', 'kartu', 'cvv', 'otp', 'di', 'web', 'palsu', 'tersebut', 'tersangka', 'menggunakan', 'data', 'itu', 'secara', 'real', 'time', 'untuk', 'menguras', 'isi', 'rekening', 'korban']","['tersangka', 'mengirimkan', 'pesan', 'whatsapp', 'massal', 'logo', 'bank', 'tarif', 'transfer', 'bank', 'rupiah', 'kecuali', 'nasabah', 'mengisi', 'formulir', 'penolakan', 'pesan', 'menyertakan', 'link', 'phishing', 'tautan', 'palsu', 'tampilannya', 'website', 'bank', 'resmi', 'korban', 'mengisi', 'data', 'nomor', 'kartu', 'cvv', 'otp', 'web', 'palsu', 'tersangka', 'data', 'real', 'time', 'menguras', 'isi', 'rekening', 'korban']","['tersangka', 'kirim', 'pesan', 'whatsapp', 'massal', 'logo', 'bank', 'tarif', 'transfer', 'bank', 'rupiah', 'kecuali', 'nasabah', 'isi', 'formulir', 'tolak', 'pesan', 'serta', 'link', 'phishing', 'taut', 'palsu', 'tampil', 'website', 'bank', 'resmi', 'korban', 'isi', 'data', 'nomor', 'kartu', 'cvv', 'otp', 'web', 'palsu', 'tersangka', 'data', 'real', 'time', 'menguras', 'isi', 'rekening', 'korban']",tersangka kirim pesan whatsapp massal logo bank tarif transfer bank rupiah kecuali nasabah isi formulir tolak pesan serta link phishing taut palsu tampil website bank resmi korban isi data nomor kartu cvv otp web palsu tersangka data real time menguras isi rekening korban
LP/B/136/IX/2024/Kalbar/Res/Mpw/Sek/Sui Pinyuh,4 September 2024,Perusakan dilakukan terhadap fasilitas umum berupa bangku taman dengan cara dipatahkan akibat pelaku melampiaskan emosi setelah kalah dalam permainan.,Perusakan dilakukan terhadap fasilitas umum berupa bangku taman dengan cara dipatahkan akibat pelaku melampiaskan emosi setelah kalah dalam permainan,perusakan dilakukan terhadap fasilitas umum berupa bangku taman dengan cara dipatahkan akibat pelaku melampiaskan emosi setelah kalah dalam permainan,perusakan dilakukan terhadap fasilitas umum berupa bangku taman dengan cara dipatahkan akibat pelaku melampiaskan emosi setelah kalah dalam permainan,"['perusakan', 'dilakukan', 'terhadap', 'fasilitas', 'umum', 'berupa', 'bangku', 'taman', 'dengan', 'cara', 'dipatahkan', 'akibat', 'pelaku', 'melampiaskan', 'emosi', 'setelah', 'kalah', 'dalam', 'permainan']","['perusakan', 'fasilitas', 'bangku', 'taman', 'dipatahkan', 'akibat', 'pelaku', 'melampiaskan', 'emosi', 'kalah', 'permainan']","['perusakan', 'fasilitas', 'bangku', 'taman', 'patah', 'akibat', 'pelaku', 'lampias', 'emosi', 'kalah', 'main']",perusakan fasilitas bangku taman patah akibat pelaku lampias emosi kalah main
LP/B/137/IX/2024/Kalbar/Res/Mpw/Sek/Sui Pinyuh,4 September 2024,"Pelaku masuk ke dalam gudang dengan cara merusak gembok, kemudian mengambil 1 unit Laptop ASUS.",Pelaku masuk ke dalam gudang dengan cara merusak gembok kemudian mengambil unit Laptop ASUS,pelaku masuk ke dalam gudang dengan cara merusak gembok kemudian mengambil unit laptop asus,pelaku masuk ke dalam gudang dengan cara merusak gembok kemudian mengambil unit laptop asus,"['pelaku', 'masuk', 'ke', 'dalam', 'gudang', 'dengan', 'cara', 'merusak', 'gembok', 'kemudian', 'mengambil', 'unit', 'laptop', 'asus']","['pelaku', 'masuk', 'gudang', 'merusak', 'gembok', 'mengambil', 'unit', 'laptop', 'asus']","['pelaku', 'masuk', 'gudang', 'rusak', 'gembok', 'ambil', 'unit', 'laptop', 'asus']",pelaku masuk gudang rusak gembok ambil unit laptop asus
LP/B/141/IX/2024/Kalbar/Res/Mpw/Sek/Sui Pinyuh,11 September 2024,"Pelaku merusak kunci stang motor menggunakan kunci T saat motor diparkir di Gg. Melati RT 03/RW 08, Galang, Kec. Sungai Pinyuh, Kab. Mempawah, lalu membawanya kabur.",Pelaku merusak kunci stang motor menggunakan kunci T saat motor diparkir di Gg Melati RT RW Galang Kec Sungai Pinyuh Kab Mempawah lalu membawanya kabur,pelaku merusak kunci stang motor menggunakan kunci t saat motor diparkir di gg melati rt rw galang kec sungai pinyuh kab mempawah lalu membawanya kabur,pelaku merusak kunci stang motor menggunakan kunci t saat motor diparkir di gang melati rukun tetangga rukun warga galang kecamatan sungai pinyuh kabupaten mempawah lalu membawanya kabur,"['pelaku', 'merusak', 'kunci', 'stang', 'motor', 'menggunakan', 'kunci', 't', 'saat', 'motor', 'diparkir', 'di', 'gang', 'melati', 'rukun', 'tetangga', 'rukun', 'warga', 'galang', 'kecamatan', 'sungai', 'pinyuh', 'kabupaten', 'mempawah', 'lalu', 'membawanya', 'kabur']","['pelaku', 'merusak', 'kunci', 'stang', 'motor', 'kunci', 'motor', 'diparkir', 'gang', 'melati', 'rukun', 'tetangga', 'rukun', 'warga', 'galang', 'kecamatan', 'sungai', 'pinyuh', 'kabupaten', 'mempawah', 'membawanya', 'kabur']","['pelaku', 'rusak', 'kunci', 'stang', 'motor', 'kunci', 'motor', 'parkir', 'gang', 'melati', 'rukun', 'tetangga', 'rukun', 'warga', 'galang', 'camat', 'sungai', 'pinyuh', 'kabupaten', 'mempawah', 'bawa', 'kabur']",pelaku rusak kunci stang motor kunci motor parkir gang melati rukun tetangga rukun warga galang camat sungai pinyuh kabupaten mempawah bawa kabur
LP/B/150/IX/2024/Kalbar/Res/Mpw/Sek/Sui Pinyuh,27 September 2024,"Pelaku mengamati rumah korban yang sedang kosong, kemudian memanjat pagar belakang dan mengambil dompet dan HP.",Pelaku mengamati rumah korban yang sedang kosong kemudian memanjat pagar belakang dan mengambil dompet dan HP,pelaku mengamati rumah korban yang sedang kosong kemudian memanjat pagar belakang dan mengambil dompet dan hp,pelaku mengamati rumah korban yang sedang kosong kemudian memanjat pagar belakang dan mengambil dompet dan handphone,"['pelaku', 'mengamati', 'rumah', 'korban', 'yang', 'sedang', 'kosong', 'kemudian', 'memanjat', 'pagar', 'belakang', 'dan', 'mengambil', 'dompet', 'dan', 'handphone']","['pelaku', 'mengamati', 'rumah', 'korban', 'kosong', 'memanjat', 'pagar', 'mengambil', 'dompet', 'handphone']","['pelaku', 'amat', 'rumah', 'korban', 'kosong', 'panjat', 'pagar', 'ambil', 'dompet', 'handphone']",pelaku amat rumah korban kosong panjat pagar ambil dompet handphone
LP/B/157/IX/2024/Kalbar/Res/Mpw/Sek/Sui Pinyuh,30 September 2024,Pelaku menyimpan narkotika dalam jumlah kecil di tempat usaha miliknya untuk diedarkan kepada pelanggan tertentu.,Pelaku menyimpan narkotika dalam jumlah kecil di tempat usaha miliknya untuk diedarkan kepada pelanggan tertentu,pelaku menyimpan narkotika dalam jumlah kecil di tempat usaha miliknya untuk diedarkan kepada pelanggan tertentu,pelaku menyimpan narkotika dalam jumlah kecil di tempat usaha miliknya untuk diedarkan kepada pelanggan tertentu,"['pelaku', 'menyimpan', 'narkotika', 'dalam', 'jumlah', 'kecil', 'di', 'tempat', 'usaha', 'miliknya', 'untuk', 'diedarkan', 'kepada', 'pelanggan', 'tertentu']","['pelaku', 'menyimpan', 'narkotika', 'usaha', 'miliknya', 'diedarkan', 'pelanggan']","['pelaku', 'simpan', 'narkotika', 'usaha', 'milik', 'edar', 'langgan']",pelaku simpan narkotika usaha milik edar langgan
LP/B/163/X/2024/Kalbar/Res/Mpw/Sek/Sui Pinyuh,15 Oktober 2024,"Karena marah tidak diberi uang keamanan, pelaku memukul spion mobil hingga patah milik korban.",Karena marah tidak diberi uang keamanan pelaku memukul spion mobil hingga patah milik korban,karena marah tidak diberi uang keamanan pelaku memukul spion mobil hingga patah milik korban,karena marah tidak diberi uang keamanan pelaku memukul spion mobil hingga patah milik korban,"['karena', 'marah', 'tidak', 'diberi', 'uang', 'keamanan', 'pelaku', 'memukul', 'spion', 'mobil', 'hingga', 'patah', 'milik', 'korban']","['marah', 'uang', 'keamanan', 'pelaku', 'memukul', 'spion', 'mobil', 'patah', 'milik', 'korban']","['marah', 'uang', 'aman', 'pelaku', 'pukul', 'spion', 'mobil', 'patah', 'milik', 'korban']",marah uang aman pelaku pukul spion mobil patah milik korban
LP/B/166/X/2024/Kalbar/Res/Mpw/Sek/Sui Pinyuh,21 Oktober 2024,"Pelaku merusak kunci stang motor menggunakan kunci T saat motor diparkir di Gg. Sepakat RT 14/RW 05, Sungai Rasau, Kec. Sungai Pinyuh, Kab. Mempawah, lalu membawanya kabur.",Pelaku merusak kunci stang motor menggunakan kunci T saat motor diparkir di Gg Sepakat RT RW Sungai Rasau Kec Sungai Pinyuh Kab Mempawah lalu membawanya kabur,pelaku merusak kunci stang motor menggunakan kunci t saat motor diparkir di gg sepakat rt rw sungai rasau kec sungai pinyuh kab mempawah lalu membawanya kabur,pelaku merusak kunci stang motor menggunakan kunci t saat motor diparkir di gang sepakat rukun tetangga rukun warga sungai rasau kecamatan sungai pinyuh kabupaten mempawah lalu membawanya kabur,"['pelaku', 'merusak', 'kunci', 'stang', 'motor', 'menggunakan', 'kunci', 't', 'saat', 'motor', 'diparkir', 'di', 'gang', 'sepakat', 'rukun', 'tetangga', 'rukun', 'warga', 'sungai', 'rasau', 'kecamatan', 'sungai', 'pinyuh', 'kabupaten', 'mempawah', 'lalu', 'membawanya', 'kabur']","['pelaku', 'merusak', 'kunci', 'stang', 'motor', 'kunci', 'motor', 'diparkir', 'gang', 'sepakat', 'rukun', 'tetangga', 'rukun', 'warga', 'sungai', 'rasau', 'kecamatan', 'sungai', 'pinyuh', 'kabupaten', 'mempawah', 'membawanya', 'kabur']","['pelaku', 'rusak', 'kunci', 'stang', 'motor', 'kunci', 'motor', 'parkir', 'gang', 'sepakat', 'rukun', 'tetangga', 'rukun', 'warga', 'sungai', 'rasau', 'camat', 'sungai', 'pinyuh', 'kabupaten', 'mempawah', 'bawa', 'kabur']",pelaku rusak kunci stang motor kunci motor parkir gang sepakat rukun tetangga rukun warga sungai rasau camat sungai pinyuh kabupaten mempawah bawa kabur
LP/B/167/X/2024/Kalbar/Res/Mpw/Sek/Sui Pinyuh,21 Oktober 2024,Pelaku diketahui membeli narkotika secara patungan bersama beberapa rekannya untuk digunakan bersama.,Pelaku diketahui membeli narkotika secara patungan bersama beberapa rekannya untuk digunakan bersama,pelaku diketahui membeli narkotika secara patungan bersama beberapa rekannya untuk digunakan bersama,pelaku diketahui membeli narkotika secara patungan bersama beberapa rekannya untuk digunakan bersama,"['pelaku', 'diketahui', 'membeli', 'narkotika', 'secara', 'patungan', 'bersama', 'beberapa', 'rekannya', 'untuk', 'digunakan', 'bersama']","['pelaku', 'membeli', 'narkotika', 'patungan', 'rekannya']","['pelaku', 'beli', 'narkotika', 'patungan', 'rekan']",pelaku beli narkotika patungan rekan
LP/B/168/X/2024/Kalbar/Res/Mpw/Sek/Sui Pinyuh,22 Oktober 2024,"Pelaku melihat 1 unit HP Samsung Galaxy yang diletakkan korban di Jl. Raya Purun, Desa/Kel. Peniraman, Kec. Sungai Pinyuh, kemudian dengan cepat mengambil dompet dan HP.",Pelaku melihat unit HP Samsung Galaxy yang diletakkan korban di Jl Raya Purun Desa Kel Peniraman Kec Sungai Pinyuh kemudian dengan cepat mengambil dompet dan HP,pelaku melihat unit hp samsung galaxy yang diletakkan korban di jl raya purun desa kel peniraman kec sungai pinyuh kemudian dengan cepat mengambil dompet dan hp,pelaku melihat unit handphone samsung galaxy yang diletakkan korban di jalan raya purun desa keluarga peniraman kecamatan sungai pinyuh kemudian dengan cepat mengambil dompet dan handphone,"['pelaku', 'melihat', 'unit', 'handphone', 'samsung', 'galaxy', 'yang', 'diletakkan', 'korban', 'di', 'jalan', 'raya', 'purun', 'desa', 'keluarga', 'peniraman', 'kecamatan', 'sungai', 'pinyuh', 'kemudian', 'dengan', 'cepat', 'mengambil', 'dompet', 'dan', 'handphone']","['pelaku', 'unit', 'handphone', 'samsung', 'galaxy', 'diletakkan', 'korban', 'jalan', 'raya', 'purun', 'desa', 'keluarga', 'peniraman', 'kecamatan', 'sungai', 'pinyuh', 'cepat', 'mengambil', 'dompet', 'handphone']","['pelaku', 'unit', 'handphone', 'samsung', 'galaxy', 'letak', 'korban', 'jalan', 'raya', 'purun', 'desa', 'keluarga', 'tiram', 'camat', 'sungai', 'pinyuh', 'cepat', 'ambil', 'dompet', 'handphone']",pelaku unit handphone samsung galaxy letak korban jalan raya purun desa keluarga tiram camat sungai pinyuh cepat ambil dompet handphone
LP/B/172/X/2024/Kalbar/Res/Mpw/Sek/Sui Pinyuh,26 Oktober 2024,"Terjadi cekcok mulut antara pelaku dan korban masalah utang piutang, kemudian pelaku emosi dan melempar asbak ke arah kepala korban.",Terjadi cekcok mulut antara pelaku dan korban masalah utang piutang kemudian pelaku emosi dan melempar asbak ke arah kepala korban,terjadi cekcok mulut antara pelaku dan korban masalah utang piutang kemudian pelaku emosi dan melempar asbak ke arah kepala korban,terjadi cekcok mulut antara pelaku dan korban masalah utang piutang kemudian pelaku emosi dan melempar asbak ke arah kepala korban,"['terjadi', 'cekcok', 'mulut', 'antara', 'pelaku', 'dan', 'korban', 'masalah', 'utang', 'piutang', 'kemudian', 'pelaku', 'emosi', 'dan', 'melempar', 'asbak', 'ke', 'arah', 'kepala', 'korban']","['cekcok', 'mulut', 'pelaku', 'korban', 'utang', 'piutang', 'pelaku', 'emosi', 'melempar', 'asbak', 'arah', 'kepala', 'korban']","['cekcok', 'mulut', 'pelaku', 'korban', 'utang', 'piutang', 'pelaku', 'emosi', 'lempar', 'asbak', 'arah', 'kepala', 'korban']",cekcok mulut pelaku korban utang piutang pelaku emosi lempar asbak arah kepala korban
LP/B/174/X/2024/Kalbar/Res/Mpw/Sek/Sui Pinyuh,27 Oktober 2024,"Pelaku mengamati rumah korban yang sedang kosong, kemudian mencongkel jendela samping dan membawa lari motor korban.",Pelaku mengamati rumah korban yang sedang kosong kemudian mencongkel jendela samping dan membawa lari motor korban,pelaku mengamati rumah korban yang sedang kosong kemudian mencongkel jendela samping dan membawa lari motor korban,pelaku mengamati rumah korban yang sedang kosong kemudian mencongkel jendela samping dan membawa lari motor korban,"['pelaku', 'mengamati', 'rumah', 'korban', 'yang', 'sedang', 'kosong', 'kemudian', 'mencongkel', 'jendela', 'samping', 'dan', 'membawa', 'lari', 'motor', 'korban']","['pelaku', 'mengamati', 'rumah', 'korban', 'kosong', 'mencongkel', 'jendela', 'samping', 'membawa', 'lari', 'motor', 'korban']","['pelaku', 'amat', 'rumah', 'korban', 'kosong', 'congkel', 'jendela', 'samping', 'bawa', 'lari', 'motor', 'korban']",pelaku amat rumah korban kosong congkel jendela samping bawa lari motor korban
LP/B/177/X/2024/Kalbar/Res/Mpw/Sek/Sui Pinyuh,29 Oktober 2024,"Pelaku masuk ke dalam gudang dengan cara merusak gembok, kemudian mengambil 3 buah tabung gas 3kg.",Pelaku masuk ke dalam gudang dengan cara merusak gembok kemudian mengambil buah tabung gas kg,pelaku masuk ke dalam gudang dengan cara merusak gembok kemudian mengambil buah tabung gas kg,pelaku masuk ke dalam gudang dengan cara merusak gembok kemudian mengambil buah tabung gas kilo,"['pelaku', 'masuk', 'ke', 'dalam', 'gudang', 'dengan', 'cara', 'merusak', 'gembok', 'kemudian', 'mengambil', 'buah', 'tabung', 'gas', 'kilo']","['pelaku', 'masuk', 'gudang', 'merusak', 'gembok', 'mengambil', 'buah', 'tabung', 'gas', 'kilo']","['pelaku', 'masuk', 'gudang', 'rusak', 'gembok', 'ambil', 'buah', 'tabung', 'gas', 'kilo']",pelaku masuk gudang rusak gembok ambil buah tabung gas kilo
LP/B/179/XI/2024/Kalbar/Res/Mpw/Sek/Sui Pinyuh,5 November 2024,"Petugas mencurigai gerak-gerik pelaku di pinggir jalan, saat digeledah ditemukan 2 paket ganja kering siap edar yang disembunyikan di saku celana sebelah kanan.",Petugas mencurigai gerak gerik pelaku di pinggir jalan saat digeledah ditemukan paket ganja kering siap edar yang disembunyikan di saku celana sebelah kanan,petugas mencurigai gerak gerik pelaku di pinggir jalan saat digeledah ditemukan paket ganja kering siap edar yang disembunyikan di saku celana sebelah kanan,petugas mencurigai gerak gerik pelaku di pinggir jalan saat digeledah ditemukan paket ganja kering siap edar yang disembunyikan di saku celana sebelah kanan,"['petugas', 'mencurigai', 'gerak', 'gerik', 'pelaku', 'di', 'pinggir', 'jalan', 'saat', 'digeledah', 'ditemukan', 'paket', 'ganja', 'kering', 'siap', 'edar', 'yang', 'disembunyikan', 'di', 'saku', 'celana', 'sebelah', 'kanan']","['petugas', 'mencurigai', 'gerak', 'gerik', 'pelaku', 'pinggir', 'jalan', 'digeledah', 'ditemukan', 'paket', 'ganja', 'kering', 'edar', 'disembunyikan', 'saku', 'celana', 'sebelah', 'kanan']","['petugas', 'curiga', 'gerak', 'gerik', 'pelaku', 'pinggir', 'jalan', 'geledah', 'temu', 'paket', 'ganja', 'kering', 'edar', 'sembunyi', 'saku', 'celana', 'belah', 'kanan']",petugas curiga gerak gerik pelaku pinggir jalan geledah temu paket ganja kering edar sembunyi saku celana belah kanan
LP/B/186/XI/2024/Kalbar/Res/Mpw/Sek/Sui Pinyuh,13 November 2024,Pelaku datang menyemprotkan Cairan cabai dan memukul korban kemudian merampas tas yang berisikan uang.,Pelaku datang menyemprotkan Cairan cabai dan memukul korban kemudian merampas tas yang berisikan uang,pelaku datang menyemprotkan cairan cabai dan memukul korban kemudian merampas tas yang berisikan uang,pelaku datang menyemprotkan cairan cabai dan memukul korban kemudian merampas tas yang berisikan uang,"['pelaku', 'datang', 'menyemprotkan', 'cairan', 'cabai', 'dan', 'memukul', 'korban', 'kemudian', 'merampas', 'tas', 'yang', 'berisikan', 'uang']","['pelaku', 'menyemprotkan', 'cairan', 'cabai', 'memukul', 'korban', 'merampas', 'tas', 'berisikan', 'uang']","['pelaku', 'semprot', 'cair', 'cabai', 'pukul', 'korban', 'rampas', 'tas', 'risi', 'uang']",pelaku semprot cair cabai pukul korban rampas tas risi uang
LP/B/188/XI/2024/Kalbar/Res/Mpw/Sek/Sui Pinyuh,17 November 2024,Pelaku masuk ke dalam rumah korban melalui garasi yang tidak terkunci dan mengambil Uang tunai.,Pelaku masuk ke dalam rumah korban melalui garasi yang tidak terkunci dan mengambil Uang tunai,pelaku masuk ke dalam rumah korban melalui garasi yang tidak terkunci dan mengambil uang tunai,pelaku masuk ke dalam rumah korban melalui garasi yang tidak terkunci dan mengambil uang tunai,"['pelaku', 'masuk', 'ke', 'dalam', 'rumah', 'korban', 'melalui', 'garasi', 'yang', 'tidak', 'terkunci', 'dan', 'mengambil', 'uang', 'tunai']","['pelaku', 'masuk', 'rumah', 'korban', 'garasi', 'terkunci', 'mengambil', 'uang', 'tunai']","['pelaku', 'masuk', 'rumah', 'korban', 'garasi', 'kunci', 'ambil', 'uang', 'tunai']",pelaku masuk rumah korban garasi kunci ambil uang tunai
LP/B/190/XI/2024/Kalbar/Res/Mpw/Sek/Sui Pinyuh,22 November 2024,Pelaku datang mendorong korban kemudian meremas wajah korban dan leher korban,Pelaku datang mendorong korban kemudian meremas wajah korban dan leher korban,pelaku datang mendorong korban kemudian meremas wajah korban dan leher korban,pelaku datang mendorong korban kemudian meremas wajah korban dan leher korban,"['pelaku', 'datang', 'mendorong', 'korban', 'kemudian', 'meremas', 'wajah', 'korban', 'dan', 'leher', 'korban']","['pelaku', 'mendorong', 'korban', 'meremas', 'wajah', 'korban', 'leher', 'korban']","['pelaku', 'dorong', 'korban', 'remas', 'wajah', 'korban', 'leher', 'korban']",pelaku dorong korban remas wajah korban leher korban
LP/B/192/XI/2024/Kalbar/Res/Mpw/Sek/Sui Pinyuh,24 November 2024,Pelaku masuk kedalam rumah melalui jendela mengambil 1 (satu) Laptop,Pelaku masuk kedalam rumah melalui jendela mengambil satu Laptop,pelaku masuk kedalam rumah melalui jendela mengambil satu laptop,pelaku masuk kedalam rumah melalui jendela mengambil satu laptop,"['pelaku', 'masuk', 'kedalam', 'rumah', 'melalui', 'jendela', 'mengambil', 'satu', 'laptop']","['pelaku', 'masuk', 'kedalam', 'rumah', 'jendela', 'mengambil', 'laptop']","['pelaku', 'masuk', 'dalam', 'rumah', 'jendela', 'ambil', 'laptop']",pelaku masuk dalam rumah jendela ambil laptop
LP/B/193/XI/2024/Kalbar/Res/Mpw/Sek/Sui Pinyuh,25 November 2024,"Terjadi cekcok mulut antara pelaku dan korban masalah utang piutang, kemudian pelaku emosi dan memukul punggung korban menggunakan kayu.",Terjadi cekcok mulut antara pelaku dan korban masalah utang piutang kemudian pelaku emosi dan memukul punggung korban menggunakan kayu,terjadi cekcok mulut antara pelaku dan korban masalah utang piutang kemudian pelaku emosi dan memukul punggung korban menggunakan kayu,terjadi cekcok mulut antara pelaku dan korban masalah utang piutang kemudian pelaku emosi dan memukul punggung korban menggunakan kayu,"['terjadi', 'cekcok', 'mulut', 'antara', 'pelaku', 'dan', 'korban', 'masalah', 'utang', 'piutang', 'kemudian', 'pelaku', 'emosi', 'dan', 'memukul', 'punggung', 'korban', 'menggunakan', 'kayu']","['cekcok', 'mulut', 'pelaku', 'korban', 'utang', 'piutang', 'pelaku', 'emosi', 'memukul', 'punggung', 'korban', 'kayu']","['cekcok', 'mulut', 'pelaku', 'korban', 'utang', 'piutang', 'pelaku', 'emosi', 'pukul', 'punggung', 'korban', 'kayu']",cekcok mulut pelaku korban utang piutang pelaku emosi pukul punggung korban kayu
LP/B/194/XI/2024/Kalbar/Res/Mpw/Sek/Sui Pinyuh,25 November 2024,"Karena marah tidak diberi uang keamanan, pelaku menggores bodi mobil menggunakan paku milik korban.",Karena marah tidak diberi uang keamanan pelaku menggores bodi mobil menggunakan paku milik korban,karena marah tidak diberi uang keamanan pelaku menggores bodi mobil menggunakan paku milik korban,karena marah tidak diberi uang keamanan pelaku menggores bodi mobil menggunakan paku milik korban,"['karena', 'marah', 'tidak', 'diberi', 'uang', 'keamanan', 'pelaku', 'menggores', 'bodi', 'mobil', 'menggunakan', 'paku', 'milik', 'korban']","['marah', 'uang', 'keamanan', 'pelaku', 'menggores', 'bodi', 'mobil', 'paku', 'milik', 'korban']","['marah', 'uang', 'aman', 'pelaku', 'gores', 'bodi', 'mobil', 'paku', 'milik', 'korban']",marah uang aman pelaku gores bodi mobil paku milik korban
LP/B/207/XII/2024/Kalbar/Res/Mpw/Sek/Sui Pinyuh,20 Desember 2024,"Saat dilakukan penggerebekan di sebuah rumah kontrakan di Gg. Berkah, Desa/Kel. Galang, Kec. Sungai Pinyuh, Kab. Mempawah, ditemukan alat hisap sabu dan plastik klip berisi kristal putih.",Saat dilakukan penggerebekan di sebuah rumah kontrakan di Gg Berkah Desa Kel Galang Kec Sungai Pinyuh Kab Mempawah ditemukan alat hisap sabu dan plastik klip berisi kristal putih,saat dilakukan penggerebekan di sebuah rumah kontrakan di gg berkah desa kel galang kec sungai pinyuh kab mempawah ditemukan alat hisap sabu dan plastik klip berisi kristal putih,saat dilakukan penggerebekan di sebuah rumah kontrakan di gang berkah desa keluarga galang kecamatan sungai pinyuh kabupaten mempawah ditemukan alat hisap sabu dan plastik klip berisi kristal putih,"['saat', 'dilakukan', 'penggerebekan', 'di', 'sebuah', 'rumah', 'kontrakan', 'di', 'gang', 'berkah', 'desa', 'keluarga', 'galang', 'kecamatan', 'sungai', 'pinyuh', 'kabupaten', 'mempawah', 'ditemukan', 'alat', 'hisap', 'sabu', 'dan', 'plastik', 'klip', 'berisi', 'kristal', 'putih']","['penggerebekan', 'rumah', 'kontrakan', 'gang', 'berkah', 'desa', 'keluarga', 'galang', 'kecamatan', 'sungai', 'pinyuh', 'kabupaten', 'mempawah', 'ditemukan', 'alat', 'hisap', 'sabu', 'plastik', 'klip', 'berisi', 'kristal', 'putih']","['gerebek', 'rumah', 'kontra', 'gang', 'berkah', 'desa', 'keluarga', 'galang', 'camat', 'sungai', 'pinyuh', 'kabupaten', 'mempawah', 'temu', 'alat', 'hisap', 'sabu', 'plastik', 'klip', 'isi', 'kristal', 'putih']",gerebek rumah kontra gang berkah desa keluarga galang camat sungai pinyuh kabupaten mempawah temu alat hisap sabu plastik klip isi kristal putih
LP/B/211/XII/2024/Kalbar/Res/Mpw/Sek/Sui Pinyuh,26 Desember 2024,"Saat dilakukan penggerebekan di sebuah rumah kontrakan di Gg. Damai, Desa/Kel. Nusapati, Kec. Sungai Pinyuh, Kab. Mempawah, ditemukan alat hisap sabu dan plastik klip berisi kristal putih.",Saat dilakukan penggerebekan di sebuah rumah kontrakan di Gg Damai Desa Kel Nusapati Kec Sungai Pinyuh Kab Mempawah ditemukan alat hisap sabu dan plastik klip berisi kristal putih,saat dilakukan penggerebekan di sebuah rumah kontrakan di gg damai desa kel nusapati kec sungai pinyuh kab mempawah ditemukan alat hisap sabu dan plastik klip berisi kristal putih,saat dilakukan penggerebekan di sebuah rumah kontrakan di gang damai desa keluarga nusapati kecamatan sungai pinyuh kabupaten mempawah ditemukan alat hisap sabu dan plastik klip berisi kristal putih,"['saat', 'dilakukan', 'penggerebekan', 'di', 'sebuah', 'rumah', 'kontrakan', 'di', 'gang', 'damai', 'desa', 'keluarga', 'nusapati', 'kecamatan', 'sungai', 'pinyuh', 'kabupaten', 'mempawah', 'ditemukan', 'alat', 'hisap', 'sabu', 'dan', 'plastik', 'klip', 'berisi', 'kristal', 'putih']","['penggerebekan', 'rumah', 'kontrakan', 'gang', 'damai', 'desa', 'keluarga', 'nusapati', 'kecamatan', 'sungai', 'pinyuh', 'kabupaten', 'mempawah', 'ditemukan', 'alat', 'hisap', 'sabu', 'plastik', 'klip', 'berisi', 'kristal', 'putih']","['gerebek', 'rumah', 'kontra', 'gang', 'damai', 'desa', 'keluarga', 'nusapati', 'camat', 'sungai', 'pinyuh', 'kabupaten', 'mempawah', 'temu', 'alat', 'hisap', 'sabu', 'plastik', 'klip', 'isi', 'kristal', 'putih']",gerebek rumah kontra gang damai desa keluarga nusapati camat sungai pinyuh kabupaten mempawah temu alat hisap sabu plastik klip isi kristal putih
LP/B/216/XII/2024/Kalbar/Res/Mpw/Sek/Sui Pinyuh,30 Desember 2024,Pelaku merusak jendela dan mengambil 1 unit HP Samsung Galaxy.,Pelaku merusak jendela dan mengambil unit HP Samsung Galaxy,pelaku merusak jendela dan mengambil unit hp samsung galaxy,pelaku merusak jendela dan mengambil unit handphone samsung galaxy,"['pelaku', 'merusak', 'jendela', 'dan', 'mengambil', 'unit', 'handphone', 'samsung', 'galaxy']","['pelaku', 'merusak', 'jendela', 'mengambil', 'unit', 'handphone', 'samsung', 'galaxy']","['pelaku', 'rusak', 'jendela', 'ambil', 'unit', 'handphone', 'samsung', 'galaxy']",pelaku rusak jendela ambil unit handphone samsung galaxy
LP/B/02/I/2025/Kalbar/Res Mpw/Sek Sui Pinyuh,4 Januari 2025,"Pada saat rumah dalam keadaan kosong ditinggal pemiliknya bekerja, pelaku masuk dengan cara merusak kunci pintu belakang. Setelah berhasil masuk, pelaku mengacak-acak lemari di kamar utama dan mengambil 1 unit Laptop Acer serta barang berharga lainnya, kemudian melarikan diri melalui pintu yang sama.",Pada saat rumah dalam keadaan kosong ditinggal pemiliknya bekerja pelaku masuk dengan cara merusak kunci pintu belakang Setelah berhasil masuk pelaku mengacak acak lemari di kamar utama dan mengambil unit Laptop Acer serta barang berharga lainnya kemudian melarikan diri melalui pintu yang sama,pada saat rumah dalam keadaan kosong ditinggal pemiliknya bekerja pelaku masuk dengan cara merusak kunci pintu belakang setelah berhasil masuk pelaku mengacak acak lemari di kamar utama dan mengambil unit laptop acer serta barang berharga lainnya kemudian melarikan diri melalui pintu yang sama,pada saat rumah dalam keadaan kosong ditinggal pemiliknya bekerja pelaku masuk dengan cara merusak kunci pintu belakang setelah berhasil masuk pelaku mengacak acak lemari di kamar utama dan mengambil unit laptop acer serta barang berharga lainnya kemudian melarikan diri melalui pintu yang sama,"['pada', 'saat', 'rumah', 'dalam', 'keadaan', 'kosong', 'ditinggal', 'pemiliknya', 'bekerja', 'pelaku', 'masuk', 'dengan', 'cara', 'merusak', 'kunci', 'pintu', 'belakang', 'setelah', 'berhasil', 'masuk', 'pelaku', 'mengacak', 'acak', 'lemari', 'di', 'kamar', 'utama', 'dan', 'mengambil', 'unit', 'laptop', 'acer', 'serta', 'barang', 'berharga', 'lainnya', 'kemudian', 'melarikan', 'diri', 'melalui', 'pintu', 'yang', 'sama']","['rumah', 'kosong', 'ditinggal', 'pemiliknya', 'pelaku', 'masuk', 'merusak', 'kunci', 'pintu', 'berhasil', 'masuk', 'pelaku', 'mengacak', 'acak', 'lemari', 'kamar', 'utama', 'mengambil', 'unit', 'laptop', 'acer', 'barang', 'berharga', 'melarikan', 'pintu']","['rumah', 'kosong', 'tinggal', 'milik', 'pelaku', 'masuk', 'rusak', 'kunci', 'pintu', 'hasil', 'masuk', 'pelaku', 'acak', 'acak', 'lemari', 'kamar', 'utama', 'ambil', 'unit', 'laptop', 'acer', 'barang', 'harga', 'lari', 'pintu']",rumah kosong tinggal milik pelaku masuk rusak kunci pintu hasil masuk pelaku acak acak lemari kamar utama ambil unit laptop acer barang harga lari pintu
LP/B/05/I/2025/Kalbar/Res Mpw/Sek Sui Pinyuh,12 Januari 2025,terlapor datang ke rumah korban lalu melempar kaca jendela rumah menggunakan helm karena tersinggung.,terlapor datang ke rumah korban lalu melempar kaca jendela rumah menggunakan helm karena tersinggung,terlapor datang ke rumah korban lalu melempar kaca jendela rumah menggunakan helm karena tersinggung,terlapor datang ke rumah korban lalu melempar kaca jendela rumah menggunakan helm karena tersinggung,"['terlapor', 'datang', 'ke', 'rumah', 'korban', 'lalu', 'melempar', 'kaca', 'jendela', 'rumah', 'menggunakan', 'helm', 'karena', 'tersinggung']","['terlapor', 'rumah', 'korban', 'melempar', 'kaca', 'jendela', 'rumah', 'helm', 'tersinggung']","['terlapor', 'rumah', 'korban', 'lempar', 'kaca', 'jendela', 'rumah', 'helm', 'singgung']",terlapor rumah korban lempar kaca jendela rumah helm singgung
LP/B/07/I/2025/Kalbar/Res Mpw/Sek Sui Pinyuh,24 Januari 2025,Pelaku merusak pintu dan kloset dengan cara dipukul menggunakan benda keras karena sudah menggu lama di antrian.,Pelaku merusak pintu dan kloset dengan cara dipukul menggunakan benda keras karena sudah menggu lama di antrian,pelaku merusak pintu dan kloset dengan cara dipukul menggunakan benda keras karena sudah menggu lama di antrian,pelaku merusak pintu dan kloset dengan cara dipukul menggunakan benda keras karena sudah menggu lama di antrian,"['pelaku', 'merusak', 'pintu', 'dan', 'kloset', 'dengan', 'cara', 'dipukul', 'menggunakan', 'benda', 'keras', 'karena', 'sudah', 'menggu', 'lama', 'di', 'antrian']","['pelaku', 'merusak', 'pintu', 'kloset', 'dipukul', 'benda', 'keras', 'menggu', 'antrian']","['pelaku', 'rusak', 'pintu', 'kloset', 'pukul', 'benda', 'keras', 'menggu', 'antri']",pelaku rusak pintu kloset pukul benda keras menggu antri
LP/B/08/I/2025/Kalbar/Res Mpw/Sek Sui Pinyuh,28 Januari 2025,Pelaku (Lidik) mengambil sepeda motor merk Yamaha Mio milik korban yang sedang diparkir di halaman masjid saat korban sedang melaksanakan sholat Isya. Pelaku (Lidik) merusak kunci kontak menggunakan kunci T dan langsung membawa kabur kendaraan tersebut ke arah Pontianak.,Pelaku Lidik mengambil sepeda motor merk Yamaha Mio milik korban yang sedang diparkir di halaman masjid saat korban sedang melaksanakan sholat Isya Pelaku Lidik merusak kunci kontak menggunakan kunci T dan langsung membawa kabur kendaraan tersebut ke arah Pontianak,pelaku lidik mengambil sepeda motor merk yamaha mio milik korban yang sedang diparkir di halaman masjid saat korban sedang melaksanakan sholat isya pelaku lidik merusak kunci kontak menggunakan kunci t dan langsung membawa kabur kendaraan tersebut ke arah pontianak,pelaku lidik mengambil sepeda motor merk yamaha mio milik korban yang sedang diparkir di halaman masjid saat korban sedang melaksanakan sholat isya pelaku lidik merusak kunci kontak menggunakan kunci t dan langsung membawa kabur kendaraan tersebut ke arah pontianak,"['pelaku', 'lidik', 'mengambil', 'sepeda', 'motor', 'merk', 'yamaha', 'mio', 'milik', 'korban', 'yang', 'sedang', 'diparkir', 'di', 'halaman', 'masjid', 'saat', 'korban', 'sedang', 'melaksanakan', 'sholat', 'isya', 'pelaku', 'lidik', 'merusak', 'kunci', 'kontak', 'menggunakan', 'kunci', 't', 'dan', 'langsung', 'membawa', 'kabur', 'kendaraan', 'tersebut', 'ke', 'arah', 'pontianak']","['pelaku', 'lidik', 'mengambil', 'sepeda', 'motor', 'merk', 'yamaha', 'mio', 'milik', 'korban', 'diparkir', 'halaman', 'masjid', 'korban', 'melaksanakan', 'sholat', 'isya', 'pelaku', 'lidik', 'merusak', 'kunci', 'kontak', 'kunci', 'langsung', 'membawa', 'kabur', 'kendaraan', 'arah', 'pontianak']","['pelaku', 'lidik', 'ambil', 'sepeda', 'motor', 'merk', 'yamaha', 'mio', 'milik', 'korban', 'parkir', 'halaman', 'masjid', 'korban', 'laksana', 'sholat', 'isya', 'pelaku', 'lidik', 'rusak', 'kunci', 'kontak', 'kunci', 'langsung', 'bawa', 'kabur', 'kendara', 'arah', 'pontianak']",pelaku lidik ambil sepeda motor merk yamaha mio milik korban parkir halaman masjid korban laksana sholat isya pelaku lidik rusak kunci kontak kunci langsung bawa kabur kendara arah pontianak
LP/B/11/II/2025/Kalbar/Res Mpw/Sek Sui Pinyuh,6 Februari 2025,Pelaku (Lidik) memukul wajah korban dengan tangan kosong karena salah paham.,Pelaku Lidik memukul wajah korban dengan tangan kosong karena salah paham,pelaku lidik memukul wajah korban dengan tangan kosong karena salah paham,pelaku lidik memukul wajah korban dengan tangan kosong karena salah paham,"['pelaku', 'lidik', 'memukul', 'wajah', 'korban', 'dengan', 'tangan', 'kosong', 'karena', 'salah', 'paham']","['pelaku', 'lidik', 'memukul', 'wajah', 'korban', 'tangan', 'kosong', 'salah', 'paham']","['pelaku', 'lidik', 'pukul', 'wajah', 'korban', 'tangan', 'kosong', 'salah', 'paham']",pelaku lidik pukul wajah korban tangan kosong salah paham
LP/B/15/II/2025/Kalbar/Res Mpw/Sek Sui Pinyuh,16 Februari 2025,"Pada saat rumah dalam keadaan kosong ditinggal pemiliknya bekerja, pelaku masuk dengan cara merusak kunci pintu belakang. Setelah berhasil masuk, pelaku mengacak-acak lemari di kamar utama dan mengambil 1 unit HP Samsung serta barang berharga lainnya, kemudian melarikan diri melalui pintu yang sama.",Pada saat rumah dalam keadaan kosong ditinggal pemiliknya bekerja pelaku masuk dengan cara merusak kunci pintu belakang Setelah berhasil masuk pelaku mengacak acak lemari di kamar utama dan mengambil unit HP Samsung serta barang berharga lainnya kemudian melarikan diri melalui pintu yang sama,pada saat rumah dalam keadaan kosong ditinggal pemiliknya bekerja pelaku masuk dengan cara merusak kunci pintu belakang setelah berhasil masuk pelaku mengacak acak lemari di kamar utama dan mengambil unit hp samsung serta barang berharga lainnya kemudian melarikan diri melalui pintu yang sama,pada saat rumah dalam keadaan kosong ditinggal pemiliknya bekerja pelaku masuk dengan cara merusak kunci pintu belakang setelah berhasil masuk pelaku mengacak acak lemari di kamar utama dan mengambil unit handphone samsung serta barang berharga lainnya kemudian melarikan diri melalui pintu yang sama,"['pada', 'saat', 'rumah', 'dalam', 'keadaan', 'kosong', 'ditinggal', 'pemiliknya', 'bekerja', 'pelaku', 'masuk', 'dengan', 'cara', 'merusak', 'kunci', 'pintu', 'belakang', 'setelah', 'berhasil', 'masuk', 'pelaku', 'mengacak', 'acak', 'lemari', 'di', 'kamar', 'utama', 'dan', 'mengambil', 'unit', 'handphone', 'samsung', 'serta', 'barang', 'berharga', 'lainnya', 'kemudian', 'melarikan', 'diri', 'melalui', 'pintu', 'yang', 'sama']","['rumah', 'kosong', 'ditinggal', 'pemiliknya', 'pelaku', 'masuk', 'merusak', 'kunci', 'pintu', 'berhasil', 'masuk', 'pelaku', 'mengacak', 'acak', 'lemari', 'kamar', 'utama', 'mengambil', 'unit', 'handphone', 'samsung', 'barang', 'berharga', 'melarikan', 'pintu']","['rumah', 'kosong', 'tinggal', 'milik', 'pelaku', 'masuk', 'rusak', 'kunci', 'pintu', 'hasil', 'masuk', 'pelaku', 'acak', 'acak', 'lemari', 'kamar', 'utama', 'ambil', 'unit', 'handphone', 'samsung', 'barang', 'harga', 'lari', 'pintu']",rumah kosong tinggal milik pelaku masuk rusak kunci pintu hasil masuk pelaku acak acak lemari kamar utama ambil unit handphone samsung barang harga lari pintu
LP/B/18/II/2025/Kalbar/Res Mpw/Sek Sui Pinyuh,20 Februari 2025,"Pelaku masuk ke dalam rumah dengan cara mencongkel jendela samping menggunakan obeng, lalu mengambil 2 buah tabung gas 3kg di ruang tamu.",Pelaku masuk ke dalam rumah dengan cara mencongkel jendela samping menggunakan obeng lalu mengambil buah tabung gas kg di ruang tamu,pelaku masuk ke dalam rumah dengan cara mencongkel jendela samping menggunakan obeng lalu mengambil buah tabung gas kg di ruang tamu,pelaku masuk ke dalam rumah dengan cara mencongkel jendela samping menggunakan obeng lalu mengambil buah tabung gas kilo di ruang tamu,"['pelaku', 'masuk', 'ke', 'dalam', 'rumah', 'dengan', 'cara', 'mencongkel', 'jendela', 'samping', 'menggunakan', 'obeng', 'lalu', 'mengambil', 'buah', 'tabung', 'gas', 'kilo', 'di', 'ruang', 'tamu']","['pelaku', 'masuk', 'rumah', 'mencongkel', 'jendela', 'samping', 'obeng', 'mengambil', 'buah', 'tabung', 'gas', 'kilo', 'ruang', 'tamu']","['pelaku', 'masuk', 'rumah', 'congkel', 'jendela', 'samping', 'obeng', 'ambil', 'buah', 'tabung', 'gas', 'kilo', 'ruang', 'tamu']",pelaku masuk rumah congkel jendela samping obeng ambil buah tabung gas kilo ruang tamu
LP/B/19/II/2025/Kalbar/Res Mpw/Sek Sui Pinyuh,22 Februari 2025,Pelaku mengambil sepeda motor merk Honda Vario milik korban yang sedang diparkir di halaman masjid saat korban sedang melaksanakan sholat Isya. Pelaku merusak kunci kontak menggunakan kunci T dan langsung membawa kabur kendaraan tersebut ke arah Pontianak.,Pelaku mengambil sepeda motor merk Honda Vario milik korban yang sedang diparkir di halaman masjid saat korban sedang melaksanakan sholat Isya Pelaku merusak kunci kontak menggunakan kunci T dan langsung membawa kabur kendaraan tersebut ke arah Pontianak,pelaku mengambil sepeda motor merk honda vario milik korban yang sedang diparkir di halaman masjid saat korban sedang melaksanakan sholat isya pelaku merusak kunci kontak menggunakan kunci t dan langsung membawa kabur kendaraan tersebut ke arah pontianak,pelaku mengambil sepeda motor merk honda vario milik korban yang sedang diparkir di halaman masjid saat korban sedang melaksanakan sholat isya pelaku merusak kunci kontak menggunakan kunci t dan langsung membawa kabur kendaraan tersebut ke arah pontianak,"['pelaku', 'mengambil', 'sepeda', 'motor', 'merk', 'honda', 'vario', 'milik', 'korban', 'yang', 'sedang', 'diparkir', 'di', 'halaman', 'masjid', 'saat', 'korban', 'sedang', 'melaksanakan', 'sholat', 'isya', 'pelaku', 'merusak', 'kunci', 'kontak', 'menggunakan', 'kunci', 't', 'dan', 'langsung', 'membawa', 'kabur', 'kendaraan', 'tersebut', 'ke', 'arah', 'pontianak']","['pelaku', 'mengambil', 'sepeda', 'motor', 'merk', 'honda', 'vario', 'milik', 'korban', 'diparkir', 'halaman', 'masjid', 'korban', 'melaksanakan', 'sholat', 'isya', 'pelaku', 'merusak', 'kunci', 'kontak', 'kunci', 'langsung', 'membawa', 'kabur', 'kendaraan', 'arah', 'pontianak']","['pelaku', 'ambil', 'sepeda', 'motor', 'merk', 'honda', 'vario', 'milik', 'korban', 'parkir', 'halaman', 'masjid', 'korban', 'laksana', 'sholat', 'isya', 'pelaku', 'rusak', 'kunci', 'kontak', 'kunci', 'langsung', 'bawa', 'kabur', 'kendara', 'arah', 'pontianak']",pelaku ambil sepeda motor merk honda vario milik korban parkir halaman masjid korban laksana sholat isya pelaku rusak kunci kontak kunci langsung bawa kabur kendara arah pontianak
LP/B/24/II/2025/Kalbar/Res Mpw/Sek Sui Pinyuh,25 Februari 2025,Pelaku mencabut dan menginjak tanaman hias korban akibat perselisihan batas tanah. Aksi dilakukan saat korban tidak berada di rumah.,Pelaku mencabut dan menginjak tanaman hias korban akibat perselisihan batas tanah Aksi dilakukan saat korban tidak berada di rumah,pelaku mencabut dan menginjak tanaman hias korban akibat perselisihan batas tanah aksi dilakukan saat korban tidak berada di rumah,pelaku mencabut dan menginjak tanaman hias korban akibat perselisihan batas tanah aksi dilakukan saat korban tidak berada di rumah,"['pelaku', 'mencabut', 'dan', 'menginjak', 'tanaman', 'hias', 'korban', 'akibat', 'perselisihan', 'batas', 'tanah', 'aksi', 'dilakukan', 'saat', 'korban', 'tidak', 'berada', 'di', 'rumah']","['pelaku', 'mencabut', 'menginjak', 'tanaman', 'hias', 'korban', 'akibat', 'perselisihan', 'batas', 'tanah', 'aksi', 'korban', 'rumah']","['pelaku', 'cabut', 'injak', 'tanam', 'hias', 'korban', 'akibat', 'selisih', 'batas', 'tanah', 'aksi', 'korban', 'rumah']",pelaku cabut injak tanam hias korban akibat selisih batas tanah aksi korban rumah
LP/B/25/III/2025/Kalbar/Res Mpw/Sek Sui Pinyuh,1 Maret 2025,Pelaku mengambil 2 buah tabung gas 3kg milik korban yang tersimpan di dalam rumah.,Pelaku mengambil buah tabung gas kg milik korban yang tersimpan di dalam rumah,pelaku mengambil buah tabung gas kg milik korban yang tersimpan di dalam rumah,pelaku mengambil buah tabung gas kilo milik korban yang tersimpan di dalam rumah,"['pelaku', 'mengambil', 'buah', 'tabung', 'gas', 'kilo', 'milik', 'korban', 'yang', 'tersimpan', 'di', 'dalam', 'rumah']","['pelaku', 'mengambil', 'buah', 'tabung', 'gas', 'kilo', 'milik', 'korban', 'tersimpan', 'rumah']","['pelaku', 'ambil', 'buah', 'tabung', 'gas', 'kilo', 'milik', 'korban', 'simpan', 'rumah']",pelaku ambil buah tabung gas kilo milik korban simpan rumah
LP/B/27/III/2025/Kalbar/Res/Mpw/Sek/Sui Pinyuh,06 Maret 2025,Pelaku masuk kedalam rumah melalui pintu dapur dan mengambil tas warna cokelat dan perhiasan,Pelaku masuk kedalam rumah melalui pintu dapur dan mengambil tas warna cokelat dan perhiasan,pelaku masuk kedalam rumah melalui pintu dapur dan mengambil tas warna cokelat dan perhiasan,pelaku masuk kedalam rumah melalui pintu dapur dan mengambil tas warna cokelat dan perhiasan,"['pelaku', 'masuk', 'kedalam', 'rumah', 'melalui', 'pintu', 'dapur', 'dan', 'mengambil', 'tas', 'warna', 'cokelat', 'dan', 'perhiasan']","['pelaku', 'masuk', 'kedalam', 'rumah', 'pintu', 'dapur', 'mengambil', 'tas', 'warna', 'cokelat', 'perhiasan']","['pelaku', 'masuk', 'dalam', 'rumah', 'pintu', 'dapur', 'ambil', 'tas', 'warna', 'cokelat', 'hias']",pelaku masuk dalam rumah pintu dapur ambil tas warna cokelat hias
LP/B/34/III/2025/Kalbar/Res Mpw/Sek Sui Pinyuh,19 Maret 2025,"Pada saat rumah dalam keadaan kosong ditinggal pemiliknya bekerja, pelaku masuk dengan cara merusak kunci pintu belakang. Setelah berhasil masuk, pelaku mengacak-acak lemari di kamar utama dan mengambil Perhiasan emas seberat 3 gram serta barang berharga lainnya, kemudian melarikan diri melalui pintu yang sama.",Pada saat rumah dalam keadaan kosong ditinggal pemiliknya bekerja pelaku masuk dengan cara merusak kunci pintu belakang Setelah berhasil masuk pelaku mengacak acak lemari di kamar utama dan mengambil Perhiasan emas seberat gram serta barang berharga lainnya kemudian melarikan diri melalui pintu yang sama,pada saat rumah dalam keadaan kosong ditinggal pemiliknya bekerja pelaku masuk dengan cara merusak kunci pintu belakang setelah berhasil masuk pelaku mengacak acak lemari di kamar utama dan mengambil perhiasan emas seberat gram serta barang berharga lainnya kemudian melarikan diri melalui pintu yang sama,pada saat rumah dalam keadaan kosong ditinggal pemiliknya bekerja pelaku masuk dengan cara merusak kunci pintu belakang setelah berhasil masuk pelaku mengacak acak lemari di kamar utama dan mengambil perhiasan emas seberat gram serta barang berharga lainnya kemudian melarikan diri melalui pintu yang sama,"['pada', 'saat', 'rumah', 'dalam', 'keadaan', 'kosong', 'ditinggal', 'pemiliknya', 'bekerja', 'pelaku', 'masuk', 'dengan', 'cara', 'merusak', 'kunci', 'pintu', 'belakang', 'setelah', 'berhasil', 'masuk', 'pelaku', 'mengacak', 'acak', 'lemari', 'di', 'kamar', 'utama', 'dan', 'mengambil', 'perhiasan', 'emas', 'seberat', 'gram', 'serta', 'barang', 'berharga', 'lainnya', 'kemudian', 'melarikan', 'diri', 'melalui', 'pintu', 'yang', 'sama']","['rumah', 'kosong', 'ditinggal', 'pemiliknya', 'pelaku', 'masuk', 'merusak', 'kunci', 'pintu', 'berhasil', 'masuk', 'pelaku', 'mengacak', 'acak', 'lemari', 'kamar', 'utama', 'mengambil', 'perhiasan', 'emas', 'seberat', 'gram', 'barang', 'berharga', 'melarikan', 'pintu']","['rumah', 'kosong', 'tinggal', 'milik', 'pelaku', 'masuk', 'rusak', 'kunci', 'pintu', 'hasil', 'masuk', 'pelaku', 'acak', 'acak', 'lemari', 'kamar', 'utama', 'ambil', 'hias', 'emas', 'berat', 'gram', 'barang', 'harga', 'lari', 'pintu']",rumah kosong tinggal milik pelaku masuk rusak kunci pintu hasil masuk pelaku acak acak lemari kamar utama ambil hias emas berat gram barang harga lari pintu
LP/B/35/III/2025/Kalbar/Res Mpw/Sek Sui Pinyuh,21 Maret 2025,Pelaku memecahkan lampu penerangan jalan dengan ketapel dan batu. Tujuannya agar lingkungan menjadi gelap sehingga memudahkan rencana pencurian di sekitar lokasi.,Pelaku memecahkan lampu penerangan jalan dengan ketapel dan batu Tujuannya agar lingkungan menjadi gelap sehingga memudahkan rencana pencurian di sekitar lokasi,pelaku memecahkan lampu penerangan jalan dengan ketapel dan batu tujuannya agar lingkungan menjadi gelap sehingga memudahkan rencana pencurian di sekitar lokasi,pelaku memecahkan lampu penerangan jalan dengan ketapel dan batu tujuannya agar lingkungan menjadi gelap sehingga memudahkan rencana pencurian di sekitar lokasi,"['pelaku', 'memecahkan', 'lampu', 'penerangan', 'jalan', 'dengan', 'ketapel', 'dan', 'batu', 'tujuannya', 'agar', 'lingkungan', 'menjadi', 'gelap', 'sehingga', 'memudahkan', 'rencana', 'pencurian', 'di', 'sekitar', 'lokasi']","['pelaku', 'memecahkan', 'lampu', 'penerangan', 'jalan', 'ketapel', 'batu', 'tujuannya', 'lingkungan', 'gelap', 'memudahkan', 'rencana', 'pencurian', 'lokasi']","['pelaku', 'pecah', 'lampu', 'terang', 'jalan', 'ketapel', 'batu', 'tuju', 'lingkung', 'gelap', 'mudah', 'rencana', 'curi', 'lokasi']",pelaku pecah lampu terang jalan ketapel batu tuju lingkung gelap mudah rencana curi lokasi
LP/B/41/IV/2025/Kalbar/Res Mpw/Sek Sui Pinyuh,4 April 2025,Pelaku membanting pintu dan merusak kipas angin serta perabot kamar setelah terjadi adu mulut. Kerusakan dilakukan dalam kondisi emosi tidak terkendali.,Pelaku membanting pintu dan merusak kipas angin serta perabot kamar setelah terjadi adu mulut Kerusakan dilakukan dalam kondisi emosi tidak terkendali,pelaku membanting pintu dan merusak kipas angin serta perabot kamar setelah terjadi adu mulut kerusakan dilakukan dalam kondisi emosi tidak terkendali,pelaku membanting pintu dan merusak kipas angin serta perabot kamar setelah terjadi adu mulut kerusakan dilakukan dalam kondisi emosi tidak terkendali,"['pelaku', 'membanting', 'pintu', 'dan', 'merusak', 'kipas', 'angin', 'serta', 'perabot', 'kamar', 'setelah', 'terjadi', 'adu', 'mulut', 'kerusakan', 'dilakukan', 'dalam', 'kondisi', 'emosi', 'tidak', 'terkendali']","['pelaku', 'membanting', 'pintu', 'merusak', 'kipas', 'angin', 'perabot', 'kamar', 'adu', 'mulut', 'kerusakan', 'kondisi', 'emosi', 'terkendali']","['pelaku', 'banting', 'pintu', 'rusak', 'kipas', 'angin', 'perabot', 'kamar', 'adu', 'mulut', 'rusa', 'kondisi', 'emosi', 'kendali']",pelaku banting pintu rusak kipas angin perabot kamar adu mulut rusa kondisi emosi kendali
LP/B/47/IV/2025/Kalbar/Res Mpw/Sek Sui Pinyuh,13 April 2025,"Pelaku merusak pagar besi dengan memotong menggunakan gerinda portabel pada dini hari, bertujuan agar korban merasa terancam tanpa harus bertemu langsung.",Pelaku merusak pagar besi dengan memotong menggunakan gerinda portabel pada dini hari bertujuan agar korban merasa terancam tanpa harus bertemu langsung,pelaku merusak pagar besi dengan memotong menggunakan gerinda portabel pada dini hari bertujuan agar korban merasa terancam tanpa harus bertemu langsung,pelaku merusak pagar besi dengan memotong menggunakan gerinda portabel pada dini hari bertujuan agar korban merasa terancam tanpa harus bertemu langsung,"['pelaku', 'merusak', 'pagar', 'besi', 'dengan', 'memotong', 'menggunakan', 'gerinda', 'portabel', 'pada', 'dini', 'hari', 'bertujuan', 'agar', 'korban', 'merasa', 'terancam', 'tanpa', 'harus', 'bertemu', 'langsung']","['pelaku', 'merusak', 'pagar', 'besi', 'memotong', 'gerinda', 'portabel', 'bertujuan', 'korban', 'terancam', 'bertemu', 'langsung']","['pelaku', 'rusak', 'pagar', 'besi', 'potong', 'gerinda', 'portabel', 'tuju', 'korban', 'ancam', 'temu', 'langsung']",pelaku rusak pagar besi potong gerinda portabel tuju korban ancam temu langsung
LP/B/48/IV/2025/Kalbar/Res Mpw/Sek Sui Pinyuh,14 April 2025,"Pelaku masuk ke dalam rumah dengan cara mencongkel jendela samping menggunakan obeng, lalu mengambil 1 unit Laptop Acer di ruang tamu.",Pelaku masuk ke dalam rumah dengan cara mencongkel jendela samping menggunakan obeng lalu mengambil unit Laptop Acer di ruang tamu,pelaku masuk ke dalam rumah dengan cara mencongkel jendela samping menggunakan obeng lalu mengambil unit laptop acer di ruang tamu,pelaku masuk ke dalam rumah dengan cara mencongkel jendela samping menggunakan obeng lalu mengambil unit laptop acer di ruang tamu,"['pelaku', 'masuk', 'ke', 'dalam', 'rumah', 'dengan', 'cara', 'mencongkel', 'jendela', 'samping', 'menggunakan', 'obeng', 'lalu', 'mengambil', 'unit', 'laptop', 'acer', 'di', 'ruang', 'tamu']","['pelaku', 'masuk', 'rumah', 'mencongkel', 'jendela', 'samping', 'obeng', 'mengambil', 'unit', 'laptop', 'acer', 'ruang', 'tamu']","['pelaku', 'masuk', 'rumah', 'congkel', 'jendela', 'samping', 'obeng', 'ambil', 'unit', 'laptop', 'acer', 'ruang', 'tamu']",pelaku masuk rumah congkel jendela samping obeng ambil unit laptop acer ruang tamu
LP/B/49/IV/2025/Kalbar/Res Mpw/Sek Sui Pinyuh,16 April 2025,"Pelaku membuat aplikasi investasi palsu dengan tampilan profesional dan menjanjikan keuntungan 15–30% per bulan. Korban diminta mentransfer dana untuk membeli “paket investasi”. Pada awalnya korban diberi keuntungan kecil untuk meyakinkan. Setelah dana besar terkumpul, aplikasi tidak bisa diakses dan pelaku menghilang.",Pelaku membuat aplikasi investasi palsu dengan tampilan profesional dan menjanjikan keuntungan per bulan Korban diminta mentransfer dana untuk membeli paket investasi Pada awalnya korban diberi keuntungan kecil untuk meyakinkan Setelah dana besar terkumpul aplikasi tidak bisa diakses dan pelaku menghilang,pelaku membuat aplikasi investasi palsu dengan tampilan profesional dan menjanjikan keuntungan per bulan korban diminta mentransfer dana untuk membeli paket investasi pada awalnya korban diberi keuntungan kecil untuk meyakinkan setelah dana besar terkumpul aplikasi tidak bisa diakses dan pelaku menghilang,pelaku membuat aplikasi investasi palsu dengan tampilan profesional dan menjanjikan keuntungan per bulan korban diminta mentransfer dana untuk membeli paket investasi pada awalnya korban diberi keuntungan kecil untuk meyakinkan setelah dana besar terkumpul aplikasi tidak bisa diakses dan pelaku menghilang,"['pelaku', 'membuat', 'aplikasi', 'investasi', 'palsu', 'dengan', 'tampilan', 'profesional', 'dan', 'menjanjikan', 'keuntungan', 'per', 'bulan', 'korban', 'diminta', 'mentransfer', 'dana', 'untuk', 'membeli', 'paket', 'investasi', 'pada', 'awalnya', 'korban', 'diberi', 'keuntungan', 'kecil', 'untuk', 'meyakinkan', 'setelah', 'dana', 'besar', 'terkumpul', 'aplikasi', 'tidak', 'bisa', 'diakses', 'dan', 'pelaku', 'menghilang']","['pelaku', 'aplikasi', 'investasi', 'palsu', 'tampilan', 'profesional', 'menjanjikan', 'keuntungan', 'korban', 'mentransfer', 'dana', 'membeli', 'paket', 'investasi', 'korban', 'keuntungan', 'dana', 'terkumpul', 'aplikasi', 'diakses', 'pelaku', 'menghilang']","['pelaku', 'aplikasi', 'investasi', 'palsu', 'tampil', 'profesional', 'janji', 'untung', 'korban', 'transfer', 'dana', 'beli', 'paket', 'investasi', 'korban', 'untung', 'dana', 'kumpul', 'aplikasi', 'akses', 'pelaku', 'hilang']",pelaku aplikasi investasi palsu tampil profesional janji untung korban transfer dana beli paket investasi korban untung dana kumpul aplikasi akses pelaku hilang
LP/B/50/IV/2025/Kalbar/Res Mpw/Sek Sui Pinyuh,16 April 2025,Pelaku mengambil sepeda motor merk Honda Beat milik korban yang sedang diparkir di halaman masjid saat korban sedang melaksanakan sholat.,Pelaku mengambil sepeda motor merk Honda Beat milik korban yang sedang diparkir di halaman masjid saat korban sedang melaksanakan sholat,pelaku mengambil sepeda motor merk honda beat milik korban yang sedang diparkir di halaman masjid saat korban sedang melaksanakan sholat,pelaku mengambil sepeda motor merk honda beat milik korban yang sedang diparkir di halaman masjid saat korban sedang melaksanakan sholat,"['pelaku', 'mengambil', 'sepeda', 'motor', 'merk', 'honda', 'beat', 'milik', 'korban', 'yang', 'sedang', 'diparkir', 'di', 'halaman', 'masjid', 'saat', 'korban', 'sedang', 'melaksanakan', 'sholat']","['pelaku', 'mengambil', 'sepeda', 'motor', 'merk', 'honda', 'beat', 'milik', 'korban', 'diparkir', 'halaman', 'masjid', 'korban', 'melaksanakan', 'sholat']","['pelaku', 'ambil', 'sepeda', 'motor', 'merk', 'honda', 'beat', 'milik', 'korban', 'parkir', 'halaman', 'masjid', 'korban', 'laksana', 'sholat']",pelaku ambil sepeda motor merk honda beat milik korban parkir halaman masjid korban laksana sholat
LP/B/51/IV/2025/Kalbar/Res Mpw/Sek Sui Pinyuh,18 April 2025,Pelaku mengambil sepeda motor Yamaha Mio yang diparkir di teras rumah korban.,Pelaku mengambil sepeda motor Yamaha Mio yang diparkir di teras rumah korban,pelaku mengambil sepeda motor yamaha mio yang diparkir di teras rumah korban,pelaku mengambil sepeda motor yamaha mio yang diparkir di teras rumah korban,"['pelaku', 'mengambil', 'sepeda', 'motor', 'yamaha', 'mio', 'yang', 'diparkir', 'di', 'teras', 'rumah', 'korban']","['pelaku', 'mengambil', 'sepeda', 'motor', 'yamaha', 'mio', 'diparkir', 'teras', 'rumah', 'korban']","['pelaku', 'ambil', 'sepeda', 'motor', 'yamaha', 'mio', 'parkir', 'teras', 'rumah', 'korban']",pelaku ambil sepeda motor yamaha mio parkir teras rumah korban
LP/B/55/IV/2025/Kalbar/Res Mpw/Sek Sui Pinyuh,24 April 2025,Pelaku melakukan perusakan terhadap kaca ruko menggunakan ketapel dan batu dari jarak jauh pada malam hari untuk menghindari rekaman CCTV. Aksi dilakukan setelah terjadi perselisihan bisnis antara pelaku dan pemilik ruko.,Pelaku melakukan perusakan terhadap kaca ruko menggunakan ketapel dan batu dari jarak jauh pada malam hari untuk menghindari rekaman CCTV Aksi dilakukan setelah terjadi perselisihan bisnis antara pelaku dan pemilik ruko,pelaku melakukan perusakan terhadap kaca ruko menggunakan ketapel dan batu dari jarak jauh pada malam hari untuk menghindari rekaman cctv aksi dilakukan setelah terjadi perselisihan bisnis antara pelaku dan pemilik ruko,pelaku melakukan perusakan terhadap kaca ruko menggunakan ketapel dan batu dari jarak jauh pada malam hari untuk menghindari rekaman cctv aksi dilakukan setelah terjadi perselisihan bisnis antara pelaku dan pemilik ruko,"['pelaku', 'melakukan', 'perusakan', 'terhadap', 'kaca', 'ruko', 'menggunakan', 'ketapel', 'dan', 'batu', 'dari', 'jarak', 'jauh', 'pada', 'malam', 'hari', 'untuk', 'menghindari', 'rekaman', 'cctv', 'aksi', 'dilakukan', 'setelah', 'terjadi', 'perselisihan', 'bisnis', 'antara', 'pelaku', 'dan', 'pemilik', 'ruko']","['pelaku', 'perusakan', 'kaca', 'ruko', 'ketapel', 'batu', 'jarak', 'malam', 'menghindari', 'rekaman', 'cctv', 'aksi', 'perselisihan', 'bisnis', 'pelaku', 'pemilik', 'ruko']","['pelaku', 'perusakan', 'kaca', 'ruko', 'ketapel', 'batu', 'jarak', 'malam', 'hindar', 'rekam', 'cctv', 'aksi', 'selisih', 'bisnis', 'pelaku', 'pemilik', 'ruko']",pelaku perusakan kaca ruko ketapel batu jarak malam hindar rekam cctv aksi selisih bisnis pelaku pemilik ruko
LP/B/58/IV/2025/Kalbar/Res Mpw/Sek Sui Pinyuh,29 April 2025,"Pelaku (Lidik) masuk ke dalam rumah dengan cara mencongkel jendela samping menggunakan obeng, lalu mengambil Perhiasan emas seberat 3 gram di ruang tamu.",Pelaku Lidik masuk ke dalam rumah dengan cara mencongkel jendela samping menggunakan obeng lalu mengambil Perhiasan emas seberat gram di ruang tamu,pelaku lidik masuk ke dalam rumah dengan cara mencongkel jendela samping menggunakan obeng lalu mengambil perhiasan emas seberat gram di ruang tamu,pelaku lidik masuk ke dalam rumah dengan cara mencongkel jendela samping menggunakan obeng lalu mengambil perhiasan emas seberat gram di ruang tamu,"['pelaku', 'lidik', 'masuk', 'ke', 'dalam', 'rumah', 'dengan', 'cara', 'mencongkel', 'jendela', 'samping', 'menggunakan', 'obeng', 'lalu', 'mengambil', 'perhiasan', 'emas', 'seberat', 'gram', 'di', 'ruang', 'tamu']","['pelaku', 'lidik', 'masuk', 'rumah', 'mencongkel', 'jendela', 'samping', 'obeng', 'mengambil', 'perhiasan', 'emas', 'seberat', 'gram', 'ruang', 'tamu']","['pelaku', 'lidik', 'masuk', 'rumah', 'congkel', 'jendela', 'samping', 'obeng', 'ambil', 'hias', 'emas', 'berat', 'gram', 'ruang', 'tamu']",pelaku lidik masuk rumah congkel jendela samping obeng ambil hias emas berat gram ruang tamu
LP/B/59/V/2025/Kalbar/Res Mpw/Sek Sui Pinyuh,2 Mei 2025,"Pelaku berpura-pura menjadi pembeli dan mengirimkan bukti transfer palsu yang sudah diedit. Penjual yang tidak teliti langsung mengirim barang. Setelah dicek, dana tidak pernah masuk ke rekening.",Pelaku berpura pura menjadi pembeli dan mengirimkan bukti transfer palsu yang sudah diedit Penjual yang tidak teliti langsung mengirim barang Setelah dicek dana tidak pernah masuk ke rekening,pelaku berpura pura menjadi pembeli dan mengirimkan bukti transfer palsu yang sudah diedit penjual yang tidak teliti langsung mengirim barang setelah dicek dana tidak pernah masuk ke rekening,pelaku berpura pura menjadi pembeli dan mengirimkan bukti transfer palsu yang sudah diedit penjual yang tidak teliti langsung mengirim barang setelah dicek dana tidak pernah masuk ke rekening,"['pelaku', 'berpura', 'pura', 'menjadi', 'pembeli', 'dan', 'mengirimkan', 'bukti', 'transfer', 'palsu', 'yang', 'sudah', 'diedit', 'penjual', 'yang', 'tidak', 'teliti', 'langsung', 'mengirim', 'barang', 'setelah', 'dicek', 'dana', 'tidak', 'pernah', 'masuk', 'ke', 'rekening']","['pelaku', 'berpura', 'pura', 'pembeli', 'mengirimkan', 'bukti', 'transfer', 'palsu', 'diedit', 'penjual', 'teliti', 'langsung', 'mengirim', 'barang', 'dicek', 'dana', 'masuk', 'rekening']","['pelaku', 'pura', 'pura', 'pembeli', 'kirim', 'bukti', 'transfer', 'palsu', 'edit', 'penjual', 'teliti', 'langsung', 'kirim', 'barang', 'cek', 'dana', 'masuk', 'rekening']",pelaku pura pura pembeli kirim bukti transfer palsu edit penjual teliti langsung kirim barang cek dana masuk rekening
LP/B/63/V/2025/Kalbar/Res Mpw/Sek Sui Pinyuh,15 Mei 2025,Pelaku mengaku sebagai pejabat daerah atau aparat penegak hukum dan meminta sejumlah uang dengan alasan bantuan sosial atau pengurusan kasus. Korban merasa takut atau segan sehingga langsung mentransfer dana.,Pelaku mengaku sebagai pejabat daerah atau aparat penegak hukum dan meminta sejumlah uang dengan alasan bantuan sosial atau pengurusan kasus Korban merasa takut atau segan sehingga langsung mentransfer dana,pelaku mengaku sebagai pejabat daerah atau aparat penegak hukum dan meminta sejumlah uang dengan alasan bantuan sosial atau pengurusan kasus korban merasa takut atau segan sehingga langsung mentransfer dana,pelaku mengaku sebagai pejabat daerah atau aparat penegak hukum dan meminta sejumlah uang dengan alasan bantuan sosial atau pengurusan kasus korban merasa takut atau segan sehingga langsung mentransfer dana,"['pelaku', 'mengaku', 'sebagai', 'pejabat', 'daerah', 'atau', 'aparat', 'penegak', 'hukum', 'dan', 'meminta', 'sejumlah', 'uang', 'dengan', 'alasan', 'bantuan', 'sosial', 'atau', 'pengurusan', 'kasus', 'korban', 'merasa', 'takut', 'atau', 'segan', 'sehingga', 'langsung', 'mentransfer', 'dana']","['pelaku', 'mengaku', 'pejabat', 'daerah', 'aparat', 'penegak', 'hukum', 'uang', 'alasan', 'bantuan', 'sosial', 'pengurusan', 'korban', 'takut', 'segan', 'langsung', 'mentransfer', 'dana']","['pelaku', 'aku', 'jabat', 'daerah', 'aparat', 'tegak', 'hukum', 'uang', 'alas', 'bantu', 'sosial', 'urus', 'korban', 'takut', 'segan', 'langsung', 'transfer', 'dana']",pelaku aku jabat daerah aparat tegak hukum uang alas bantu sosial urus korban takut segan langsung transfer dana
LP/B/67/V/2025/Kalbar/Res Mpw/Sek Sui Pinyuh,22 Mei 2025,"Pelaku menawarkan paket umrah dengan harga jauh di bawah standar. Korban diminta melunasi pembayaran sebelum keberangkatan. Mendekati jadwal berangkat, kantor travel tutup dan tidak ada keberangkatan.",Pelaku menawarkan paket umrah dengan harga jauh di bawah standar Korban diminta melunasi pembayaran sebelum keberangkatan Mendekati jadwal berangkat kantor travel tutup dan tidak ada keberangkatan,pelaku menawarkan paket umrah dengan harga jauh di bawah standar korban diminta melunasi pembayaran sebelum keberangkatan mendekati jadwal berangkat kantor travel tutup dan tidak ada keberangkatan,pelaku menawarkan paket umrah dengan harga jauh di bawah standar korban diminta melunasi pembayaran sebelum keberangkatan mendekati jadwal berangkat kantor travel tutup dan tidak ada keberangkatan,"['pelaku', 'menawarkan', 'paket', 'umrah', 'dengan', 'harga', 'jauh', 'di', 'bawah', 'standar', 'korban', 'diminta', 'melunasi', 'pembayaran', 'sebelum', 'keberangkatan', 'mendekati', 'jadwal', 'berangkat', 'kantor', 'travel', 'tutup', 'dan', 'tidak', 'ada', 'keberangkatan']","['pelaku', 'menawarkan', 'paket', 'umrah', 'harga', 'standar', 'korban', 'melunasi', 'pembayaran', 'keberangkatan', 'mendekati', 'jadwal', 'berangkat', 'kantor', 'travel', 'tutup', 'keberangkatan']","['pelaku', 'tawar', 'paket', 'umrah', 'harga', 'standar', 'korban', 'lunas', 'bayar', 'berangkat', 'dekat', 'jadwal', 'berangkat', 'kantor', 'travel', 'tutup', 'berangkat']",pelaku tawar paket umrah harga standar korban lunas bayar berangkat dekat jadwal berangkat kantor travel tutup berangkat
LP/B/68/V/2025/Kalbar/Res Mpw/Sek Sui Pinyuh,23 Mei 2025,Pelaku merusak gerbang sekolah dengan mencoret dan mematahkan kunci gembok karena tidak terima ditegur oleh petugas keamanan.,Pelaku merusak gerbang sekolah dengan mencoret dan mematahkan kunci gembok karena tidak terima ditegur oleh petugas keamanan,pelaku merusak gerbang sekolah dengan mencoret dan mematahkan kunci gembok karena tidak terima ditegur oleh petugas keamanan,pelaku merusak gerbang sekolah dengan mencoret dan mematahkan kunci gembok karena tidak terima ditegur oleh petugas keamanan,"['pelaku', 'merusak', 'gerbang', 'sekolah', 'dengan', 'mencoret', 'dan', 'mematahkan', 'kunci', 'gembok', 'karena', 'tidak', 'terima', 'ditegur', 'oleh', 'petugas', 'keamanan']","['pelaku', 'merusak', 'gerbang', 'sekolah', 'mencoret', 'mematahkan', 'kunci', 'gembok', 'terima', 'ditegur', 'petugas', 'keamanan']","['pelaku', 'rusak', 'gerbang', 'sekolah', 'coret', 'patah', 'kunci', 'gembok', 'terima', 'tegur', 'petugas', 'aman']",pelaku rusak gerbang sekolah coret patah kunci gembok terima tegur petugas aman
LP/B/69/V/2025/Kalbar/Res Mpw/Sek Sui Pinyuh,26 Mei 2025,"Pelaku masuk ke dalam rumah dengan cara mencongkel jendela samping menggunakan obeng, lalu mengambil Uang tunai Rp 2.000.000 di ruang tamu.",Pelaku masuk ke dalam rumah dengan cara mencongkel jendela samping menggunakan obeng lalu mengambil Uang tunai Rp di ruang tamu,pelaku masuk ke dalam rumah dengan cara mencongkel jendela samping menggunakan obeng lalu mengambil uang tunai rp di ruang tamu,pelaku masuk ke dalam rumah dengan cara mencongkel jendela samping menggunakan obeng lalu mengambil uang tunai rupiah di ruang tamu,"['pelaku', 'masuk', 'ke', 'dalam', 'rumah', 'dengan', 'cara', 'mencongkel', 'jendela', 'samping', 'menggunakan', 'obeng', 'lalu', 'mengambil', 'uang', 'tunai', 'rupiah', 'di', 'ruang', 'tamu']","['pelaku', 'masuk', 'rumah', 'mencongkel', 'jendela', 'samping', 'obeng', 'mengambil', 'uang', 'tunai', 'rupiah', 'ruang', 'tamu']","['pelaku', 'masuk', 'rumah', 'congkel', 'jendela', 'samping', 'obeng', 'ambil', 'uang', 'tunai', 'rupiah', 'ruang', 'tamu']",pelaku masuk rumah congkel jendela samping obeng ambil uang tunai rupiah ruang tamu
LP/B/72/VI/2025/Kalbar/Res Mpw/Sek Sui Pinyuh,3 Juni 2025,Pelaku menyebarkan informasi palsu mengenai penggalangan dana bencana. Rekening pribadi digunakan sebagai penampung dana. Uang yang terkumpul dipakai untuk kepentingan pribadi.,Pelaku menyebarkan informasi palsu mengenai penggalangan dana bencana Rekening pribadi digunakan sebagai penampung dana Uang yang terkumpul dipakai untuk kepentingan pribadi,pelaku menyebarkan informasi palsu mengenai penggalangan dana bencana rekening pribadi digunakan sebagai penampung dana uang yang terkumpul dipakai untuk kepentingan pribadi,pelaku menyebarkan informasi palsu mengenai penggalangan dana bencana rekening pribadi digunakan sebagai penampung dana uang yang terkumpul dipakai untuk kepentingan pribadi,"['pelaku', 'menyebarkan', 'informasi', 'palsu', 'mengenai', 'penggalangan', 'dana', 'bencana', 'rekening', 'pribadi', 'digunakan', 'sebagai', 'penampung', 'dana', 'uang', 'yang', 'terkumpul', 'dipakai', 'untuk', 'kepentingan', 'pribadi']","['pelaku', 'menyebarkan', 'informasi', 'palsu', 'penggalangan', 'dana', 'bencana', 'rekening', 'pribadi', 'penampung', 'dana', 'uang', 'terkumpul', 'dipakai', 'kepentingan', 'pribadi']","['pelaku', 'sebar', 'informasi', 'palsu', 'galang', 'dana', 'bencana', 'rekening', 'pribadi', 'tampung', 'dana', 'uang', 'kumpul', 'pakai', 'penting', 'pribadi']",pelaku sebar informasi palsu galang dana bencana rekening pribadi tampung dana uang kumpul pakai penting pribadi
LP/B/81/VI/2025/Kalbar/Res Mpw/Sek Sui Pinyuh,17 Juni 2025,Pelaku marah karena korban memarkir kendaraan di depan rumahnya. Pelaku kemudian menarik korban keluar dari kendaraan dan melakukan pemukulan.,Pelaku marah karena korban memarkir kendaraan di depan rumahnya Pelaku kemudian menarik korban keluar dari kendaraan dan melakukan pemukulan,pelaku marah karena korban memarkir kendaraan di depan rumahnya pelaku kemudian menarik korban keluar dari kendaraan dan melakukan pemukulan,pelaku marah karena korban memarkir kendaraan di depan rumahnya pelaku kemudian menarik korban keluar dari kendaraan dan melakukan pemukulan,"['pelaku', 'marah', 'karena', 'korban', 'memarkir', 'kendaraan', 'di', 'depan', 'rumahnya', 'pelaku', 'kemudian', 'menarik', 'korban', 'keluar', 'dari', 'kendaraan', 'dan', 'melakukan', 'pemukulan']","['pelaku', 'marah', 'korban', 'memarkir', 'kendaraan', 'rumahnya', 'pelaku', 'menarik', 'korban', 'kendaraan', 'pemukulan']","['pelaku', 'marah', 'korban', 'parkir', 'kendara', 'rumah', 'pelaku', 'tarik', 'korban', 'kendara', 'pukul']",pelaku marah korban parkir kendara rumah pelaku tarik korban kendara pukul
LP/B/82/VI/2025/Kalbar/Res Mpw/Sek Sui Pinyuh,19 Juni 2025,Pelaku merusak kandang ayam milik korban dengan membongkar kayu penyangga akibat kotoran ayamnya ke halaman pelaku.,Pelaku merusak kandang ayam milik korban dengan membongkar kayu penyangga akibat kotoran ayamnya ke halaman pelaku,pelaku merusak kandang ayam milik korban dengan membongkar kayu penyangga akibat kotoran ayamnya ke halaman pelaku,pelaku merusak kandang ayam milik korban dengan membongkar kayu penyangga akibat kotoran ayamnya ke halaman pelaku,"['pelaku', 'merusak', 'kandang', 'ayam', 'milik', 'korban', 'dengan', 'membongkar', 'kayu', 'penyangga', 'akibat', 'kotoran', 'ayamnya', 'ke', 'halaman', 'pelaku']","['pelaku', 'merusak', 'kandang', 'ayam', 'milik', 'korban', 'membongkar', 'kayu', 'penyangga', 'akibat', 'kotoran', 'ayamnya', 'halaman', 'pelaku']","['pelaku', 'rusak', 'kandang', 'ayam', 'milik', 'korban', 'bongkar', 'kayu', 'sangga', 'akibat', 'kotor', 'ayam', 'halaman', 'pelaku']",pelaku rusak kandang ayam milik korban bongkar kayu sangga akibat kotor ayam halaman pelaku
LP/B/83/VI/2025/Kalbar/Res Mpw/Sek Sui Pinyuh,22 Juni 2025,"Pelaku melihat korban berbicara dengan pasangannya. Tanpa klarifikasi, pelaku langsung menyerang korban dengan meninju dan menendang di tempat umum akibat terbakar rasa cemburu.",Pelaku melihat korban berbicara dengan pasangannya Tanpa klarifikasi pelaku langsung menyerang korban dengan meninju dan menendang di tempat umum akibat terbakar rasa cemburu,pelaku melihat korban berbicara dengan pasangannya tanpa klarifikasi pelaku langsung menyerang korban dengan meninju dan menendang di tempat umum akibat terbakar rasa cemburu,pelaku melihat korban berbicara dengan pasangannya tanpa klarifikasi pelaku langsung menyerang korban dengan meninju dan menendang di tempat umum akibat terbakar rasa cemburu,"['pelaku', 'melihat', 'korban', 'berbicara', 'dengan', 'pasangannya', 'tanpa', 'klarifikasi', 'pelaku', 'langsung', 'menyerang', 'korban', 'dengan', 'meninju', 'dan', 'menendang', 'di', 'tempat', 'umum', 'akibat', 'terbakar', 'rasa', 'cemburu']","['pelaku', 'korban', 'berbicara', 'pasangannya', 'klarifikasi', 'pelaku', 'langsung', 'menyerang', 'korban', 'meninju', 'menendang', 'akibat', 'terbakar', 'cemburu']","['pelaku', 'korban', 'bicara', 'pasang', 'klarifikasi', 'pelaku', 'langsung', 'serang', 'korban', 'tinju', 'tendang', 'akibat', 'bakar', 'cemburu']",pelaku korban bicara pasang klarifikasi pelaku langsung serang korban tinju tendang akibat bakar cemburu
LP/B/84/VI/2025/Kalbar/Res Mpw/Sek Sui Pinyuh,26 Juni 2025,Pelaku merusak sound system milik korban dengan menjatuhkannya akibat kesal karena menyetel musik dengan keras.,Pelaku merusak sound system milik korban dengan menjatuhkannya akibat kesal karena menyetel musik dengan keras,pelaku merusak sound system milik korban dengan menjatuhkannya akibat kesal karena menyetel musik dengan keras,pelaku merusak sound system milik korban dengan menjatuhkannya akibat kesal karena menyetel musik dengan keras,"['pelaku', 'merusak', 'sound', 'system', 'milik', 'korban', 'dengan', 'menjatuhkannya', 'akibat', 'kesal', 'karena', 'menyetel', 'musik', 'dengan', 'keras']","['pelaku', 'merusak', 'sound', 'system', 'milik', 'korban', 'menjatuhkannya', 'akibat', 'kesal', 'menyetel', 'musik', 'keras']","['pelaku', 'rusak', 'sound', 'system', 'milik', 'korban', 'jatuh', 'akibat', 'kesal', 'setel', 'musik', 'keras']",pelaku rusak sound system milik korban jatuh akibat kesal setel musik keras
LP/B/85/VI/2025/Kalbar/Res Mpw/Sek Sui Pinyuh,27 Juni 2025,"Pelaku menjual kendaraan dengan harga murah disertai dokumen palsu. Setelah transaksi, korban mengetahui kendaraan tersebut bermasalah atau hasil kejahatan.",Pelaku menjual kendaraan dengan harga murah disertai dokumen palsu Setelah transaksi korban mengetahui kendaraan tersebut bermasalah atau hasil kejahatan,pelaku menjual kendaraan dengan harga murah disertai dokumen palsu setelah transaksi korban mengetahui kendaraan tersebut bermasalah atau hasil kejahatan,pelaku menjual kendaraan dengan harga murah disertai dokumen palsu setelah transaksi korban mengetahui kendaraan tersebut bermasalah atau hasil kejahatan,"['pelaku', 'menjual', 'kendaraan', 'dengan', 'harga', 'murah', 'disertai', 'dokumen', 'palsu', 'setelah', 'transaksi', 'korban', 'mengetahui', 'kendaraan', 'tersebut', 'bermasalah', 'atau', 'hasil', 'kejahatan']","['pelaku', 'menjual', 'kendaraan', 'harga', 'murah', 'disertai', 'dokumen', 'palsu', 'transaksi', 'korban', 'kendaraan', 'bermasalah', 'hasil', 'kejahatan']","['pelaku', 'jual', 'kendara', 'harga', 'murah', 'serta', 'dokumen', 'palsu', 'transaksi', 'korban', 'kendara', 'masalah', 'hasil', 'jahat']",pelaku jual kendara harga murah serta dokumen palsu transaksi korban kendara masalah hasil jahat
LP/B/86/VII/2025/Kalbar/Res Mpw/Sek Sui Pinyuh,2 Juli 2025,Pelaku (Lidik) mengambil 2 buah tabung gas 3kg milik korban yang tersimpan di dalam rumah.,Pelaku Lidik mengambil buah tabung gas kg milik korban yang tersimpan di dalam rumah,pelaku lidik mengambil buah tabung gas kg milik korban yang tersimpan di dalam rumah,pelaku lidik mengambil buah tabung gas kilo milik korban yang tersimpan di dalam rumah,"['pelaku', 'lidik', 'mengambil', 'buah', 'tabung', 'gas', 'kilo', 'milik', 'korban', 'yang', 'tersimpan', 'di', 'dalam', 'rumah']","['pelaku', 'lidik', 'mengambil', 'buah', 'tabung', 'gas', 'kilo', 'milik', 'korban', 'tersimpan', 'rumah']","['pelaku', 'lidik', 'ambil', 'buah', 'tabung', 'gas', 'kilo', 'milik', 'korban', 'simpan', 'rumah']",pelaku lidik ambil buah tabung gas kilo milik korban simpan rumah
LP/B/87/VII/2025/Kalbar/Res Mpw/Sek Sui Pinyuh,3 Juli 2025,"Pelaku menawarkan jasa pengerjaan skripsi dengan jaminan selesai cepat. Setelah pembayaran dilakukan, hasil tidak dikirim dan pelaku menghilang.",Pelaku menawarkan jasa pengerjaan skripsi dengan jaminan selesai cepat Setelah pembayaran dilakukan hasil tidak dikirim dan pelaku menghilang,pelaku menawarkan jasa pengerjaan skripsi dengan jaminan selesai cepat setelah pembayaran dilakukan hasil tidak dikirim dan pelaku menghilang,pelaku menawarkan jasa pengerjaan skripsi dengan jaminan selesai cepat setelah pembayaran dilakukan hasil tidak dikirim dan pelaku menghilang,"['pelaku', 'menawarkan', 'jasa', 'pengerjaan', 'skripsi', 'dengan', 'jaminan', 'selesai', 'cepat', 'setelah', 'pembayaran', 'dilakukan', 'hasil', 'tidak', 'dikirim', 'dan', 'pelaku', 'menghilang']","['pelaku', 'menawarkan', 'jasa', 'pengerjaan', 'skripsi', 'jaminan', 'selesai', 'cepat', 'pembayaran', 'hasil', 'dikirim', 'pelaku', 'menghilang']","['pelaku', 'tawar', 'jasa', 'kerja', 'skripsi', 'jamin', 'selesai', 'cepat', 'bayar', 'hasil', 'kirim', 'pelaku', 'hilang']",pelaku tawar jasa kerja skripsi jamin selesai cepat bayar hasil kirim pelaku hilang
LP/B/93/VII/2025/Kalbar/Res Mpw/Sek Sui Pinyuh,14 Juli 2025,"Pelaku menuduh korban mencuri barangnya. Tanpa bukti, pelaku memukul korban sebelum masalah diklarifikasi.",Pelaku menuduh korban mencuri barangnya Tanpa bukti pelaku memukul korban sebelum masalah diklarifikasi,pelaku menuduh korban mencuri barangnya tanpa bukti pelaku memukul korban sebelum masalah diklarifikasi,pelaku menuduh korban mencuri barangnya tanpa bukti pelaku memukul korban sebelum masalah diklarifikasi,"['pelaku', 'menuduh', 'korban', 'mencuri', 'barangnya', 'tanpa', 'bukti', 'pelaku', 'memukul', 'korban', 'sebelum', 'masalah', 'diklarifikasi']","['pelaku', 'menuduh', 'korban', 'mencuri', 'barangnya', 'bukti', 'pelaku', 'memukul', 'korban', 'diklarifikasi']","['pelaku', 'tuduh', 'korban', 'curi', 'barang', 'bukti', 'pelaku', 'pukul', 'korban', 'klarifikasi']",pelaku tuduh korban curi barang bukti pelaku pukul korban klarifikasi
LP/B/94/VII/2025/Kalbar/Res/Mpw/Sek/Sui Pinyuh,17 Juli 2025,Pelaku mencuri mobil dengan cara mengambil kunci mobil yang tersimpan diatas telivisi (TV) milik pelapor,Pelaku mencuri mobil dengan cara mengambil kunci mobil yang tersimpan diatas telivisi TV milik pelapor,pelaku mencuri mobil dengan cara mengambil kunci mobil yang tersimpan diatas telivisi tv milik pelapor,pelaku mencuri mobil dengan cara mengambil kunci mobil yang tersimpan diatas telivisi tv milik pelapor,"['pelaku', 'mencuri', 'mobil', 'dengan', 'cara', 'mengambil', 'kunci', 'mobil', 'yang', 'tersimpan', 'diatas', 'telivisi', 'tv', 'milik', 'pelapor']","['pelaku', 'mencuri', 'mobil', 'mengambil', 'kunci', 'mobil', 'tersimpan', 'diatas', 'telivisi', 'milik', 'pelapor']","['pelaku', 'curi', 'mobil', 'ambil', 'kunci', 'mobil', 'simpan', 'atas', 'telivisi', 'milik', 'lapor']",pelaku curi mobil ambil kunci mobil simpan atas telivisi milik lapor
LP/B/95/VII/2025/Kalbar/Res/Mpw/Sek/Sui Pinyuh,08 Juli 2025,Pelaku berpura pura membeli rokok di toko sembako milik pelapor dan mengambil toples yang berisi uang milik pelapor,Pelaku berpura pura membeli rokok di toko sembako milik pelapor dan mengambil toples yang berisi uang milik pelapor,pelaku berpura pura membeli rokok di toko sembako milik pelapor dan mengambil toples yang berisi uang milik pelapor,pelaku berpura pura membeli rokok di toko sembako milik pelapor dan mengambil toples yang berisi uang milik pelapor,"['pelaku', 'berpura', 'pura', 'membeli', 'rokok', 'di', 'toko', 'sembako', 'milik', 'pelapor', 'dan', 'mengambil', 'toples', 'yang', 'berisi', 'uang', 'milik', 'pelapor']","['pelaku', 'berpura', 'pura', 'membeli', 'rokok', 'toko', 'sembako', 'milik', 'pelapor', 'mengambil', 'toples', 'berisi', 'uang', 'milik', 'pelapor']","['pelaku', 'pura', 'pura', 'beli', 'rokok', 'toko', 'sembako', 'milik', 'lapor', 'ambil', 'toples', 'isi', 'uang', 'milik', 'lapor']",pelaku pura pura beli rokok toko sembako milik lapor ambil toples isi uang milik lapor
LP/B/96/VII/2025/Kalbar/Res/Mpw/Sek/Sui Pinyuh,18 Juli 2025,pelaku melakukan penganiayaan dengan memukul dan menggunakan Helm terhadap pelapor,pelaku melakukan penganiayaan dengan memukul dan menggunakan Helm terhadap pelapor,pelaku melakukan penganiayaan dengan memukul dan menggunakan helm terhadap pelapor,pelaku melakukan penganiayaan dengan memukul dan menggunakan helm terhadap pelapor,"['pelaku', 'melakukan', 'penganiayaan', 'dengan', 'memukul', 'dan', 'menggunakan', 'helm', 'terhadap', 'pelapor']","['pelaku', 'penganiayaan', 'memukul', 'helm', 'pelapor']","['pelaku', 'aniaya', 'pukul', 'helm', 'lapor']",pelaku aniaya pukul helm lapor
LP/B/97/VII/2025/Kalbar/Res/Mpw/Sek/Sui Pinyuh,19 Juli 2025,"Pelaku merusak kunci stang motor menggunakan kunci T saat motor diparkir di Pasar Sungai Pinyuh RT 20/RW 02, Sungai Rasau, Kec. Sungai Pinyuh, Kab. Mempawah, lalu membawanya kabur.",Pelaku merusak kunci stang motor menggunakan kunci T saat motor diparkir di Pasar Sungai Pinyuh RT RW Sungai Rasau Kec Sungai Pinyuh Kab Mempawah lalu membawanya kabur,pelaku merusak kunci stang motor menggunakan kunci t saat motor diparkir di pasar sungai pinyuh rt rw sungai rasau kec sungai pinyuh kab mempawah lalu membawanya kabur,pelaku merusak kunci stang motor menggunakan kunci t saat motor diparkir di pasar sungai pinyuh rukun tetangga rukun warga sungai rasau kecamatan sungai pinyuh kabupaten mempawah lalu membawanya kabur,"['pelaku', 'merusak', 'kunci', 'stang', 'motor', 'menggunakan', 'kunci', 't', 'saat', 'motor', 'diparkir', 'di', 'pasar', 'sungai', 'pinyuh', 'rukun', 'tetangga', 'rukun', 'warga', 'sungai', 'rasau', 'kecamatan', 'sungai', 'pinyuh', 'kabupaten', 'mempawah', 'lalu', 'membawanya', 'kabur']","['pelaku', 'merusak', 'kunci', 'stang', 'motor', 'kunci', 'motor', 'diparkir', 'pasar', 'sungai', 'pinyuh', 'rukun', 'tetangga', 'rukun', 'warga', 'sungai', 'rasau', 'kecamatan', 'sungai', 'pinyuh', 'kabupaten', 'mempawah', 'membawanya', 'kabur']","['pelaku', 'rusak', 'kunci', 'stang', 'motor', 'kunci', 'motor', 'parkir', 'pasar', 'sungai', 'pinyuh', 'rukun', 'tetangga', 'rukun', 'warga', 'sungai', 'rasau', 'camat', 'sungai', 'pinyuh', 'kabupaten', 'mempawah', 'bawa', 'kabur']",pelaku rusak kunci stang motor kunci motor parkir pasar sungai pinyuh rukun tetangga rukun warga sungai rasau camat sungai pinyuh kabupaten mempawah bawa kabur
LP/B/103/VII/2025/Kalbar/Res/Mpw/Sek/Sui Pinyuh,30 Juli 2025,"Perusakan dilakukan dengan menyiram air keras pada permukaan cat kendaraan sehingga merusak tampilan luar, akibat iri dengki",Perusakan dilakukan dengan menyiram air keras pada permukaan cat kendaraan sehingga merusak tampilan luar akibat iri dengki,perusakan dilakukan dengan menyiram air keras pada permukaan cat kendaraan sehingga merusak tampilan luar akibat iri dengki,perusakan dilakukan dengan menyiram air keras pada permukaan cat kendaraan sehingga merusak tampilan luar akibat iri dengki,"['perusakan', 'dilakukan', 'dengan', 'menyiram', 'air', 'keras', 'pada', 'permukaan', 'cat', 'kendaraan', 'sehingga', 'merusak', 'tampilan', 'luar', 'akibat', 'iri', 'dengki']","['perusakan', 'menyiram', 'air', 'keras', 'permukaan', 'cat', 'kendaraan', 'merusak', 'tampilan', 'akibat', 'iri', 'dengki']","['perusakan', 'siram', 'air', 'keras', 'muka', 'cat', 'kendara', 'rusak', 'tampil', 'akibat', 'iri', 'dengki']",perusakan siram air keras muka cat kendara rusak tampil akibat iri dengki
LP/B/104/VIII/2025/Kalbar/Res/Mpw/Sek/Sui Pinyuh,06 Agustus 2025,Pelaku melakukan pencurian dengan memasuki dalam rumah pelapor dan mengambil motor milik pelapor,Pelaku melakukan pencurian dengan memasuki dalam rumah pelapor dan mengambil motor milik pelapor,pelaku melakukan pencurian dengan memasuki dalam rumah pelapor dan mengambil motor milik pelapor,pelaku melakukan pencurian dengan memasuki dalam rumah pelapor dan mengambil motor milik pelapor,"['pelaku', 'melakukan', 'pencurian', 'dengan', 'memasuki', 'dalam', 'rumah', 'pelapor', 'dan', 'mengambil', 'motor', 'milik', 'pelapor']","['pelaku', 'pencurian', 'memasuki', 'rumah', 'pelapor', 'mengambil', 'motor', 'milik', 'pelapor']","['pelaku', 'curi', 'pasuk', 'rumah', 'lapor', 'ambil', 'motor', 'milik', 'lapor']",pelaku curi pasuk rumah lapor ambil motor milik lapor
LP/B/105/VIII/2025/Kalbar/Res/Mpw/Sek/Sui Pinyuh,7 Agustus 2025,Pelaku menawarkan kavling atau rumah subsidi yang belum memiliki izin resmi. Korban diminta membayar DP besar. Setelah itu proyek tidak pernah dibangun.,Pelaku menawarkan kavling atau rumah subsidi yang belum memiliki izin resmi Korban diminta membayar DP besar Setelah itu proyek tidak pernah dibangun,pelaku menawarkan kavling atau rumah subsidi yang belum memiliki izin resmi korban diminta membayar dp besar setelah itu proyek tidak pernah dibangun,pelaku menawarkan kavling atau rumah subsidi yang belum memiliki izin resmi korban diminta membayar dp besar setelah itu proyek tidak pernah dibangun,"['pelaku', 'menawarkan', 'kavling', 'atau', 'rumah', 'subsidi', 'yang', 'belum', 'memiliki', 'izin', 'resmi', 'korban', 'diminta', 'membayar', 'dp', 'besar', 'setelah', 'itu', 'proyek', 'tidak', 'pernah', 'dibangun']","['pelaku', 'menawarkan', 'kavling', 'rumah', 'subsidi', 'memiliki', 'izin', 'resmi', 'korban', 'membayar', 'proyek', 'dibangun']","['pelaku', 'tawar', 'kavling', 'rumah', 'subsidi', 'milik', 'izin', 'resmi', 'korban', 'bayar', 'proyek', 'bangun']",pelaku tawar kavling rumah subsidi milik izin resmi korban bayar proyek bangun
LP/B/107/VIIl/2025/Kalbar/Res/Mpw/Sek/Sui Pinyuh,11 Agustus 2025,Pelaku melakukan perusakan pohon sawit milik pelapor dengan cara ditebas dan dirusak,Pelaku melakukan perusakan pohon sawit milik pelapor dengan cara ditebas dan dirusak,pelaku melakukan perusakan pohon sawit milik pelapor dengan cara ditebas dan dirusak,pelaku melakukan perusakan pohon sawit milik pelapor dengan cara ditebas dan dirusak,"['pelaku', 'melakukan', 'perusakan', 'pohon', 'sawit', 'milik', 'pelapor', 'dengan', 'cara', 'ditebas', 'dan', 'dirusak']","['pelaku', 'perusakan', 'pohon', 'sawit', 'milik', 'pelapor', 'ditebas', 'dirusak']","['pelaku', 'perusakan', 'pohon', 'sawit', 'milik', 'lapor', 'tebas', 'rusak']",pelaku perusakan pohon sawit milik lapor tebas rusak
LP/B/108/VIII/2025/Kalbar/Res/Mpw/Sek/Sui Pinyuh,12 Agustus 2025,Pelaku melakukan pencurian dengan cara memasuki ke dalam rumah dan mengambil handphone (HP) milik pelapor,Pelaku melakukan pencurian dengan cara memasuki ke dalam rumah dan mengambil handphone HP milik pelapor,pelaku melakukan pencurian dengan cara memasuki ke dalam rumah dan mengambil handphone hp milik pelapor,pelaku melakukan pencurian dengan cara memasuki ke dalam rumah dan mengambil handphone handphone milik pelapor,"['pelaku', 'melakukan', 'pencurian', 'dengan', 'cara', 'memasuki', 'ke', 'dalam', 'rumah', 'dan', 'mengambil', 'handphone', 'handphone', 'milik', 'pelapor']","['pelaku', 'pencurian', 'memasuki', 'rumah', 'mengambil', 'handphone', 'handphone', 'milik', 'pelapor']","['pelaku', 'curi', 'pasuk', 'rumah', 'ambil', 'handphone', 'handphone', 'milik', 'lapor']",pelaku curi pasuk rumah ambil handphone handphone milik lapor
LP/B/109/VIII/2025/Kalbar/Res/Mpw/Sek/Sui Pinyuh,14 Agustus 2025,Pelaku melakukan pencurian dengan cara merusak lemari dan mengambil uang pelapor,Pelaku melakukan pencurian dengan cara merusak lemari dan mengambil uang pelapor,pelaku melakukan pencurian dengan cara merusak lemari dan mengambil uang pelapor,pelaku melakukan pencurian dengan cara merusak lemari dan mengambil uang pelapor,"['pelaku', 'melakukan', 'pencurian', 'dengan', 'cara', 'merusak', 'lemari', 'dan', 'mengambil', 'uang', 'pelapor']","['pelaku', 'pencurian', 'merusak', 'lemari', 'mengambil', 'uang', 'pelapor']","['pelaku', 'curi', 'rusak', 'lemari', 'ambil', 'uang', 'lapor']",pelaku curi rusak lemari ambil uang lapor
LP/B/111/VIII/2025/Kalbar/Res/Mpw/Sek/Sui Pinyuh,16 Agustus 2025,Pelaku membawa kabur sepeda motor yang diparkir di pinggir jalan saat pelapor sedang lengah.,Pelaku membawa kabur sepeda motor yang diparkir di pinggir jalan saat pelapor sedang lengah,pelaku membawa kabur sepeda motor yang diparkir di pinggir jalan saat pelapor sedang lengah,pelaku membawa kabur sepeda motor yang diparkir di pinggir jalan saat pelapor sedang lengah,"['pelaku', 'membawa', 'kabur', 'sepeda', 'motor', 'yang', 'diparkir', 'di', 'pinggir', 'jalan', 'saat', 'pelapor', 'sedang', 'lengah']","['pelaku', 'membawa', 'kabur', 'sepeda', 'motor', 'diparkir', 'pinggir', 'jalan', 'pelapor', 'lengah']","['pelaku', 'bawa', 'kabur', 'sepeda', 'motor', 'parkir', 'pinggir', 'jalan', 'lapor', 'lengah']",pelaku bawa kabur sepeda motor parkir pinggir jalan lapor lengah
LP/B/112/VIII/2025/Kalbar/Res/Mpw/Sek/Sui Pinyuh,24 Agustus 2025,Korban menagih utang di depan orang banyak. Pelaku merasa dipermalukan lalu melakukan pemukulan secara spontan.,Korban menagih utang di depan orang banyak Pelaku merasa dipermalukan lalu melakukan pemukulan secara spontan,korban menagih utang di depan orang banyak pelaku merasa dipermalukan lalu melakukan pemukulan secara spontan,korban menagih utang di depan orang banyak pelaku merasa dipermalukan lalu melakukan pemukulan secara spontan,"['korban', 'menagih', 'utang', 'di', 'depan', 'orang', 'banyak', 'pelaku', 'merasa', 'dipermalukan', 'lalu', 'melakukan', 'pemukulan', 'secara', 'spontan']","['korban', 'menagih', 'utang', 'orang', 'pelaku', 'dipermalukan', 'pemukulan', 'spontan']","['korban', 'tagih', 'utang', 'orang', 'pelaku', 'malu', 'pukul', 'spontan']",korban tagih utang orang pelaku malu pukul spontan
LP/B/113/VIII/2025/Kalbar/Res/Mpw/Sek/Sui Pinyuh,27 Agustus 2025,"Pelaku berpura-pura menjadi admin marketplace dan meminta kode OTP dengan alasan proses refund. Setelah OTP diberikan, saldo korban dikuras.",Pelaku berpura pura menjadi admin marketplace dan meminta kode OTP dengan alasan proses refund Setelah OTP diberikan saldo korban dikuras,pelaku berpura pura menjadi admin marketplace dan meminta kode otp dengan alasan proses refund setelah otp diberikan saldo korban dikuras,pelaku berpura pura menjadi admin marketplace dan meminta kode otp dengan alasan proses refund setelah otp diberikan saldo korban dikuras,"['pelaku', 'berpura', 'pura', 'menjadi', 'admin', 'marketplace', 'dan', 'meminta', 'kode', 'otp', 'dengan', 'alasan', 'proses', 'refund', 'setelah', 'otp', 'diberikan', 'saldo', 'korban', 'dikuras']","['pelaku', 'berpura', 'pura', 'admin', 'marketplace', 'kode', 'otp', 'alasan', 'proses', 'refund', 'otp', 'saldo', 'korban', 'dikuras']","['pelaku', 'pura', 'pura', 'admin', 'marketplace', 'kode', 'otp', 'alas', 'proses', 'refund', 'otp', 'saldo', 'korban', 'kuras']",pelaku pura pura admin marketplace kode otp alas proses refund otp saldo korban kuras
LP/B/114/VIII/2025/Kalbar/Res/Mpw/Sek/Sui Pinyuh,28 Agustus 2025,"Berdasarkan informasi warga, petugas melakukan penggerebekan di Gg. Tani, Desa/Kel. Sungai Purun Besar, Kec. Sungai Pinyuh dan mendapati pelaku sedang membagi paket ganja.",Berdasarkan informasi warga petugas melakukan penggerebekan di Gg Tani Desa Kel Sungai Purun Besar Kec Sungai Pinyuh dan mendapati pelaku sedang membagi paket ganja,berdasarkan informasi warga petugas melakukan penggerebekan di gg tani desa kel sungai purun besar kec sungai pinyuh dan mendapati pelaku sedang membagi paket ganja,berdasarkan informasi warga petugas melakukan penggerebekan di gang tani desa keluarga sungai purun besar kecamatan sungai pinyuh dan mendapati pelaku sedang membagi paket ganja,"['berdasarkan', 'informasi', 'warga', 'petugas', 'melakukan', 'penggerebekan', 'di', 'gang', 'tani', 'desa', 'keluarga', 'sungai', 'purun', 'besar', 'kecamatan', 'sungai', 'pinyuh', 'dan', 'mendapati', 'pelaku', 'sedang', 'membagi', 'paket', 'ganja']","['berdasarkan', 'informasi', 'warga', 'petugas', 'penggerebekan', 'gang', 'tani', 'desa', 'keluarga', 'sungai', 'purun', 'kecamatan', 'sungai', 'pinyuh', 'mendapati', 'pelaku', 'membagi', 'paket', 'ganja']","['dasar', 'informasi', 'warga', 'petugas', 'gerebek', 'gang', 'tani', 'desa', 'keluarga', 'sungai', 'purun', 'camat', 'sungai', 'pinyuh', 'dapat', 'pelaku', 'bagi', 'paket', 'ganja']",dasar informasi warga petugas gerebek gang tani desa keluarga sungai purun camat sungai pinyuh dapat pelaku bagi paket ganja
LP/B/115/VIII/2025/Kalbar/Res/Mpw/Sek/Sui Pinyuh,29 Agustus 2025,"Terjadi perselisihan di jalan raya, pelaku turun dari motor dan memukul spion mobil hingga patah mobil korban.",Terjadi perselisihan di jalan raya pelaku turun dari motor dan memukul spion mobil hingga patah mobil korban,terjadi perselisihan di jalan raya pelaku turun dari motor dan memukul spion mobil hingga patah mobil korban,terjadi perselisihan di jalan raya pelaku turun dari motor dan memukul spion mobil hingga patah mobil korban,"['terjadi', 'perselisihan', 'di', 'jalan', 'raya', 'pelaku', 'turun', 'dari', 'motor', 'dan', 'memukul', 'spion', 'mobil', 'hingga', 'patah', 'mobil', 'korban']","['perselisihan', 'jalan', 'raya', 'pelaku', 'turun', 'motor', 'memukul', 'spion', 'mobil', 'patah', 'mobil', 'korban']","['selisih', 'jalan', 'raya', 'pelaku', 'turun', 'motor', 'pukul', 'spion', 'mobil', 'patah', 'mobil', 'korban']",selisih jalan raya pelaku turun motor pukul spion mobil patah mobil korban
LP/B/117/VIII/2025/Kalbar/Res/Mpw/Sek/Sui Pinyuh,31 Agustus 2025,"Pelaku menjalin hubungan secara online dan meminta uang dengan alasan kebutuhan darurat. Setelah menerima uang, pelaku menghilang.",Pelaku menjalin hubungan secara online dan meminta uang dengan alasan kebutuhan darurat Setelah menerima uang pelaku menghilang,pelaku menjalin hubungan secara online dan meminta uang dengan alasan kebutuhan darurat setelah menerima uang pelaku menghilang,pelaku menjalin hubungan secara online dan meminta uang dengan alasan kebutuhan darurat setelah menerima uang pelaku menghilang,"['pelaku', 'menjalin', 'hubungan', 'secara', 'online', 'dan', 'meminta', 'uang', 'dengan', 'alasan', 'kebutuhan', 'darurat', 'setelah', 'menerima', 'uang', 'pelaku', 'menghilang']","['pelaku', 'menjalin', 'hubungan', 'online', 'uang', 'alasan', 'kebutuhan', 'darurat', 'menerima', 'uang', 'pelaku', 'menghilang']","['pelaku', 'jalin', 'hubung', 'online', 'uang', 'alas', 'butuh', 'darurat', 'terima', 'uang', 'pelaku', 'hilang']",pelaku jalin hubung online uang alas butuh darurat terima uang pelaku hilang
LP/B/118/IX/2025/Kalbar/Res/Mpw/Sek/Sui Pinyuh,8 September 2025,Pelaku menghancurkan pot bunga dan tanaman hias di halaman rumah korban karena merasa terganggu dengan suara hewan peliharaan korban.,Pelaku menghancurkan pot bunga dan tanaman hias di halaman rumah korban karena merasa terganggu dengan suara hewan peliharaan korban,pelaku menghancurkan pot bunga dan tanaman hias di halaman rumah korban karena merasa terganggu dengan suara hewan peliharaan korban,pelaku menghancurkan pot bunga dan tanaman hias di halaman rumah korban karena merasa terganggu dengan suara hewan peliharaan korban,"['pelaku', 'menghancurkan', 'pot', 'bunga', 'dan', 'tanaman', 'hias', 'di', 'halaman', 'rumah', 'korban', 'karena', 'merasa', 'terganggu', 'dengan', 'suara', 'hewan', 'peliharaan', 'korban']","['pelaku', 'menghancurkan', 'pot', 'bunga', 'tanaman', 'hias', 'halaman', 'rumah', 'korban', 'terganggu', 'suara', 'hewan', 'peliharaan', 'korban']","['pelaku', 'hancur', 'pot', 'bunga', 'tanam', 'hias', 'halaman', 'rumah', 'korban', 'ganggu', 'suara', 'hewan', 'pelihara', 'korban']",pelaku hancur pot bunga tanam hias halaman rumah korban ganggu suara hewan pelihara korban
LP/B/119/IX/2025/Kalbar/Res/Mpw/Sek/Sui Pinyuh,8 September 2025,"Petugas mencurigai gerak-gerik pelaku di pinggir jalan, saat digeledah ditemukan 1 klip plastik transparan berisi kristal putih diduga sabu yang disembunyikan di dalam bungkus rokok.",Petugas mencurigai gerak gerik pelaku di pinggir jalan saat digeledah ditemukan klip plastik transparan berisi kristal putih diduga sabu yang disembunyikan di dalam bungkus rokok,petugas mencurigai gerak gerik pelaku di pinggir jalan saat digeledah ditemukan klip plastik transparan berisi kristal putih diduga sabu yang disembunyikan di dalam bungkus rokok,petugas mencurigai gerak gerik pelaku di pinggir jalan saat digeledah ditemukan klip plastik transparan berisi kristal putih diduga sabu yang disembunyikan di dalam bungkus rokok,"['petugas', 'mencurigai', 'gerak', 'gerik', 'pelaku', 'di', 'pinggir', 'jalan', 'saat', 'digeledah', 'ditemukan', 'klip', 'plastik', 'transparan', 'berisi', 'kristal', 'putih', 'diduga', 'sabu', 'yang', 'disembunyikan', 'di', 'dalam', 'bungkus', 'rokok']","['petugas', 'mencurigai', 'gerak', 'gerik', 'pelaku', 'pinggir', 'jalan', 'digeledah', 'ditemukan', 'klip', 'plastik', 'transparan', 'berisi', 'kristal', 'putih', 'diduga', 'sabu', 'disembunyikan', 'bungkus', 'rokok']","['petugas', 'curiga', 'gerak', 'gerik', 'pelaku', 'pinggir', 'jalan', 'geledah', 'temu', 'klip', 'plastik', 'transparan', 'isi', 'kristal', 'putih', 'duga', 'sabu', 'sembunyi', 'bungkus', 'rokok']",petugas curiga gerak gerik pelaku pinggir jalan geledah temu klip plastik transparan isi kristal putih duga sabu sembunyi bungkus rokok
LP/B/121/IX/2025/Kalbar/Res/Mpw/Sek/Sui Pinyuh,11 September 2025,"Pelaku meminjam uang kepada korban sebesar Rp 5.000.000 dengan alasan biaya pengobatan orang tua, namun setelah jatuh tempo pelaku menghilang.",Pelaku meminjam uang kepada korban sebesar Rp dengan alasan biaya pengobatan orang tua namun setelah jatuh tempo pelaku menghilang,pelaku meminjam uang kepada korban sebesar rp dengan alasan biaya pengobatan orang tua namun setelah jatuh tempo pelaku menghilang,pelaku meminjam uang kepada korban sebesar rupiah dengan alasan biaya pengobatan orang tua namun setelah jatuh tempo pelaku menghilang,"['pelaku', 'meminjam', 'uang', 'kepada', 'korban', 'sebesar', 'rupiah', 'dengan', 'alasan', 'biaya', 'pengobatan', 'orang', 'tua', 'namun', 'setelah', 'jatuh', 'tempo', 'pelaku', 'menghilang']","['pelaku', 'meminjam', 'uang', 'korban', 'rupiah', 'alasan', 'biaya', 'pengobatan', 'orang', 'tua', 'jatuh', 'tempo', 'pelaku', 'menghilang']","['pelaku', 'pinjam', 'uang', 'korban', 'rupiah', 'alas', 'biaya', 'obat', 'orang', 'tua', 'jatuh', 'tempo', 'pelaku', 'hilang']",pelaku pinjam uang korban rupiah alas biaya obat orang tua jatuh tempo pelaku hilang
LP/B/124/IX/2025/Kalbar/Res/Mpw/Sek/Sui Pinyuh,15 September 2025,"Pelaku melihat perhiasan emas seberat 15 gram yang diletakkan korban di Pasar Sungai Pinyuh RT 09/RW 01, Sungai Purun Kecil, Kec. Sungai Pinyuh, Kab. Mempawah, kemudian dengan cepat membawa lari motor korban.",Pelaku melihat perhiasan emas seberat gram yang diletakkan korban di Pasar Sungai Pinyuh RT RW Sungai Purun Kecil Kec Sungai Pinyuh Kab Mempawah kemudian dengan cepat membawa lari motor korban,pelaku melihat perhiasan emas seberat gram yang diletakkan korban di pasar sungai pinyuh rt rw sungai purun kecil kec sungai pinyuh kab mempawah kemudian dengan cepat membawa lari motor korban,pelaku melihat perhiasan emas seberat gram yang diletakkan korban di pasar sungai pinyuh rukun tetangga rukun warga sungai purun kecil kecamatan sungai pinyuh kabupaten mempawah kemudian dengan cepat membawa lari motor korban,"['pelaku', 'melihat', 'perhiasan', 'emas', 'seberat', 'gram', 'yang', 'diletakkan', 'korban', 'di', 'pasar', 'sungai', 'pinyuh', 'rukun', 'tetangga', 'rukun', 'warga', 'sungai', 'purun', 'kecil', 'kecamatan', 'sungai', 'pinyuh', 'kabupaten', 'mempawah', 'kemudian', 'dengan', 'cepat', 'membawa', 'lari', 'motor', 'korban']","['pelaku', 'perhiasan', 'emas', 'seberat', 'gram', 'diletakkan', 'korban', 'pasar', 'sungai', 'pinyuh', 'rukun', 'tetangga', 'rukun', 'warga', 'sungai', 'purun', 'kecamatan', 'sungai', 'pinyuh', 'kabupaten', 'mempawah', 'cepat', 'membawa', 'lari', 'motor', 'korban']","['pelaku', 'hias', 'emas', 'berat', 'gram', 'letak', 'korban', 'pasar', 'sungai', 'pinyuh', 'rukun', 'tetangga', 'rukun', 'warga', 'sungai', 'purun', 'camat', 'sungai', 'pinyuh', 'kabupaten', 'mempawah', 'cepat', 'bawa', 'lari', 'motor', 'korban']",pelaku hias emas berat gram letak korban pasar sungai pinyuh rukun tetangga rukun warga sungai purun camat sungai pinyuh kabupaten mempawah cepat bawa lari motor korban
LP/B/128/IX/2025/Kalbar/Res/Mpw/Sek/Sui Pinyuh,26 September 2025,"Pelaku melihat uang tunai Rp 10.000.000 yang diletakkan korban di Gg. Sepakat RT 15/RW 06, Sungai Batang, Kec. Sungai Pinyuh, Kab. Mempawah, kemudian dengan cepat menguras isi laci kasir.",Pelaku melihat uang tunai Rp yang diletakkan korban di Gg Sepakat RT RW Sungai Batang Kec Sungai Pinyuh Kab Mempawah kemudian dengan cepat menguras isi laci kasir,pelaku melihat uang tunai rp yang diletakkan korban di gg sepakat rt rw sungai batang kec sungai pinyuh kab mempawah kemudian dengan cepat menguras isi laci kasir,pelaku melihat uang tunai rupiah yang diletakkan korban di gang sepakat rukun tetangga rukun warga sungai batang kecamatan sungai pinyuh kabupaten mempawah kemudian dengan cepat menguras isi laci kasir,"['pelaku', 'melihat', 'uang', 'tunai', 'rupiah', 'yang', 'diletakkan', 'korban', 'di', 'gang', 'sepakat', 'rukun', 'tetangga', 'rukun', 'warga', 'sungai', 'batang', 'kecamatan', 'sungai', 'pinyuh', 'kabupaten', 'mempawah', 'kemudian', 'dengan', 'cepat', 'menguras', 'isi', 'laci', 'kasir']","['pelaku', 'uang', 'tunai', 'rupiah', 'diletakkan', 'korban', 'gang', 'sepakat', 'rukun', 'tetangga', 'rukun', 'warga', 'sungai', 'batang', 'kecamatan', 'sungai', 'pinyuh', 'kabupaten', 'mempawah', 'cepat', 'menguras', 'isi', 'laci', 'kasir']","['pelaku', 'uang', 'tunai', 'rupiah', 'letak', 'korban', 'gang', 'sepakat', 'rukun', 'tetangga', 'rukun', 'warga', 'sungai', 'batang', 'camat', 'sungai', 'pinyuh', 'kabupaten', 'mempawah', 'cepat', 'menguras', 'isi', 'laci', 'kasir']",pelaku uang tunai rupiah letak korban gang sepakat rukun tetangga rukun warga sungai batang camat sungai pinyuh kabupaten mempawah cepat menguras isi laci kasir
LP/B/129/X/2025/Kalbar/Res/Mpw/Sek/Sui Pinyuh,1 Oktober 2025,"Pelaku menawarkan top-up game dengan harga murah. Setelah pembayaran, saldo tidak masuk dan akun korban diblokir.",Pelaku menawarkan top up game dengan harga murah Setelah pembayaran saldo tidak masuk dan akun korban diblokir,pelaku menawarkan top up game dengan harga murah setelah pembayaran saldo tidak masuk dan akun korban diblokir,pelaku menawarkan top up game dengan harga murah setelah pembayaran saldo tidak masuk dan akun korban diblokir,"['pelaku', 'menawarkan', 'top', 'up', 'game', 'dengan', 'harga', 'murah', 'setelah', 'pembayaran', 'saldo', 'tidak', 'masuk', 'dan', 'akun', 'korban', 'diblokir']","['pelaku', 'menawarkan', 'top', 'game', 'harga', 'murah', 'pembayaran', 'saldo', 'masuk', 'akun', 'korban', 'diblokir']","['pelaku', 'tawar', 'top', 'game', 'harga', 'murah', 'bayar', 'saldo', 'masuk', 'akun', 'korban', 'blokir']",pelaku tawar top game harga murah bayar saldo masuk akun korban blokir
LP/B/130/X/2025/Kalbar/Res/Mpw/Sek/Sui Pinyuh,2 Oktober 2025,"Pelaku mendengar kabar bahwa korban menyebarkan fitnah tentang dirinya. Tanpa memastikan kebenaran, pelaku langsung menyerang korban.",Pelaku mendengar kabar bahwa korban menyebarkan fitnah tentang dirinya Tanpa memastikan kebenaran pelaku langsung menyerang korban,pelaku mendengar kabar bahwa korban menyebarkan fitnah tentang dirinya tanpa memastikan kebenaran pelaku langsung menyerang korban,pelaku mendengar kabar bahwa korban menyebarkan fitnah tentang dirinya tanpa memastikan kebenaran pelaku langsung menyerang korban,"['pelaku', 'mendengar', 'kabar', 'bahwa', 'korban', 'menyebarkan', 'fitnah', 'tentang', 'dirinya', 'tanpa', 'memastikan', 'kebenaran', 'pelaku', 'langsung', 'menyerang', 'korban']","['pelaku', 'mendengar', 'kabar', 'korban', 'menyebarkan', 'fitnah', 'kebenaran', 'pelaku', 'langsung', 'menyerang', 'korban']","['pelaku', 'dengar', 'kabar', 'korban', 'sebar', 'fitnah', 'benar', 'pelaku', 'langsung', 'serang', 'korban']",pelaku dengar kabar korban sebar fitnah benar pelaku langsung serang korban
LP/B/132/X/2025/Kalbar/Res/Mpw/Sek/Sui Pinyuh,6 Oktober 2025,"Pelaku melakukan penganiayaan terhadap korban dengan cara memukul dan menendang secara berulang menggunakan tangan kosong setelah terjadi perbedaan pendapat saat rapat warga. Pelaku tersulut emosi karena merasa pendapatnya diremehkan oleh korban, sehingga konflik verbal berkembang menjadi kekerasan fisik di hadapan warga lain.",Pelaku melakukan penganiayaan terhadap korban dengan cara memukul dan menendang secara berulang menggunakan tangan kosong setelah terjadi perbedaan pendapat saat rapat warga Pelaku tersulut emosi karena merasa pendapatnya diremehkan oleh korban sehingga konflik verbal berkembang menjadi kekerasan fisik di hadapan warga lain,pelaku melakukan penganiayaan terhadap korban dengan cara memukul dan menendang secara berulang menggunakan tangan kosong setelah terjadi perbedaan pendapat saat rapat warga pelaku tersulut emosi karena merasa pendapatnya diremehkan oleh korban sehingga konflik verbal berkembang menjadi kekerasan fisik di hadapan warga lain,pelaku melakukan penganiayaan terhadap korban dengan cara memukul dan menendang secara berulang menggunakan tangan kosong setelah terjadi perbedaan pendapat saat rapat warga pelaku tersulut emosi karena merasa pendapatnya diremehkan oleh korban sehingga konflik verbal berkembang menjadi kekerasan fisik di hadapan warga lain,"['pelaku', 'melakukan', 'penganiayaan', 'terhadap', 'korban', 'dengan', 'cara', 'memukul', 'dan', 'menendang', 'secara', 'berulang', 'menggunakan', 'tangan', 'kosong', 'setelah', 'terjadi', 'perbedaan', 'pendapat', 'saat', 'rapat', 'warga', 'pelaku', 'tersulut', 'emosi', 'karena', 'merasa', 'pendapatnya', 'diremehkan', 'oleh', 'korban', 'sehingga', 'konflik', 'verbal', 'berkembang', 'menjadi', 'kekerasan', 'fisik', 'di', 'hadapan', 'warga', 'lain']","['pelaku', 'penganiayaan', 'korban', 'memukul', 'menendang', 'berulang', 'tangan', 'kosong', 'perbedaan', 'pendapat', 'rapat', 'warga', 'pelaku', 'tersulut', 'emosi', 'pendapatnya', 'diremehkan', 'korban', 'konflik', 'verbal', 'berkembang', 'kekerasan', 'fisik', 'hadapan', 'warga']","['pelaku', 'aniaya', 'korban', 'pukul', 'tendang', 'ulang', 'tangan', 'kosong', 'beda', 'dapat', 'rapat', 'warga', 'pelaku', 'sulut', 'emosi', 'dapat', 'remeh', 'korban', 'konflik', 'verbal', 'kembang', 'keras', 'fisik', 'hadap', 'warga']",pelaku aniaya korban pukul tendang ulang tangan kosong beda dapat rapat warga pelaku sulut emosi dapat remeh korban konflik verbal kembang keras fisik hadap warga
LP/B/137/X/2025/Kalbar/Res/Mpw/Sek/Sui Pinyuh,15 Oktober 2025,"Berdasarkan informasi warga, petugas melakukan penggerebekan di Dusun Sejahtera, Sungai Batang, Kec. Sungai Pinyuh dan mendapati pelaku sedang membagi paket ganja.",Berdasarkan informasi warga petugas melakukan penggerebekan di Dusun Sejahtera Sungai Batang Kec Sungai Pinyuh dan mendapati pelaku sedang membagi paket ganja,berdasarkan informasi warga petugas melakukan penggerebekan di dusun sejahtera sungai batang kec sungai pinyuh dan mendapati pelaku sedang membagi paket ganja,berdasarkan informasi warga petugas melakukan penggerebekan di dusun sejahtera sungai batang kecamatan sungai pinyuh dan mendapati pelaku sedang membagi paket ganja,"['berdasarkan', 'informasi', 'warga', 'petugas', 'melakukan', 'penggerebekan', 'di', 'dusun', 'sejahtera', 'sungai', 'batang', 'kecamatan', 'sungai', 'pinyuh', 'dan', 'mendapati', 'pelaku', 'sedang', 'membagi', 'paket', 'ganja']","['berdasarkan', 'informasi', 'warga', 'petugas', 'penggerebekan', 'dusun', 'sejahtera', 'sungai', 'batang', 'kecamatan', 'sungai', 'pinyuh', 'mendapati', 'pelaku', 'membagi', 'paket', 'ganja']","['dasar', 'informasi', 'warga', 'petugas', 'gerebek', 'dusun', 'sejahtera', 'sungai', 'batang', 'camat', 'sungai', 'pinyuh', 'dapat', 'pelaku', 'bagi', 'paket', 'ganja']",dasar informasi warga petugas gerebek dusun sejahtera sungai batang camat sungai pinyuh dapat pelaku bagi paket ganja
LP/B/138/X/2025/Kalbar/Res/Mpw/Sek/Sui Pinyuh,15 Oktober 2025,"Di tempat umum, pelaku tidak terima ditegur soal tempat duduk. Terjadi cekcok dan pelaku mendorong serta memukul korban.",Di tempat umum pelaku tidak terima ditegur soal tempat duduk Terjadi cekcok dan pelaku mendorong serta memukul korban,di tempat umum pelaku tidak terima ditegur soal tempat duduk terjadi cekcok dan pelaku mendorong serta memukul korban,di tempat umum pelaku tidak terima ditegur soal tempat duduk terjadi cekcok dan pelaku mendorong serta memukul korban,"['di', 'tempat', 'umum', 'pelaku', 'tidak', 'terima', 'ditegur', 'soal', 'tempat', 'duduk', 'terjadi', 'cekcok', 'dan', 'pelaku', 'mendorong', 'serta', 'memukul', 'korban']","['pelaku', 'terima', 'ditegur', 'duduk', 'cekcok', 'pelaku', 'mendorong', 'memukul', 'korban']","['pelaku', 'terima', 'tegur', 'duduk', 'cekcok', 'pelaku', 'dorong', 'pukul', 'korban']",pelaku terima tegur duduk cekcok pelaku dorong pukul korban
LP/B/139/X/2025/Kalbar/Res/Mpw/Sek/Sui Pinyuh,19 Oktober 2025,"Pelaku melihat 1 unit sepeda motor Honda Vario yang diletakkan korban di Dusun Melati, Sungai Purun Besar, Kec. Sungai Pinyuh, kemudian dengan cepat mengambil barang berharga tersebut.",Pelaku melihat unit sepeda motor Honda Vario yang diletakkan korban di Dusun Melati Sungai Purun Besar Kec Sungai Pinyuh kemudian dengan cepat mengambil barang berharga tersebut,pelaku melihat unit sepeda motor honda vario yang diletakkan korban di dusun melati sungai purun besar kec sungai pinyuh kemudian dengan cepat mengambil barang berharga tersebut,pelaku melihat unit sepeda motor honda vario yang diletakkan korban di dusun melati sungai purun besar kecamatan sungai pinyuh kemudian dengan cepat mengambil barang berharga tersebut,"['pelaku', 'melihat', 'unit', 'sepeda', 'motor', 'honda', 'vario', 'yang', 'diletakkan', 'korban', 'di', 'dusun', 'melati', 'sungai', 'purun', 'besar', 'kecamatan', 'sungai', 'pinyuh', 'kemudian', 'dengan', 'cepat', 'mengambil', 'barang', 'berharga', 'tersebut']","['pelaku', 'unit', 'sepeda', 'motor', 'honda', 'vario', 'diletakkan', 'korban', 'dusun', 'melati', 'sungai', 'purun', 'kecamatan', 'sungai', 'pinyuh', 'cepat', 'mengambil', 'barang', 'berharga']","['pelaku', 'unit', 'sepeda', 'motor', 'honda', 'vario', 'letak', 'korban', 'dusun', 'melati', 'sungai', 'purun', 'camat', 'sungai', 'pinyuh', 'cepat', 'ambil', 'barang', 'harga']",pelaku unit sepeda motor honda vario letak korban dusun melati sungai purun camat sungai pinyuh cepat ambil barang harga
LP/B/143/X/2025/Kalbar/Res/Mpw/Sek/Sui Pinyuh,24 Oktober 2025,"Penganiayaan terjadi ketika pelaku mendatangi korban di tempat usaha karena merasa dirugikan akibat kesalahpahaman transaksi. Pelaku mendorong korban hingga terjatuh, lalu memukul bagian wajah dan tubuh korban menggunakan helm yang dibawanya, menyebabkan korban mengalami luka memar dan pusing.",Penganiayaan terjadi ketika pelaku mendatangi korban di tempat usaha karena merasa dirugikan akibat kesalahpahaman transaksi Pelaku mendorong korban hingga terjatuh lalu memukul bagian wajah dan tubuh korban menggunakan helm yang dibawanya menyebabkan korban mengalami luka memar dan pusing,penganiayaan terjadi ketika pelaku mendatangi korban di tempat usaha karena merasa dirugikan akibat kesalahpahaman transaksi pelaku mendorong korban hingga terjatuh lalu memukul bagian wajah dan tubuh korban menggunakan helm yang dibawanya menyebabkan korban mengalami luka memar dan pusing,penganiayaan terjadi ketika pelaku mendatangi korban di tempat usaha karena merasa dirugikan akibat kesalahpahaman transaksi pelaku mendorong korban hingga terjatuh lalu memukul bagian wajah dan tubuh korban menggunakan helm yang dibawanya menyebabkan korban mengalami luka memar dan pusing,"['penganiayaan', 'terjadi', 'ketika', 'pelaku', 'mendatangi', 'korban', 'di', 'tempat', 'usaha', 'karena', 'merasa', 'dirugikan', 'akibat', 'kesalahpahaman', 'transaksi', 'pelaku', 'mendorong', 'korban', 'hingga', 'terjatuh', 'lalu', 'memukul', 'bagian', 'wajah', 'dan', 'tubuh', 'korban', 'menggunakan', 'helm', 'yang', 'dibawanya', 'menyebabkan', 'korban', 'mengalami', 'luka', 'memar', 'dan', 'pusing']","['penganiayaan', 'pelaku', 'korban', 'usaha', 'dirugikan', 'akibat', 'kesalahpahaman', 'transaksi', 'pelaku', 'mendorong', 'korban', 'terjatuh', 'memukul', 'wajah', 'tubuh', 'korban', 'helm', 'dibawanya', 'menyebabkan', 'korban', 'mengalami', 'luka', 'memar', 'pusing']","['aniaya', 'pelaku', 'korban', 'usaha', 'rugi', 'akibat', 'kesalahpahaman', 'transaksi', 'pelaku', 'dorong', 'korban', 'jatuh', 'pukul', 'wajah', 'tubuh', 'korban', 'helm', 'bawa', 'sebab', 'korban', 'alami', 'luka', 'memar', 'pusing']",aniaya pelaku korban usaha rugi akibat kesalahpahaman transaksi pelaku dorong korban jatuh pukul wajah tubuh korban helm bawa sebab korban alami luka memar pusing
LP/B/145/X/2025/Kalbar/Res/Mpw/Sek/Sui Pinyuh,25 Oktober 2025,"Pelaku melihat 1 unit HP Samsung Galaxy yang diletakkan korban di Jl. Jurusan Pontianak RT 12/RW 01, Galang, Kec. Sungai Pinyuh, Kab. Mempawah, kemudian dengan cepat mengambil tabung gas dan sembako.",Pelaku melihat unit HP Samsung Galaxy yang diletakkan korban di Jl Jurusan Pontianak RT RW Galang Kec Sungai Pinyuh Kab Mempawah kemudian dengan cepat mengambil tabung gas dan sembako,pelaku melihat unit hp samsung galaxy yang diletakkan korban di jl jurusan pontianak rt rw galang kec sungai pinyuh kab mempawah kemudian dengan cepat mengambil tabung gas dan sembako,pelaku melihat unit handphone samsung galaxy yang diletakkan korban di jalan jurusan pontianak rukun tetangga rukun warga galang kecamatan sungai pinyuh kabupaten mempawah kemudian dengan cepat mengambil tabung gas dan sembako,"['pelaku', 'melihat', 'unit', 'handphone', 'samsung', 'galaxy', 'yang', 'diletakkan', 'korban', 'di', 'jalan', 'jurusan', 'pontianak', 'rukun', 'tetangga', 'rukun', 'warga', 'galang', 'kecamatan', 'sungai', 'pinyuh', 'kabupaten', 'mempawah', 'kemudian', 'dengan', 'cepat', 'mengambil', 'tabung', 'gas', 'dan', 'sembako']","['pelaku', 'unit', 'handphone', 'samsung', 'galaxy', 'diletakkan', 'korban', 'jalan', 'jurusan', 'pontianak', 'rukun', 'tetangga', 'rukun', 'warga', 'galang', 'kecamatan', 'sungai', 'pinyuh', 'kabupaten', 'mempawah', 'cepat', 'mengambil', 'tabung', 'gas', 'sembako']","['pelaku', 'unit', 'handphone', 'samsung', 'galaxy', 'letak', 'korban', 'jalan', 'jurus', 'pontianak', 'rukun', 'tetangga', 'rukun', 'warga', 'galang', 'camat', 'sungai', 'pinyuh', 'kabupaten', 'mempawah', 'cepat', 'ambil', 'tabung', 'gas', 'sembako']",pelaku unit handphone samsung galaxy letak korban jalan jurus pontianak rukun tetangga rukun warga galang camat sungai pinyuh kabupaten mempawah cepat ambil tabung gas sembako
LP/B/150/X/2025/Kalbar/Res/Mpw/Sek/Sui Pinyuh,31 Oktober 2025,Pelaku merusak CCTV yang terpasang di rumah korban terlebih dahulu sebelum melakukan aksi perusakan lainnya.,Pelaku merusak CCTV yang terpasang di rumah korban terlebih dahulu sebelum melakukan aksi perusakan lainnya,pelaku merusak cctv yang terpasang di rumah korban terlebih dahulu sebelum melakukan aksi perusakan lainnya,pelaku merusak cctv yang terpasang di rumah korban terlebih dahulu sebelum melakukan aksi perusakan lainnya,"['pelaku', 'merusak', 'cctv', 'yang', 'terpasang', 'di', 'rumah', 'korban', 'terlebih', 'dahulu', 'sebelum', 'melakukan', 'aksi', 'perusakan', 'lainnya']","['pelaku', 'merusak', 'cctv', 'terpasang', 'rumah', 'korban', 'aksi', 'perusakan']","['pelaku', 'rusak', 'cctv', 'pasang', 'rumah', 'korban', 'aksi', 'perusakan']",pelaku rusak cctv pasang rumah korban aksi perusakan
LP/B/152/XI/2025/Kalbar/Res/Mpw/Sek/Sui Pinyuh,3 November 2025,"Pelaku menawarkan mobil bekas kepada korban dengan harga murah, korban mentransfer uang namun akun media sosial pelaku menghilang.",Pelaku menawarkan mobil bekas kepada korban dengan harga murah korban mentransfer uang namun akun media sosial pelaku menghilang,pelaku menawarkan mobil bekas kepada korban dengan harga murah korban mentransfer uang namun akun media sosial pelaku menghilang,pelaku menawarkan mobil bekas kepada korban dengan harga murah korban mentransfer uang namun akun media sosial pelaku menghilang,"['pelaku', 'menawarkan', 'mobil', 'bekas', 'kepada', 'korban', 'dengan', 'harga', 'murah', 'korban', 'mentransfer', 'uang', 'namun', 'akun', 'media', 'sosial', 'pelaku', 'menghilang']","['pelaku', 'menawarkan', 'mobil', 'bekas', 'korban', 'harga', 'murah', 'korban', 'mentransfer', 'uang', 'akun', 'media', 'sosial', 'pelaku', 'menghilang']","['pelaku', 'tawar', 'mobil', 'bekas', 'korban', 'harga', 'murah', 'korban', 'transfer', 'uang', 'akun', 'media', 'sosial', 'pelaku', 'hilang']",pelaku tawar mobil bekas korban harga murah korban transfer uang akun media sosial pelaku hilang
LP/B/157/XI/2025/Kalbar/Res/Mpw/Sek/Sui Pinyuh,9 November 2025,"Pelaku merusak kunci stang motor menggunakan kunci T saat motor diparkir di Jl. Pendidikan RT 07/RW 06, Sungai Batang, Kec. Sungai Pinyuh, Kab. Mempawah, lalu membawanya kabur.",Pelaku merusak kunci stang motor menggunakan kunci T saat motor diparkir di Jl Pendidikan RT RW Sungai Batang Kec Sungai Pinyuh Kab Mempawah lalu membawanya kabur,pelaku merusak kunci stang motor menggunakan kunci t saat motor diparkir di jl pendidikan rt rw sungai batang kec sungai pinyuh kab mempawah lalu membawanya kabur,pelaku merusak kunci stang motor menggunakan kunci t saat motor diparkir di jalan pendidikan rukun tetangga rukun warga sungai batang kecamatan sungai pinyuh kabupaten mempawah lalu membawanya kabur,"['pelaku', 'merusak', 'kunci', 'stang', 'motor', 'menggunakan', 'kunci', 't', 'saat', 'motor', 'diparkir', 'di', 'jalan', 'pendidikan', 'rukun', 'tetangga', 'rukun', 'warga', 'sungai', 'batang', 'kecamatan', 'sungai', 'pinyuh', 'kabupaten', 'mempawah', 'lalu', 'membawanya', 'kabur']","['pelaku', 'merusak', 'kunci', 'stang', 'motor', 'kunci', 'motor', 'diparkir', 'jalan', 'pendidikan', 'rukun', 'tetangga', 'rukun', 'warga', 'sungai', 'batang', 'kecamatan', 'sungai', 'pinyuh', 'kabupaten', 'mempawah', 'membawanya', 'kabur']","['pelaku', 'rusak', 'kunci', 'stang', 'motor', 'kunci', 'motor', 'parkir', 'jalan', 'didik', 'rukun', 'tetangga', 'rukun', 'warga', 'sungai', 'batang', 'camat', 'sungai', 'pinyuh', 'kabupaten', 'mempawah', 'bawa', 'kabur']",pelaku rusak kunci stang motor kunci motor parkir jalan didik rukun tetangga rukun warga sungai batang camat sungai pinyuh kabupaten mempawah bawa kabur
LP/B/160/XI/2025/Kalbar/Res/Mpw/Sek/Sui Pinyuh,17 November 2025,"Pelaku melihat 3 buah tabung gas 3kg yang diletakkan korban di Jl. Nawawi RT 10/RW 03, Peniraman, Kec. Sungai Pinyuh, Kab. Mempawah, kemudian dengan cepat menguras isi laci kasir.",Pelaku melihat buah tabung gas kg yang diletakkan korban di Jl Nawawi RT RW Peniraman Kec Sungai Pinyuh Kab Mempawah kemudian dengan cepat menguras isi laci kasir,pelaku melihat buah tabung gas kg yang diletakkan korban di jl nawawi rt rw peniraman kec sungai pinyuh kab mempawah kemudian dengan cepat menguras isi laci kasir,pelaku melihat buah tabung gas kilo yang diletakkan korban di jalan nawawi rukun tetangga rukun warga peniraman kecamatan sungai pinyuh kabupaten mempawah kemudian dengan cepat menguras isi laci kasir,"['pelaku', 'melihat', 'buah', 'tabung', 'gas', 'kilo', 'yang', 'diletakkan', 'korban', 'di', 'jalan', 'nawawi', 'rukun', 'tetangga', 'rukun', 'warga', 'peniraman', 'kecamatan', 'sungai', 'pinyuh', 'kabupaten', 'mempawah', 'kemudian', 'dengan', 'cepat', 'menguras', 'isi', 'laci', 'kasir']","['pelaku', 'buah', 'tabung', 'gas', 'kilo', 'diletakkan', 'korban', 'jalan', 'nawawi', 'rukun', 'tetangga', 'rukun', 'warga', 'peniraman', 'kecamatan', 'sungai', 'pinyuh', 'kabupaten', 'mempawah', 'cepat', 'menguras', 'isi', 'laci', 'kasir']","['pelaku', 'buah', 'tabung', 'gas', 'kilo', 'letak', 'korban', 'jalan', 'nawawi', 'rukun', 'tetangga', 'rukun', 'warga', 'tiram', 'camat', 'sungai', 'pinyuh', 'kabupaten', 'mempawah', 'cepat', 'menguras', 'isi', 'laci', 'kasir']",pelaku buah tabung gas kilo letak korban jalan nawawi rukun tetangga rukun warga tiram camat sungai pinyuh kabupaten mempawah cepat menguras isi laci kasir
LP/B/161/XI/2025/Kalbar/Res/Mpw/Sek/Sui Pinyuh,19 November 2025,"Penganiayaan terjadi di lingkungan kerja ketika pelaku tidak terima ditegur atas kesalahan tugas. Pelaku mendorong korban, memukul dada dan wajah korban, serta mengancam korban agar tidak melaporkan kejadian tersebut kepada atasan.",Penganiayaan terjadi di lingkungan kerja ketika pelaku tidak terima ditegur atas kesalahan tugas Pelaku mendorong korban memukul dada dan wajah korban serta mengancam korban agar tidak melaporkan kejadian tersebut kepada atasan,penganiayaan terjadi di lingkungan kerja ketika pelaku tidak terima ditegur atas kesalahan tugas pelaku mendorong korban memukul dada dan wajah korban serta mengancam korban agar tidak melaporkan kejadian tersebut kepada atasan,penganiayaan terjadi di lingkungan kerja ketika pelaku tidak terima ditegur atas kesalahan tugas pelaku mendorong korban memukul dada dan wajah korban serta mengancam korban agar tidak melaporkan kejadian tersebut kepada atasan,"['penganiayaan', 'terjadi', 'di', 'lingkungan', 'kerja', 'ketika', 'pelaku', 'tidak', 'terima', 'ditegur', 'atas', 'kesalahan', 'tugas', 'pelaku', 'mendorong', 'korban', 'memukul', 'dada', 'dan', 'wajah', 'korban', 'serta', 'mengancam', 'korban', 'agar', 'tidak', 'melaporkan', 'kejadian', 'tersebut', 'kepada', 'atasan']","['penganiayaan', 'lingkungan', 'kerja', 'pelaku', 'terima', 'ditegur', 'kesalahan', 'tugas', 'pelaku', 'mendorong', 'korban', 'memukul', 'dada', 'wajah', 'korban', 'mengancam', 'korban', 'melaporkan', 'kejadian', 'atasan']","['aniaya', 'lingkung', 'kerja', 'pelaku', 'terima', 'tegur', 'salah', 'tugas', 'pelaku', 'dorong', 'korban', 'pukul', 'dada', 'wajah', 'korban', 'ancam', 'korban', 'lapor', 'jadi', 'atas']",aniaya lingkung kerja pelaku terima tegur salah tugas pelaku dorong korban pukul dada wajah korban ancam korban lapor jadi atas
LP/B/162/XI/2025/Kalbar/Res/Mpw/Sek/Sui Pinyuh,23 November 2025,"Pelaku membuka pre-order produk limited edition. Banyak korban membayar di awal. Saat waktu pengiriman tiba, barang tidak pernah ada dan pelaku menghilang.",Pelaku membuka pre order produk limited edition Banyak korban membayar di awal Saat waktu pengiriman tiba barang tidak pernah ada dan pelaku menghilang,pelaku membuka pre order produk limited edition banyak korban membayar di awal saat waktu pengiriman tiba barang tidak pernah ada dan pelaku menghilang,pelaku membuka pre order produk limited edition banyak korban membayar di awal saat waktu pengiriman tiba barang tidak pernah ada dan pelaku menghilang,"['pelaku', 'membuka', 'pre', 'order', 'produk', 'limited', 'edition', 'banyak', 'korban', 'membayar', 'di', 'awal', 'saat', 'waktu', 'pengiriman', 'tiba', 'barang', 'tidak', 'pernah', 'ada', 'dan', 'pelaku', 'menghilang']","['pelaku', 'membuka', 'pre', 'order', 'produk', 'limited', 'edition', 'korban', 'membayar', 'pengiriman', 'barang', 'pelaku', 'menghilang']","['pelaku', 'buka', 'pre', 'order', 'produk', 'limited', 'edition', 'korban', 'bayar', 'kirim', 'barang', 'pelaku', 'hilang']",pelaku buka pre order produk limited edition korban bayar kirim barang pelaku hilang
LP/B/164/XI/2025/Kalbar/Res/Mpw/Sek/Sui Pinyuh,29 November 2025,"Pelaku mengamati rumah korban yang sedang kosong, kemudian memanjat pagar belakang dan mengambil tabung gas dan sembako.",Pelaku mengamati rumah korban yang sedang kosong kemudian memanjat pagar belakang dan mengambil tabung gas dan sembako,pelaku mengamati rumah korban yang sedang kosong kemudian memanjat pagar belakang dan mengambil tabung gas dan sembako,pelaku mengamati rumah korban yang sedang kosong kemudian memanjat pagar belakang dan mengambil tabung gas dan sembako,"['pelaku', 'mengamati', 'rumah', 'korban', 'yang', 'sedang', 'kosong', 'kemudian', 'memanjat', 'pagar', 'belakang', 'dan', 'mengambil', 'tabung', 'gas', 'dan', 'sembako']","['pelaku', 'mengamati', 'rumah', 'korban', 'kosong', 'memanjat', 'pagar', 'mengambil', 'tabung', 'gas', 'sembako']","['pelaku', 'amat', 'rumah', 'korban', 'kosong', 'panjat', 'pagar', 'ambil', 'tabung', 'gas', 'sembako']",pelaku amat rumah korban kosong panjat pagar ambil tabung gas sembako
LP/B/166/XII/2025/Kalbar/Res/Mpw/Sek/Sui Pinyuh,3 Desember 2025,"Berdasarkan informasi warga, petugas melakukan penggerebekan di Jl. Raya Sungai Pinyuh, Desa/Kel. Sungai Bakau Besar Laut, Kec. Sungai Pinyuh dan mendapati pelaku sedang menimbang sabu ke dalam paket kecil.",Berdasarkan informasi warga petugas melakukan penggerebekan di Jl Raya Sungai Pinyuh Desa Kel Sungai Bakau Besar Laut Kec Sungai Pinyuh dan mendapati pelaku sedang menimbang sabu ke dalam paket kecil,berdasarkan informasi warga petugas melakukan penggerebekan di jl raya sungai pinyuh desa kel sungai bakau besar laut kec sungai pinyuh dan mendapati pelaku sedang menimbang sabu ke dalam paket kecil,berdasarkan informasi warga petugas melakukan penggerebekan di jalan raya sungai pinyuh desa keluarga sungai bakau besar laut kecamatan sungai pinyuh dan mendapati pelaku sedang menimbang sabu ke dalam paket kecil,"['berdasarkan', 'informasi', 'warga', 'petugas', 'melakukan', 'penggerebekan', 'di', 'jalan', 'raya', 'sungai', 'pinyuh', 'desa', 'keluarga', 'sungai', 'bakau', 'besar', 'laut', 'kecamatan', 'sungai', 'pinyuh', 'dan', 'mendapati', 'pelaku', 'sedang', 'menimbang', 'sabu', 'ke', 'dalam', 'paket', 'kecil']","['berdasarkan', 'informasi', 'warga', 'petugas', 'penggerebekan', 'jalan', 'raya', 'sungai', 'pinyuh', 'desa', 'keluarga', 'sungai', 'bakau', 'laut', 'kecamatan', 'sungai', 'pinyuh', 'mendapati', 'pelaku', 'menimbang', 'sabu', 'paket']","['dasar', 'informasi', 'warga', 'petugas', 'gerebek', 'jalan', 'raya', 'sungai', 'pinyuh', 'desa', 'keluarga', 'sungai', 'bakau', 'laut', 'camat', 'sungai', 'pinyuh', 'dapat', 'pelaku', 'timbang', 'sabu', 'paket']",dasar informasi warga petugas gerebek jalan raya sungai pinyuh desa keluarga sungai bakau laut camat sungai pinyuh dapat pelaku timbang sabu paket
LP/B/168/XII/2025/Kalbar/Res/Mpw/Sek/Sui Pinyuh,6 Desember 2025,"Pelaku mengamati rumah korban yang sedang kosong, kemudian membobol atap rumah dan mengambil dompet dan HP.",Pelaku mengamati rumah korban yang sedang kosong kemudian membobol atap rumah dan mengambil dompet dan HP,pelaku mengamati rumah korban yang sedang kosong kemudian membobol atap rumah dan mengambil dompet dan hp,pelaku mengamati rumah korban yang sedang kosong kemudian membobol atap rumah dan mengambil dompet dan handphone,"['pelaku', 'mengamati', 'rumah', 'korban', 'yang', 'sedang', 'kosong', 'kemudian', 'membobol', 'atap', 'rumah', 'dan', 'mengambil', 'dompet', 'dan', 'handphone']","['pelaku', 'mengamati', 'rumah', 'korban', 'kosong', 'membobol', 'atap', 'rumah', 'mengambil', 'dompet', 'handphone']","['pelaku', 'amat', 'rumah', 'korban', 'kosong', 'bobol', 'atap', 'rumah', 'ambil', 'dompet', 'handphone']",pelaku amat rumah korban kosong bobol atap rumah ambil dompet handphone
LP/B/172/XII/2025/Kalbar/Res/Mpw/Sek/Sui Pinyuh,9 Desember 2025,"Pelaku merusak kunci stang motor menggunakan kunci T saat motor diparkir di Gg. Mawar, Desa/Kel. Nusapati, Kec. Sungai Pinyuh, lalu membawanya kabur.",Pelaku merusak kunci stang motor menggunakan kunci T saat motor diparkir di Gg Mawar Desa Kel Nusapati Kec Sungai Pinyuh lalu membawanya kabur,pelaku merusak kunci stang motor menggunakan kunci t saat motor diparkir di gg mawar desa kel nusapati kec sungai pinyuh lalu membawanya kabur,pelaku merusak kunci stang motor menggunakan kunci t saat motor diparkir di gang mawar desa keluarga nusapati kecamatan sungai pinyuh lalu membawanya kabur,"['pelaku', 'merusak', 'kunci', 'stang', 'motor', 'menggunakan', 'kunci', 't', 'saat', 'motor', 'diparkir', 'di', 'gang', 'mawar', 'desa', 'keluarga', 'nusapati', 'kecamatan', 'sungai', 'pinyuh', 'lalu', 'membawanya', 'kabur']","['pelaku', 'merusak', 'kunci', 'stang', 'motor', 'kunci', 'motor', 'diparkir', 'gang', 'mawar', 'desa', 'keluarga', 'nusapati', 'kecamatan', 'sungai', 'pinyuh', 'membawanya', 'kabur']","['pelaku', 'rusak', 'kunci', 'stang', 'motor', 'kunci', 'motor', 'parkir', 'gang', 'mawar', 'desa', 'keluarga', 'nusapati', 'camat', 'sungai', 'pinyuh', 'bawa', 'kabur']",pelaku rusak kunci stang motor kunci motor parkir gang mawar desa keluarga nusapati camat sungai pinyuh bawa kabur
LP/B/173/XII/2025/Kalbar/Res/Mpw/Sek/Sui Pinyuh,9 Desember 2025,"Pelaku masuk ke dalam rumah dengan cara merusak gembok, kemudian mengambil perhiasan emas seberat 15 gram.",Pelaku masuk ke dalam rumah dengan cara merusak gembok kemudian mengambil perhiasan emas seberat gram,pelaku masuk ke dalam rumah dengan cara merusak gembok kemudian mengambil perhiasan emas seberat gram,pelaku masuk ke dalam rumah dengan cara merusak gembok kemudian mengambil perhiasan emas seberat gram,"['pelaku', 'masuk', 'ke', 'dalam', 'rumah', 'dengan', 'cara', 'merusak', 'gembok', 'kemudian', 'mengambil', 'perhiasan', 'emas', 'seberat', 'gram']","['pelaku', 'masuk', 'rumah', 'merusak', 'gembok', 'mengambil', 'perhiasan', 'emas', 'seberat', 'gram']","['pelaku', 'masuk', 'rumah', 'rusak', 'gembok', 'ambil', 'hias', 'emas', 'berat', 'gram']",pelaku masuk rumah rusak gembok ambil hias emas berat gram
LP/B/175/XII/2025/Kalbar/Res/Mpw/Sek/Sui Pinyuh,10 Desember 2025,Pelaku merusak properti milik korban di dalam rumah dengan cara menghancurkan perabotan karena emosi yang tidak terkendali.,Pelaku merusak properti milik korban di dalam rumah dengan cara menghancurkan perabotan karena emosi yang tidak terkendali,pelaku merusak properti milik korban di dalam rumah dengan cara menghancurkan perabotan karena emosi yang tidak terkendali,pelaku merusak properti milik korban di dalam rumah dengan cara menghancurkan perabotan karena emosi yang tidak terkendali,"['pelaku', 'merusak', 'properti', 'milik', 'korban', 'di', 'dalam', 'rumah', 'dengan', 'cara', 'menghancurkan', 'perabotan', 'karena', 'emosi', 'yang', 'tidak', 'terkendali']","['pelaku', 'merusak', 'properti', 'milik', 'korban', 'rumah', 'menghancurkan', 'perabotan', 'emosi', 'terkendali']","['pelaku', 'rusak', 'properti', 'milik', 'korban', 'rumah', 'hancur', 'perabot', 'emosi', 'kendali']",pelaku rusak properti milik korban rumah hancur perabot emosi kendali
LP/B/177/XII/2025/Kalbar/Res/Mpw/Sek/Sui Pinyuh,11 Desember 2025,"Pelaku mengamati rumah korban yang sedang kosong, kemudian membobol atap rumah dan mengambil barang berharga tersebut.",Pelaku mengamati rumah korban yang sedang kosong kemudian membobol atap rumah dan mengambil barang berharga tersebut,pelaku mengamati rumah korban yang sedang kosong kemudian membobol atap rumah dan mengambil barang berharga tersebut,pelaku mengamati rumah korban yang sedang kosong kemudian membobol atap rumah dan mengambil barang berharga tersebut,"['pelaku', 'mengamati', 'rumah', 'korban', 'yang', 'sedang', 'kosong', 'kemudian', 'membobol', 'atap', 'rumah', 'dan', 'mengambil', 'barang', 'berharga', 'tersebut']","['pelaku', 'mengamati', 'rumah', 'korban', 'kosong', 'membobol', 'atap', 'rumah', 'mengambil', 'barang', 'berharga']","['pelaku', 'amat', 'rumah', 'korban', 'kosong', 'bobol', 'atap', 'rumah', 'ambil', 'barang', 'harga']",pelaku amat rumah korban kosong bobol atap rumah ambil barang harga
LP/B/183/XII/2025/Kalbar/Res/Mpw/Sek/Sui Pinyuh,21 Desember 2025,"Pelaku melihat 1 unit Laptop ASUS yang diletakkan korban di Jl. Budi Utomo, Desa/Kel. Sungai Bakau Besar Darat, Kec. Sungai Pinyuh, kemudian dengan cepat mengambil barang berharga tersebut.",Pelaku melihat unit Laptop ASUS yang diletakkan korban di Jl Budi Utomo Desa Kel Sungai Bakau Besar Darat Kec Sungai Pinyuh kemudian dengan cepat mengambil barang berharga tersebut,pelaku melihat unit laptop asus yang diletakkan korban di jl budi utomo desa kel sungai bakau besar darat kec sungai pinyuh kemudian dengan cepat mengambil barang berharga tersebut,pelaku melihat unit laptop asus yang diletakkan korban di jalan budi utomo desa keluarga sungai bakau besar darat kecamatan sungai pinyuh kemudian dengan cepat mengambil barang berharga tersebut,"['pelaku', 'melihat', 'unit', 'laptop', 'asus', 'yang', 'diletakkan', 'korban', 'di', 'jalan', 'budi', 'utomo', 'desa', 'keluarga', 'sungai', 'bakau', 'besar', 'darat', 'kecamatan', 'sungai', 'pinyuh', 'kemudian', 'dengan', 'cepat', 'mengambil', 'barang', 'berharga', 'tersebut']","['pelaku', 'unit', 'laptop', 'asus', 'diletakkan', 'korban', 'jalan', 'budi', 'utomo', 'desa', 'keluarga', 'sungai', 'bakau', 'darat', 'kecamatan', 'sungai', 'pinyuh', 'cepat', 'mengambil', 'barang', 'berharga']","['pelaku', 'unit', 'laptop', 'asus', 'letak', 'korban', 'jalan', 'budi', 'utomo', 'desa', 'keluarga', 'sungai', 'bakau', 'darat', 'camat', 'sungai', 'pinyuh', 'cepat', 'ambil', 'barang', 'harga']",pelaku unit laptop asus letak korban jalan budi utomo desa keluarga sungai bakau darat camat sungai pinyuh cepat ambil barang harga
LP/B/184/XII/2025/Kalbar/Res/Mpw/Sek/Sui Pinyuh,21 Desember 2025,Masalah kecil terkait sampah memicu pertengkaran. Pelaku memukul korban menggunakan sapu yang dipegangnya.,Masalah kecil terkait sampah memicu pertengkaran Pelaku memukul korban menggunakan sapu yang dipegangnya,masalah kecil terkait sampah memicu pertengkaran pelaku memukul korban menggunakan sapu yang dipegangnya,masalah kecil terkait sampah memicu pertengkaran pelaku memukul korban menggunakan sapu yang dipegangnya,"['masalah', 'kecil', 'terkait', 'sampah', 'memicu', 'pertengkaran', 'pelaku', 'memukul', 'korban', 'menggunakan', 'sapu', 'yang', 'dipegangnya']","['terkait', 'sampah', 'memicu', 'pertengkaran', 'pelaku', 'memukul', 'korban', 'sapu', 'dipegangnya']","['kait', 'sampah', 'picu', 'tengkar', 'pelaku', 'pukul', 'korban', 'sapu', 'pegang']",kait sampah picu tengkar pelaku pukul korban sapu pegang
LP/B/187/XII/2025/Kalbar/Res/Mpw/Sek/Sui Pinyuh,28 Desember 2025,"Pelaku melihat 1 unit Laptop ASUS yang diletakkan korban di Jl. Jurusan Pontianak RT 15/RW 02, Sungai Batang, Kec. Sungai Pinyuh, Kab. Mempawah, kemudian dengan cepat membawa lari motor korban.",Pelaku melihat unit Laptop ASUS yang diletakkan korban di Jl Jurusan Pontianak RT RW Sungai Batang Kec Sungai Pinyuh Kab Mempawah kemudian dengan cepat membawa lari motor korban,pelaku melihat unit laptop asus yang diletakkan korban di jl jurusan pontianak rt rw sungai batang kec sungai pinyuh kab mempawah kemudian dengan cepat membawa lari motor korban,pelaku melihat unit laptop asus yang diletakkan korban di jalan jurusan pontianak rukun tetangga rukun warga sungai batang kecamatan sungai pinyuh kabupaten mempawah kemudian dengan cepat membawa lari motor korban,"['pelaku', 'melihat', 'unit', 'laptop', 'asus', 'yang', 'diletakkan', 'korban', 'di', 'jalan', 'jurusan', 'pontianak', 'rukun', 'tetangga', 'rukun', 'warga', 'sungai', 'batang', 'kecamatan', 'sungai', 'pinyuh', 'kabupaten', 'mempawah', 'kemudian', 'dengan', 'cepat', 'membawa', 'lari', 'motor', 'korban']","['pelaku', 'unit', 'laptop', 'asus', 'diletakkan', 'korban', 'jalan', 'jurusan', 'pontianak', 'rukun', 'tetangga', 'rukun', 'warga', 'sungai', 'batang', 'kecamatan', 'sungai', 'pinyuh', 'kabupaten', 'mempawah', 'cepat', 'membawa', 'lari', 'motor', 'korban']","['pelaku', 'unit', 'laptop', 'asus', 'letak', 'korban', 'jalan', 'jurus', 'pontianak', 'rukun', 'tetangga', 'rukun', 'warga', 'sungai', 'batang', 'camat', 'sungai', 'pinyuh', 'kabupaten', 'mempawah', 'cepat', 'bawa', 'lari', 'motor', 'korban']",pelaku unit laptop asus letak korban jalan jurus pontianak rukun tetangga rukun warga sungai batang camat sungai pinyuh kabupaten mempawah cepat bawa lari motor korban
LP/B/188/XII/2025/Kalbar/Res/Mpw/Sek/Sui Pinyuh,31 Desember 2025," Tersangka merasa terganggu dan tidak bisa tidur selama berbulan-bulan akibat suara gemericik air dari filter kolam ikan Koi milik tetangganya yang menyala 24 jam. Setelah mediasi dengant RT tapi gagal, tersangka memanjat tembok pembatas rumah setinggi 2 meter pada pukul 02.00 pagi. Tersangka membawa satu ember kecil berisi campuran pestisida cair dan oli bekas. Tersangka menuangkan campuran beracun tersebut ke dalam sistem filter kolam korban. Akibatnya, keesokan paginya sebanyak 15 ekor ikan Koi impor milik korban mati keracunan dan sistem filter hancur tertutup lumpur oli.",Tersangka merasa terganggu dan tidak bisa tidur selama berbulan bulan akibat suara gemericik air dari filter kolam ikan Koi milik tetangganya yang menyala jam Setelah mediasi dengant RT tapi gagal tersangka memanjat tembok pembatas rumah setinggi meter pada pukul pagi Tersangka membawa satu ember kecil berisi campuran pestisida cair dan oli bekas Tersangka menuangkan campuran beracun tersebut ke dalam sistem filter kolam korban Akibatnya keesokan paginya sebanyak ekor ikan Koi impor milik korban mati keracunan dan sistem filter hancur tertutup lumpur oli,tersangka merasa terganggu dan tidak bisa tidur selama berbulan bulan akibat suara gemericik air dari filter kolam ikan koi milik tetangganya yang menyala jam setelah mediasi dengant rt tapi gagal tersangka memanjat tembok pembatas rumah setinggi meter pada pukul pagi tersangka membawa satu ember kecil berisi campuran pestisida cair dan oli bekas tersangka menuangkan campuran beracun tersebut ke dalam sistem filter kolam korban akibatnya keesokan paginya sebanyak ekor ikan koi impor milik korban mati keracunan dan sistem filter hancur tertutup lumpur oli,tersangka merasa terganggu dan tidak bisa tidur selama berbulan bulan akibat suara gemericik air dari filter kolam ikan koi milik tetangganya yang menyala jam setelah mediasi dengant rukun tetangga tapi gagal tersangka memanjat tembok pembatas rumah setinggi meter pada pukul pagi tersangka membawa satu ember kecil berisi campuran pestisida cair dan oli bekas tersangka menuangkan campuran beracun tersebut ke dalam sistem filter kolam korban akibatnya keesokan paginya sebanyak ekor ikan koi impor milik korban mati keracunan dan sistem filter hancur tertutup lumpur oli,"['tersangka', 'merasa', 'terganggu', 'dan', 'tidak', 'bisa', 'tidur', 'selama', 'berbulan', 'bulan', 'akibat', 'suara', 'gemericik', 'air', 'dari', 'filter', 'kolam', 'ikan', 'koi', 'milik', 'tetangganya', 'yang', 'menyala', 'jam', 'setelah', 'mediasi', 'dengant', 'rukun', 'tetangga', 'tapi', 'gagal', 'tersangka', 'memanjat', 'tembok', 'pembatas', 'rumah', 'setinggi', 'meter', 'pada', 'pukul', 'pagi', 'tersangka', 'membawa', 'satu', 'ember', 'kecil', 'berisi', 'campuran', 'pestisida', 'cair', 'dan', 'oli', 'bekas', 'tersangka', 'menuangkan', 'campuran', 'beracun', 'tersebut', 'ke', 'dalam', 'sistem', 'filter', 'kolam', 'korban', 'akibatnya', 'keesokan', 'paginya', 'sebanyak', 'ekor', 'ikan', 'koi', 'impor', 'milik', 'korban', 'mati', 'keracunan', 'dan', 'sistem', 'filter', 'hancur', 'tertutup', 'lumpur', 'oli']","['tersangka', 'terganggu', 'tidur', 'berbulan', 'akibat', 'suara', 'gemericik', 'air', 'filter', 'kolam', 'ikan', 'koi', 'milik', 'tetangganya', 'menyala', 'jam', 'mediasi', 'dengant', 'rukun', 'tetangga', 'gagal', 'tersangka', 'memanjat', 'tembok', 'pembatas', 'rumah', 'meter', 'pagi', 'tersangka', 'membawa', 'ember', 'berisi', 'campuran', 'pestisida', 'cair', 'oli', 'bekas', 'tersangka', 'menuangkan', 'campuran', 'beracun', 'sistem', 'filter', 'kolam', 'korban', 'akibatnya', 'keesokan', 'paginya', 'ekor', 'ikan', 'koi', 'impor', 'milik', 'korban', 'mati', 'keracunan', 'sistem', 'filter', 'hancur', 'tertutup', 'lumpur', 'oli']","['tersangka', 'ganggu', 'tidur', 'bulan', 'akibat', 'suara', 'gemericik', 'air', 'filter', 'kolam', 'ikan', 'koi', 'milik', 'tetangga', 'nyala', 'jam', 'mediasi', 'dengant', 'rukun', 'tetangga', 'gagal', 'tersangka', 'panjat', 'tembok', 'batas', 'rumah', 'meter', 'pagi', 'tersangka', 'bawa', 'ember', 'isi', 'campur', 'pestisida', 'cair', 'oli', 'bekas', 'tersangka', 'tuang', 'campur', 'racun', 'sistem', 'filter', 'kolam', 'korban', 'akibat', 'esok', 'pagi', 'ekor', 'ikan', 'koi', 'impor', 'milik', 'korban', 'mati', 'racun', 'sistem', 'filter', 'hancur', 'tutup', 'lumpur', 'oli']",tersangka ganggu tidur bulan akibat suara gemericik air filter kolam ikan koi milik tetangga nyala jam mediasi dengant rukun tetangga gagal tersangka panjat tembok batas rumah meter pagi tersangka bawa ember isi campur pestisida cair oli bekas tersangka tuang campur racun sistem filter kolam korban akibat esok pagi ekor ikan koi impor milik korban mati racun sistem filter hancur tutup lumpur oli
